lat,long,population_res1000_mean_3x3
40.78876333,-73.971665,17731.759334056995
40.788875,-73.97192833,17731.759334056995
40.78908,-73.96708,17731.759334056995
40.78908167,-73.97255,17731.759334056995
40.78795333,-73.96969667,17731.759334056995
40.78418333,-73.97021167,17731.759334056995
40.78470833,-73.96975167,17731.759334056995
40.78886333,-73.96676667,17731.759334056995
40.788585,-73.97130333,17731.759334056995
40.78418333,-73.966635,17731.759334056995
40.78182667,-73.98672167,13740.040482153854
40.81512333,-73.95032333,18665.270306012662
40.76774167,-73.98230833,14723.173331241302
40.78370667,-73.96508333,18019.134331612386
40.77094667,-73.97968333,14723.173331241302
40.79593833,-73.95570333,18342.27004001032
40.78512667,-73.97289167,17731.759334056995
40.78309833,-73.95583833,19825.4951503995
40.781915,-73.96325,19859.144041771982
40.777375,-73.94459,20823.37529641574
40.78476,-73.97195,17731.759334056995
40.781725,-73.94579667,20823.37529641574
40.78740333,-73.98071167,17282.318262276454
40.758905,-73.96015833,17699.194369183213
40.78264333,-73.98460333,13740.040482153854
40.79036333,-73.97688333,17282.318262276454
40.81563833,-73.94998833,18665.270306012662
40.77889,-73.94784,20823.37529641574
40.78934667,-73.973275,17731.759334056995
40.79867333,-73.95970667,19433.900717988425
40.78009,-73.94704833,20823.37529641574
40.76795333,-73.982415,14723.173331241302
40.78694667,-73.97984667,17282.318262276454
40.78111,-73.98738167,13740.040482153854
40.789975,-73.97607667,17282.318262276454
40.79138333,-73.96195667,19433.900717988425
40.78667,-73.97963,17282.318262276454
40.78251333,-73.95438833,23715.85494794722
40.79177333,-73.96295833,19433.900717988425
40.790355,-73.941705,19844.130052114982
40.78309667,-73.98581667,10594.251807591329
40.79022,-73.96991,17731.759334056995
40.79833667,-73.95996333,19433.900717988425
40.76804,-73.98242,14723.173331241302
40.77158667,-73.97728333,14723.173331241302
40.77291833,-73.94637333,17214.7850528628
40.79016,-73.96973667,17731.759334056995
40.796185,-73.95559167,18342.27004001032
40.75887667,-73.96010333,17699.194369183213
40.78978167,-73.97565,17282.318262276454
40.79883167,-73.95958667,19433.900717988425
40.81433333,-73.95093167,18665.270306012662
40.76942167,-73.98085833,14723.173331241302
40.78273833,-73.96359333,19859.144041771982
40.78117,-73.96236,19859.144041771982
40.76812833,-73.98243167,14723.173331241302
40.78737833,-73.98065667,17282.318262276454
40.79151333,-73.96223833,19433.900717988425
40.784905,-73.97228167,17731.759334056995
40.78302333,-73.984475,10594.251807591329
40.78964,-73.97515667,17282.318262276454
40.78093667,-73.96217833,19859.144041771982
40.7896,-73.95764833,19825.4951503995
40.84138833,-73.89286,16717.246617298893
40.78989667,-73.95836333,18019.134331612386
40.79522,-73.93310667,13055.695563681547
40.80721667,-73.898815,2791.328997770945
40.78651667,-73.975995,17282.318262276454
40.78789333,-73.98061167,17282.318262276454
40.807085,-73.96706333,13087.850658943373
40.79345333,-73.96702333,17504.968032769673
40.77439333,-73.98249667,14723.173331241302
40.79726333,-73.95459,18342.27004001032
40.79543,-73.93384167,13055.695563681547
40.78633833,-73.97887167,17282.318262276454
40.78922667,-73.98053,17282.318262276454
40.79635667,-73.9723,17504.968032769673
40.785675,-73.98471,10594.251807591329
40.77546,-73.98227833,16762.711142355212
40.78637333,-73.94239,19844.130052114982
40.78618,-73.97824333,17282.318262276454
40.78652667,-73.97923667,17282.318262276454
40.79070667,-73.977965,17282.318262276454
40.78925667,-73.973785,17731.759334056995
40.79981333,-73.95881833,17850.543630403066
40.76774,-73.98191,14723.173331241302
40.78785167,-73.98061833,17282.318262276454
40.84360667,-73.92448833,20636.939075957875
40.80784333,-73.89894667,2791.328997770945
40.768135,-73.95300667,23158.42684434279
40.79106833,-73.956465,19825.4951503995
40.78053667,-73.94668333,20823.37529641574
40.795475,-73.955205,18342.27004001032
40.79209333,-73.97388833,17504.968032769673
40.78605333,-73.95322833,19825.4951503995
40.78691833,-73.97746833,17282.318262276454
40.79670167,-73.93201,6619.165450332515
40.77552167,-73.982295,16762.711142355212
40.77540667,-73.94437,20823.37529641574
40.79201333,-73.97374167,17504.968032769673
40.78166,-73.94584167,20823.37529641574
40.78687833,-73.97750833,17282.318262276454
40.77422333,-73.98251167,14723.173331241302
40.80458667,-73.95585,18915.636551891912
40.84209167,-73.89406167,16717.246617298893
40.776545,-73.94356667,20823.37529641574
40.79146333,-73.97264167,17504.968032769673
40.78903,-73.980605,17282.318262276454
40.78774167,-73.95382833,19825.4951503995
40.75905833,-73.96049833,17699.194369183213
40.79043,-73.94182667,19844.130052114982
40.78324167,-73.95644,19825.4951503995
40.75906667,-73.95949,17699.194369183213
40.79417333,-73.97020667,17504.968032769673
40.81011333,-73.89813167,7417.965198813397
40.77857833,-73.94727833,20823.37529641574
40.78666,-73.97653167,17282.318262276454
40.78367667,-73.98390167,10594.251807591329
40.80542167,-73.899475,2791.328997770945
40.79101833,-73.95653167,19825.4951503995
40.77597333,-73.94396667,20823.37529641574
40.78499833,-73.98472333,10594.251807591329
40.77330833,-73.94893667,17214.7850528628
40.78573,-73.98470667,10594.251807591329
40.75916167,-73.96068667,17699.194369183213
40.79774,-73.951185,18342.27004001032
40.797615,-73.95443833,18342.27004001032
40.76783,-73.97065667,14469.712319208982
40.783335,-73.95697833,19825.4951503995
40.78617833,-73.95362833,19825.4951503995
40.79653667,-73.93213833,6619.165450332515
40.79676667,-73.95492333,18342.27004001032
40.82287167,-73.887255,10353.557894676913
40.79073667,-73.95680833,19825.4951503995
40.84343167,-73.92461167,20675.08435829652
40.80613167,-73.902365,4032.674647404071
40.81362667,-73.89948167,7417.965198813397
40.78071167,-73.9465,20823.37529641574
40.805955,-73.947145,17985.998937334356
40.80953,-73.95983667,14450.37315986823
40.79690667,-73.95479667,18342.27004001032
40.78186167,-73.945695,20823.37529641574
40.791,-73.971625,17731.759334056995
40.7908,-73.97831833,17282.318262276454
40.79080333,-73.97892167,17282.318262276454
40.8226,-73.88750833,10353.557894676913
40.78434667,-73.983185,10594.251807591329
40.7966,-73.97217667,17504.968032769673
40.78591667,-73.94266,19844.130052114982
40.77342667,-73.94932167,17214.7850528628
40.77396333,-73.98251167,14723.173331241302
40.77660833,-73.94351667,20823.37529641574
40.79038833,-73.95702833,19825.4951503995
40.806175,-73.96737333,13087.850658943373
40.78188,-73.95818167,19859.144041771982
40.816245,-73.94980333,18665.270306012662
40.83678667,-73.91806833,19335.091735914928
40.77375833,-73.95192833,23158.42684434279
40.79000333,-73.95868167,18019.134331612386
40.773365,-73.96004167,20181.29000235572
40.806685,-73.89871333,2791.328997770945
40.843095,-73.92465667,20675.08435829652
40.76888333,-73.98121,14723.173331241302
40.78656667,-73.954495,19825.4951503995
40.77355667,-73.95993833,20181.29000235572
40.790915,-73.97859167,17282.318262276454
40.76849333,-73.95254167,23158.42684434279
40.79723333,-73.97175333,17504.968032769673
40.79215333,-73.96372167,19433.900717988425
40.78659167,-73.95286,19825.4951503995
40.75933833,-73.961075,17699.194369183213
40.79645333,-73.97226167,17504.968032769673
40.80002167,-73.96766833,13087.850658943373
40.79414667,-73.949095,18441.5050639179
40.797535,-73.96059167,19433.900717988425
40.795155,-73.93322,13055.695563681547
40.78681,-73.94806167,19844.130052114982
40.81350667,-73.899135,7417.965198813397
40.84315667,-73.90962667,22337.117285109045
40.76121,-73.95757833,16592.628469271058
40.83735333,-73.91770833,19335.091735914928
40.77075833,-73.98724667,15467.866666286256
40.80615167,-73.87953667,1488.316998010026
40.765805,-73.97206,13496.867722942949
40.83370667,-73.9024,16927.546059025106
40.79562833,-73.95461833,18342.27004001032
40.811215,-73.90329667,9193.64662319408
40.79555833,-73.93413833,13055.695563681547
40.81547667,-73.90040833,9193.64662319408
40.80417,-73.95488,18915.636551891912
40.84413333,-73.92372,20636.939075957875
40.80892667,-73.895605,7417.965198813397
40.7693,-73.95195833,23158.42684434279
40.84142667,-73.92564667,20675.08435829652
40.79075333,-73.942635,19844.130052114982
40.83194167,-73.92131667,17501.133100655956
40.77091833,-73.98715333,15467.866666286256
40.81051333,-73.89874,7417.965198813397
40.81975,-73.897585,12394.61485990477
40.843665,-73.90627,19238.480739696708
40.767875,-73.970495,14469.712319208982
40.79014833,-73.941085,12876.443431447851
40.79409667,-73.97013333,17504.968032769673
40.80541333,-73.88117167,1488.316998010026
40.84028333,-73.91002833,21591.774548428475
40.80749333,-73.88944167,1679.4935434865365
40.75951,-73.95901667,17699.194369183213
40.817495,-73.90356167,13860.693273111488
40.807605,-73.96688667,13087.850658943373
40.786255,-73.97541167,17282.318262276454
40.835245,-73.912915,21591.774548428475
40.81892,-73.89614833,12394.61485990477
40.78149167,-73.95433333,23715.85494794722
40.84229167,-73.92512667,20675.08435829652
40.80517667,-73.90222167,4032.674647404071
40.83730333,-73.917745,19335.091735914928
40.76218833,-73.95701833,16592.628469271058
40.83208833,-73.91789333,17501.133100655956
40.76223,-73.956985,16592.628469271058
40.75945667,-73.96148333,17699.194369183213
40.84112667,-73.90956,21591.774548428475
40.7854,-73.94763167,19844.130052114982
40.765855,-73.97201333,13496.867722942949
40.76086,-73.95799667,17699.194369183213
40.76041333,-73.96383333,17699.194369183213
40.80545833,-73.88087333,1488.316998010026
40.782095,-73.98283833,16762.711142355212
40.785155,-73.94646,19844.130052114982
40.84341,-73.90953333,22337.117285109045
40.793605,-73.969145,17504.968032769673
40.79004833,-73.94900333,19844.130052114982
40.80547333,-73.95807667,17850.543630403066
40.780215,-73.98504833,13740.040482153854
40.84277667,-73.89324667,16717.246617298893
40.786845,-73.95255667,19825.4951503995
40.79237667,-73.95508,18342.27004001032
40.841025,-73.92208333,19335.091735914928
40.842125,-73.892235,16717.246617298893
40.80855,-73.88972167,4662.6082434621
40.75958833,-73.958945,17699.194369183213
40.76490833,-73.96860667,13496.867722942949
40.81226,-73.95697833,18665.270306012662
40.76693167,-73.971345,14469.712319208982
40.82323333,-73.88797,10353.557894676913
40.79340167,-73.97463167,12914.684106823286
40.785135,-73.946495,19844.130052114982
40.79158,-73.95584,18342.27004001032
40.84419667,-73.91757833,20636.939075957875
40.81484833,-73.90011833,9193.64662319408
40.76595333,-73.97195667,13496.867722942949
40.767035,-73.97126833,14469.712319208982
40.7991,-73.93475833,13055.695563681547
40.76495667,-73.96877667,13496.867722942949
40.79514333,-73.94826333,18441.5050639179
40.79778667,-73.971365,17504.968032769673
40.79191833,-73.95539167,18342.27004001032
40.7742,-73.95947,20181.29000235572
40.772585,-73.96063833,20181.29000235572
40.80943333,-73.903525,9193.64662319408
40.76733,-73.971035,14469.712319208982
40.80945167,-73.90302833,9193.64662319408
40.78214667,-73.957995,19859.144041771982
40.79019833,-73.949355,19844.130052114982
40.81173833,-73.95730833,18665.270306012662
40.77413167,-73.95949333,20181.29000235572
40.79134,-73.97253333,17504.968032769673
40.76757167,-73.970795,14469.712319208982
40.80805833,-73.964165,14450.37315986823
40.774125,-73.952775,23158.42684434279
40.800805,-73.96780333,13087.850658943373
40.77790333,-73.94580833,20823.37529641574
40.77318667,-73.960155,20181.29000235572
40.77407667,-73.95950833,20181.29000235572
40.842745,-73.90968333,22337.117285109045
40.80889833,-73.89594667,7417.965198813397
40.79741333,-73.93151,6619.165450332515
40.797755,-73.96144,19433.900717988425
40.79770167,-73.95109333,18342.27004001032
40.79168167,-73.95569667,18342.27004001032
40.80831,-73.96358167,14450.37315986823
40.84411,-73.91739333,20636.939075957875
40.79453667,-73.96988833,17504.968032769673
40.80643333,-73.879635,1488.316998010026
40.79355167,-73.96904,17504.968032769673
40.775965,-73.983515,13740.040482153854
40.84416833,-73.91753833,20636.939075957875
40.76125333,-73.95755667,16592.628469271058
40.78030667,-73.98553167,13740.040482153854
40.78470667,-73.94354333,19844.130052114982
40.84131333,-73.92570833,20675.08435829652
40.78652,-73.97783167,17282.318262276454
40.80602167,-73.95793167,17850.543630403066
40.765515,-73.972215,13496.867722942949
40.79043667,-73.97948333,17282.318262276454
40.84361667,-73.90565167,19238.480739696708
40.81940667,-73.89642,12394.61485990477
40.76878333,-73.972105,14469.712319208982
40.84403833,-73.92396833,20636.939075957875
40.76729167,-73.97109,14469.712319208982
40.80930667,-73.90371167,9193.64662319408
40.81096833,-73.95429833,18665.270306012662
40.83376333,-73.90236333,16927.546059025106
40.84268,-73.89312667,16717.246617298893
40.81085833,-73.95801667,14450.37315986823
40.806325,-73.94812,17985.998937334356
40.80256,-73.90793333,6855.007537295731
40.77346333,-73.94937833,17214.7850528628
40.78015333,-73.98492333,13740.040482153854
40.794275,-73.970135,17504.968032769673
40.809025,-73.89464833,7417.965198813397
40.81426333,-73.899735,9193.64662319408
40.809555,-73.90311167,9193.64662319408
40.809115,-73.96292,14450.37315986823
40.78233333,-73.95783,23715.85494794722
40.806415,-73.88759333,1679.4935434865365
40.80860333,-73.96336167,14450.37315986823
40.81740667,-73.95013333,14853.434187498691
40.79564833,-73.954585,18342.27004001032
40.817455,-73.903075,13860.693273111488
40.79130833,-73.95623667,18342.27004001032
40.84535833,-73.91732667,20636.939075957875
40.84362,-73.90507833,19238.480739696708
40.77346667,-73.951195,23158.42684434279
40.81729167,-73.90236167,13860.693273111488
40.80168167,-73.96040833,17850.543630403066
40.78727667,-73.944875,19844.130052114982
40.77126667,-73.98692,15467.866666286256
40.78649167,-73.94251333,19844.130052114982
40.79031333,-73.95009667,19825.4951503995
40.804875,-73.884795,1679.4935434865365
40.82247167,-73.95473333,14853.434187498691
40.78921333,-73.947025,19844.130052114982
40.78557667,-73.94809667,19844.130052114982
40.80473,-73.95631167,18915.636551891912
40.81544167,-73.906315,9193.64662319408
40.84464833,-73.906095,19238.480739696708
40.76914833,-73.98854333,15467.866666286256
40.82298167,-73.95643167,14853.434187498691
40.799075,-73.96454833,19433.900717988425
40.77375167,-73.95014667,23158.42684434279
40.83540667,-73.90134833,16927.546059025106
40.80789833,-73.89738667,2791.328997770945
40.845115,-73.91745,20636.939075957875
40.80801667,-73.904615,9193.64662319408
40.827285,-73.91316,20218.15827142502
40.83562167,-73.914005,21591.774548428475
40.82942333,-73.91233667,20218.15827142502
40.79915667,-73.96472333,19433.900717988425
40.82940167,-73.91226833,20218.15827142502
40.83290167,-73.91735333,17501.133100655956
40.81755667,-73.953495,14853.434187498691
40.82632333,-73.90972167,20218.15827142502
40.77681833,-73.95696333,23715.85494794722
40.80412167,-73.91689667,6740.5069561321325
40.84391667,-73.894685,16717.246617298893
40.83496167,-73.91581333,21591.774548428475
40.82145833,-73.89158833,12394.61485990477
40.83334167,-73.91717,19335.091735914928
40.79961667,-73.93579667,13758.575048541485
40.82669667,-73.909525,20218.15827142502
40.826975,-73.925235,16717.847236544494
40.81751,-73.90352,13860.693273111488
40.83936333,-73.91058667,21591.774548428475
40.82338833,-73.92255,13892.540178812442
40.818075,-73.95286,14853.434187498691
40.84474833,-73.9122,22337.117285109045
40.81188,-73.903805,9193.64662319408
40.83529333,-73.92686333,18756.74118154106
40.843765,-73.90882667,22337.117285109045
40.77586333,-73.99138833,7262.056139968614
40.80243333,-73.962415,17850.543630403066
40.84425667,-73.893215,16717.246617298893
40.81923333,-73.89811667,12394.61485990477
40.84407833,-73.89667833,16717.246617298893
40.84127,-73.92572833,20675.08435829652
40.84387167,-73.89257667,16717.246617298893
40.774705,-73.95827667,19859.144041771982
40.80229333,-73.93841,13758.575048541485
40.79930667,-73.96528333,19433.900717988425
40.79698333,-73.94929167,18441.5050639179
40.81553333,-73.88392667,4662.6082434621
40.83639,-73.89794333,13580.437326178966
40.80842,-73.896715,7417.965198813397
40.76938833,-73.98891833,15467.866666286256
40.808115,-73.90439333,9193.64662319408
40.83536667,-73.91538833,21591.774548428475
40.766505,-73.97155833,14469.712319208982
40.77345667,-73.95496167,23158.42684434279
40.79310667,-73.94806667,18441.5050639179
40.79474167,-73.97364167,17504.968032769673
40.80499,-73.95694833,18915.636551891912
40.81585833,-73.90419833,9193.64662319408
40.83408,-73.92742833,18756.74118154106
40.844005,-73.91715167,20636.939075957875
40.82223833,-73.957195,14853.434187498691
40.8415,-73.90078,19238.480739696708
40.80716333,-73.95710667,18915.636551891912
40.77551333,-73.95403167,23715.85494794722
40.80406833,-73.91676667,6740.5069561321325
40.81758333,-73.89541,12394.61485990477
40.80907833,-73.894235,7417.965198813397
40.80835167,-73.90390667,9193.64662319408
40.81734,-73.89524667,12394.61485990477
40.78876833,-73.95109833,19825.4951503995
40.82153167,-73.891595,12394.61485990477
40.801385,-73.95975,17850.543630403066
40.80167,-73.94890167,17985.998937334356
40.80389833,-73.96678333,13087.850658943373
40.79813333,-73.93246333,6619.165450332515
40.76059167,-73.964275,17699.194369183213
40.76615667,-73.97178833,13496.867722942949
40.809555,-73.95899333,14450.37315986823
40.83522167,-73.91556667,21591.774548428475
40.79784833,-73.961635,19433.900717988425
40.78528667,-73.94739333,19844.130052114982
40.77490333,-73.95279,23715.85494794722
40.84354333,-73.919065,20636.939075957875
40.834865,-73.92630833,18756.74118154106
40.81882333,-73.95199333,14853.434187498691
40.80039333,-73.93536833,13758.575048541485
40.821185,-73.89158333,12394.61485990477
40.79816,-73.96228333,19433.900717988425
40.79293,-73.947745,18441.5050639179
40.81943,-73.89792833,12394.61485990477
40.80564167,-73.87980333,1488.316998010026
40.78076833,-73.95477667,23715.85494794722
40.77378667,-73.956035,23158.42684434279
40.80095333,-73.93538667,13758.575048541485
40.834035,-73.92721,18756.74118154106
40.7632,-73.95703667,16592.628469271058
40.76001667,-73.95860333,17699.194369183213
40.80231667,-73.962185,17850.543630403066
40.77446667,-73.95936,20181.29000235572
40.82978,-73.91331167,20218.15827142502
40.84396167,-73.895245,16717.246617298893
40.84424,-73.90502167,19238.480739696708
40.799195,-73.96481667,19433.900717988425
40.83182,-73.92139333,17501.133100655956
40.84626833,-73.91755,20636.939075957875
40.806315,-73.88854167,1679.4935434865365
40.794275,-73.95483667,18342.27004001032
40.769325,-73.98883667,15467.866666286256
40.78615167,-73.94841667,19844.130052114982
40.83857333,-73.91302167,21591.774548428475
40.76429833,-73.95843667,17699.194369183213
40.84400167,-73.89597667,16717.246617298893
40.8087,-73.90328,9193.64662319408
40.80768,-73.90519333,4032.674647404071
40.79783833,-73.93185,6619.165450332515
40.81329,-73.88334667,4662.6082434621
40.78349667,-73.98191333,17282.318262276454
40.773545,-73.95489333,23158.42684434279
40.76536333,-73.96964,13496.867722942949
40.80140333,-73.959795,17850.543630403066
40.84560167,-73.91729,20636.939075957875
40.83541667,-73.92724333,18756.74118154106
40.81907833,-73.89827833,12394.61485990477
40.83325167,-73.91718167,19335.091735914928
40.844505,-73.91836667,20636.939075957875
40.80504,-73.88595,1679.4935434865365
40.83506167,-73.91238,21591.774548428475
40.84372,-73.91654667,20636.939075957875
40.79819333,-73.953765,18342.27004001032
40.76510667,-73.96897,13496.867722942949
40.76930833,-73.98839833,15467.866666286256
40.80364333,-73.9536,18915.636551891912
40.84446,-73.89359333,16717.246617298893
40.83859333,-73.92751833,18756.74118154106
40.82077167,-73.88758833,10353.557894676913
40.774565,-73.95790833,23158.42684434279
40.78616,-73.94574333,19844.130052114982
40.840805,-73.90973,21591.774548428475
40.83655833,-73.89895667,13580.437326178966
40.79436,-73.948925,18441.5050639179
40.81886667,-73.89852833,12394.61485990477
40.81846333,-73.89892167,12394.61485990477
40.80901833,-73.894965,7417.965198813397
40.81632333,-73.95905167,7966.99462673659
40.76966,-73.988065,15467.866666286256
40.77465667,-73.95814667,19859.144041771982
40.80942667,-73.95968167,14450.37315986823
40.774715,-73.95230333,23715.85494794722
40.80660333,-73.87966833,1488.316998010026
40.76518667,-73.96921333,13496.867722942949
40.76985833,-73.98791333,15467.866666286256
40.82072333,-73.887645,10353.557894676913
40.82512667,-73.92759667,16717.847236544494
40.79444,-73.95475667,18342.27004001032
40.8438,-73.90928667,22337.117285109045
40.80849833,-73.90280667,9193.64662319408
40.83876333,-73.896405,13580.437326178966
40.79105833,-73.943345,19844.130052114982
40.809135,-73.89379667,7417.965198813397
40.83860333,-73.92758167,18756.74118154106
40.82962667,-73.929355,16717.847236544494
40.79442333,-73.94887667,18441.5050639179
40.78071333,-73.95904833,19859.144041771982
40.77465167,-73.95209833,23715.85494794722
40.78222,-73.98273833,16762.711142355212
40.769195,-73.98848167,15467.866666286256
40.81810833,-73.95282333,14853.434187498691
40.82505333,-73.92761833,16717.847236544494
40.826115,-73.90984333,20218.15827142502
40.77417667,-73.98481667,15467.866666286256
40.805795,-73.88612167,1679.4935434865365
40.81779333,-73.89464333,12394.61485990477
40.79587667,-73.954065,18342.27004001032
40.79487333,-73.94844833,18441.5050639179
40.80943333,-73.95912167,14450.37315986823
40.80831333,-73.96473333,14450.37315986823
40.80208333,-73.93796167,13758.575048541485
40.795215,-73.94821333,18441.5050639179
40.81402333,-73.95698167,18665.270306012662
40.770145,-73.98765833,15467.866666286256
40.77503167,-73.95334333,23715.85494794722
40.83627167,-73.89783167,13580.437326178966
40.76979667,-73.95161833,23158.42684434279
40.8127,-73.88209833,3515.021813941796
40.83470833,-73.911355,21591.774548428475
40.84469167,-73.90652333,19238.480739696708
40.81029833,-73.96174333,14450.37315986823
40.79424833,-73.954845,18342.27004001032
40.85229167,-73.93846833,13456.270011985753
40.79610667,-73.93244833,6619.165450332515
40.834185,-73.91649,19335.091735914928
40.80401333,-73.95451,18915.636551891912
40.80265333,-73.96290333,17850.543630403066
40.76455833,-73.95828167,17699.194369183213
40.840695,-73.895195,13580.437326178966
40.80008,-73.94478333,17985.998937334356
40.83337667,-73.90266,16927.546059025106
40.84419667,-73.89440833,16717.246617298893
40.808575,-73.90281667,9193.64662319408
40.76869333,-73.95429333,23158.42684434279
40.81861,-73.88908167,10353.557894676913
40.81534,-73.90456667,9193.64662319408
40.762765,-73.95658667,16592.628469271058
40.81880333,-73.898605,12394.61485990477
40.81410333,-73.88737833,4662.6082434621
40.774265,-73.98473833,15467.866666286256
40.82134,-73.927855,14887.79271605151
40.84086667,-73.9097,21591.774548428475
40.774745,-73.984385,13740.040482153854
40.814255,-73.957215,18665.270306012662
40.79894167,-73.964235,19433.900717988425
40.82690167,-73.91369,20218.15827142502
40.82254333,-73.953395,14853.434187498691
40.77728833,-73.95733167,23715.85494794722
40.80421833,-73.91549333,6855.007537295731
40.81152667,-73.880915,3515.021813941796
40.83434333,-73.91990833,19335.091735914928
40.833665,-73.92032667,19335.091735914928
40.82685167,-73.91376333,20218.15827142502
40.76511333,-73.97042333,13496.867722942949
40.79196833,-73.94539667,18441.5050639179
40.811645,-73.94658833,19406.63248749648
40.81815,-73.89910667,12394.61485990477
40.80235333,-73.94311667,17985.998937334356
40.801715,-73.96771833,13087.850658943373
40.83861167,-73.91312333,21591.774548428475
40.823425,-73.888585,10353.557894676913
40.82608167,-73.92573667,16717.847236544494
40.79502333,-73.95396167,18342.27004001032
40.82094333,-73.925275,14887.79271605151
40.814165,-73.88828333,4662.6082434621
40.81237833,-73.90457167,9193.64662319408
40.808055,-73.95648833,18665.270306012662
40.77775833,-73.95703833,23715.85494794722
40.81642667,-73.91415667,17217.90405333323
40.81249667,-73.88502167,4662.6082434621
40.83907,-73.91440167,21591.774548428475
40.81158333,-73.91688333,10405.65960547561
40.768995,-73.95503667,23158.42684434279
40.80872333,-73.89778667,7417.965198813397
40.816435,-73.88768667,10353.557894676913
40.81832667,-73.91684167,13892.540178812442
40.82156,-73.928015,14887.79271605151
40.83239167,-73.90333667,16162.023045209178
40.77899667,-73.956075,23715.85494794722
40.82285333,-73.92338333,13892.540178812442
40.82591333,-73.88873167,12334.587322983927
40.822095,-73.95734167,14853.434187498691
40.80212,-73.94967,18915.636551891912
40.77415333,-73.95110833,23158.42684434279
40.81819833,-73.916905,13892.540178812442
40.82876667,-73.92789,16717.847236544494
40.83191,-73.90241833,16162.023045209178
40.80067333,-73.94677167,17985.998937334356
40.83815,-73.91132167,21591.774548428475
40.81517667,-73.88640667,4662.6082434621
40.80516833,-73.88276167,1488.316998010026
40.76449167,-73.970955,13496.867722942949
40.85323,-73.93840833,13456.270011985753
40.828105,-73.95042167,11860.620954310543
40.82235,-73.92029667,13892.540178812442
40.82775167,-73.95137667,11860.620954310543
40.81825833,-73.89914,12394.61485990477
40.79999167,-73.94485333,17985.998937334356
40.77068333,-73.95094,23158.42684434279
40.828835,-73.928,16717.847236544494
40.85694833,-73.93497,13456.270011985753
40.84130833,-73.900165,19238.480739696708
40.799435,-73.93549,13055.695563681547
40.80914,-73.94836,19406.63248749648
40.77655,-73.95611333,23715.85494794722
40.81604167,-73.958805,14450.37315986823
40.76301,-73.95662833,16592.628469271058
40.80950667,-73.89142667,7417.965198813397
40.81802,-73.91336167,17217.90405333323
40.84339167,-73.915845,22337.117285109045
40.80934833,-73.94817,19406.63248749648
40.80691833,-73.90655833,4032.674647404071
40.83221833,-73.90327333,16162.023045209178
40.84225833,-73.92103167,20636.939075957875
40.82040167,-73.91189833,17217.90405333323
40.80402167,-73.90588333,4032.674647404071
40.826655,-73.90573167,16162.023045209178
40.802315,-73.96764,13087.850658943373
40.82497833,-73.91044667,20218.15827142502
40.810705,-73.89537667,7417.965198813397
40.82158833,-73.91118,17217.90405333323
40.83162167,-73.90675333,16162.023045209178
40.81598167,-73.9144,12545.815345080407
40.77648833,-73.95602333,23715.85494794722
40.82165333,-73.95771833,14853.434187498691
40.81915833,-73.95971333,7966.99462673659
40.80439,-73.93966333,13758.575048541485
40.83409167,-73.91657,19335.091735914928
40.814715,-73.88372333,4662.6082434621
40.82550667,-73.92625333,16717.847236544494
40.77490333,-73.958745,19859.144041771982
40.812295,-73.896195,7417.965198813397
40.81901,-73.90958667,17217.90405333323
40.81774,-73.95390833,14853.434187498691
40.80501833,-73.94762833,17985.998937334356
40.83684667,-73.92711167,18756.74118154106
40.770995,-73.950715,23158.42684434279
40.81086667,-73.95317667,18665.270306012662
40.828295,-73.95087,11860.620954310543
40.80816,-73.95641667,18665.270306012662
40.81243,-73.90501167,9193.64662319408
40.83909667,-73.91447333,21591.774548428475
40.76700667,-73.95641333,23158.42684434279
40.79254,-73.94682833,18441.5050639179
40.83526833,-73.90144833,16927.546059025106
40.856515,-73.93510667,13456.270011985753
40.82633333,-73.95026,11860.620954310543
40.803115,-73.96389833,17850.543630403066
40.820025,-73.92680833,14887.79271605151
40.82212667,-73.949935,14853.434187498691
40.791905,-73.94524667,18441.5050639179
40.81447167,-73.95747833,18665.270306012662
40.85225667,-73.938315,13456.270011985753
40.81508167,-73.886315,4662.6082434621
40.80809,-73.90274667,9193.64662319408
40.80122333,-73.94783333,17985.998937334356
40.82135,-73.91785333,13892.540178812442
40.82991833,-73.90180167,16162.023045209178
40.83694667,-73.92715333,18756.74118154106
40.813395,-73.90709,9193.64662319408
40.81255667,-73.90569167,9193.64662319408
40.77214333,-73.94996833,23158.42684434279
40.81817667,-73.95628833,14853.434187498691
40.80300167,-73.94262,17985.998937334356
40.80516167,-73.885985,1679.4935434865365
40.80783667,-73.95663667,18915.636551891912
40.80955,-73.89108,4662.6082434621
40.819325,-73.90856667,17217.90405333323
40.80825667,-73.95634833,18665.270306012662
40.80397833,-73.905805,4032.674647404071
40.77099333,-73.99316333,10490.913104061729
40.83135333,-73.91834667,17501.133100655956
40.81414167,-73.88836667,4662.6082434621
40.8254,-73.94795,17335.48026435214
40.80539333,-73.94740833,17985.998937334356
40.81538333,-73.89838333,7417.965198813397
40.81696333,-73.88806167,10353.557894676913
40.83609333,-73.92751,18756.74118154106
40.82275167,-73.92344167,13892.540178812442
40.82993833,-73.92994333,16717.847236544494
40.82039667,-73.892005,12394.61485990477
40.81598,-73.958745,14450.37315986823
40.817515,-73.89825,12394.61485990477
40.83765167,-73.8973,13580.437326178966
40.83061667,-73.907355,16162.023045209178
40.77056833,-73.99219333,10490.913104061729
40.809575,-73.890005,4662.6082434621
40.825195,-73.88873667,12334.587322983927
40.80363167,-73.96696,13087.850658943373
40.77238,-73.94979667,23158.42684434279
40.80240833,-73.967625,13087.850658943373
40.8267,-73.91402,20218.15827142502
40.83859667,-73.92663333,18756.74118154106
40.80629333,-73.889,1679.4935434865365
40.840655,-73.90162333,16927.546059025106
40.81513667,-73.88382333,4662.6082434621
40.81886667,-73.95991167,7966.99462673659
40.82002667,-73.90819833,17217.90405333323
40.82146167,-73.92796333,14887.79271605151
40.813665,-73.94582167,19406.63248749648
40.81824167,-73.91688167,13892.540178812442
40.81805667,-73.91344833,17217.90405333323
40.83864333,-73.91319,21591.774548428475
40.81979333,-73.90831333,17217.90405333323
40.80110833,-73.94402167,17985.998937334356
40.82469667,-73.91057667,20218.15827142502
40.80343833,-73.96708833,13087.850658943373
40.83186833,-73.90664667,16162.023045209178
40.80724,-73.906675,4032.674647404071
40.82268,-73.95321333,14853.434187498691
40.768935,-73.95505833,23158.42684434279
40.83277167,-73.903065,16162.023045209178
40.82208667,-73.910895,17217.90405333323
40.8232,-73.92321333,13892.540178812442
40.819245,-73.913715,17217.90405333323
40.83648333,-73.92732,18756.74118154106
40.83076167,-73.91877,17501.133100655956
40.81623167,-73.89753667,7417.965198813397
40.82138167,-73.91799833,13892.540178812442
40.80097333,-73.94412833,17985.998937334356
40.806535,-73.88917833,1679.4935434865365
40.84036333,-73.90180333,16927.546059025106
40.81302833,-73.90721167,9193.64662319408
40.804805,-73.88511833,1679.4935434865365
40.83454333,-73.91979,19335.091735914928
40.83864667,-73.926155,18756.74118154106
40.79501,-73.95398833,18342.27004001032
40.80662333,-73.94895833,17985.998937334356
40.81745333,-73.89815667,12394.61485990477
40.84501833,-73.91352333,22337.117285109045
40.82098,-73.88721,10353.557894676913
40.817855,-73.95652667,14853.434187498691
40.79483167,-73.95433667,18342.27004001032
40.77713667,-73.957435,23715.85494794722
40.81925333,-73.90859833,17217.90405333323
40.81244,-73.89488,7417.965198813397
40.76173167,-73.96657,13496.867722942949
40.82695167,-73.94724833,17335.48026435214
40.78497667,-73.94679,19844.130052114982
40.8219,-73.888435,10353.557894676913
40.82236,-73.95447667,14853.434187498691
40.81788667,-73.95979833,7966.99462673659
40.83744,-73.89967667,16927.546059025106
40.82527167,-73.888725,12334.587322983927
40.84128667,-73.92176167,20636.939075957875
40.80174667,-73.949105,17985.998937334356
40.84341333,-73.91587667,22337.117285109045
40.82013167,-73.88858,10353.557894676913
40.83858167,-73.92720833,18756.74118154106
40.822655,-73.9235,13892.540178812442
40.83583,-73.9024,16927.546059025106
40.804945,-73.94767833,17985.998937334356
40.82152833,-73.95045333,14853.434187498691
40.81788167,-73.91705833,13892.540178812442
40.81590167,-73.91444167,12545.815345080407
40.76961833,-73.989665,15467.866666286256
40.83799667,-73.9277,18756.74118154106
40.82614,-73.88897,12334.587322983927
40.83855167,-73.90213833,16927.546059025106
40.76470333,-73.97289833,13496.867722942949
40.85557833,-73.93567,13456.270011985753
40.82728667,-73.92505,16717.847236544494
40.82537,-73.9076,16162.023045209178
40.8224,-73.95227333,14853.434187498691
40.84207833,-73.92109333,20636.939075957875
40.82969667,-73.90787,16162.023045209178
40.81185167,-73.925565,12460.464126672903
40.80381,-73.92020333,6740.5069561321325
40.81133333,-73.91703333,10405.65960547561
40.83927167,-73.91502,21591.774548428475
40.81451333,-73.91529833,12545.815345080407
40.80464333,-73.95131833,18915.636551891912
40.83100833,-73.90041833,16162.023045209178
40.804365,-73.90781667,4032.674647404071
40.80860167,-73.96556,14450.37315986823
40.81764833,-73.91344333,17217.90405333323
40.80523167,-73.94750333,17985.998937334356
40.814055,-73.91556,12545.815345080407
40.80491833,-73.88591667,1679.4935434865365
40.82062667,-73.91577333,17217.90405333323
40.80379833,-73.942,17985.998937334356
40.81059333,-73.92731333,12460.464126672903
40.85748,-73.929665,18574.027903419963
40.81254,-73.95325333,18665.270306012662
40.832545,-73.93138833,16717.847236544494
40.827805,-73.90421,16162.023045209178
40.82658,-73.950725,11860.620954310543
40.81372333,-73.90694833,9193.64662319408
40.76460167,-73.97295833,13496.867722942949
40.82172333,-73.91921833,13892.540178812442
40.813085,-73.92314833,10405.65960547561
40.81392,-73.88961,4662.6082434621
40.76980833,-73.99017,15467.866666286256
40.831875,-73.90232333,16162.023045209178
40.81767667,-73.92969667,14887.79271605151
40.81320333,-73.94546167,19406.63248749648
40.81345333,-73.885275,4662.6082434621
40.81961667,-73.95940167,7966.99462673659
40.81814,-73.95471,14853.434187498691
40.81944333,-73.911395,17217.90405333323
40.83071167,-73.92000667,17501.133100655956
40.76987667,-73.99035333,15467.866666286256
40.80345167,-73.94227,17985.998937334356
40.81725667,-73.92993167,14887.79271605151
40.83688833,-73.927115,18756.74118154106
40.82800833,-73.95013833,11860.620954310543
40.83146667,-73.90118833,16162.023045209178
40.76247333,-73.96804833,13496.867722942949
40.82784333,-73.92565667,16717.847236544494
40.82799667,-73.95005,11860.620954310543
40.84351333,-73.91987667,20636.939075957875
40.812365,-73.91644667,10405.65960547561
40.81402833,-73.88888833,4662.6082434621
40.81474,-73.91512167,12545.815345080407
40.83737667,-73.92747833,18756.74118154106
40.814145,-73.94713667,19406.63248749648
40.82126833,-73.95832667,7966.99462673659
40.83437667,-73.92855167,18756.74118154106
40.80862333,-73.96563667,14450.37315986823
40.81327333,-73.92282667,10405.65960547561
40.81744,-73.88834167,10353.557894676913
40.82336833,-73.89170167,12394.61485990477
40.85924333,-73.932395,13648.845697786976
40.814825,-73.919775,10405.65960547561
40.81404333,-73.88878,4662.6082434621
40.764625,-73.97295167,13496.867722942949
40.80459167,-73.90818667,6855.007537295731
40.813245,-73.92286667,10405.65960547561
40.81278833,-73.91622,12545.815345080407
40.80390167,-73.92041333,6740.5069561321325
40.81099833,-73.90983333,12545.815345080407
40.82724,-73.925075,16717.847236544494
40.83019833,-73.91389667,20218.15827142502
40.80953333,-73.94804833,19406.63248749648
40.82303667,-73.891675,12394.61485990477
40.83259333,-73.93136167,16717.847236544494
40.83463667,-73.92967333,18756.74118154106
40.82489667,-73.908085,20218.15827142502
40.81839333,-73.95611833,14853.434187498691
40.76263,-73.968215,13496.867722942949
40.829785,-73.93088833,16717.847236544494
40.7619,-73.96700833,13496.867722942949
40.81083,-73.91734333,10405.65960547561
40.82111167,-73.88534,10353.557894676913
40.82645,-73.95061333,11860.620954310543
40.81158833,-73.92607,12460.464126672903
40.80337,-73.94233333,17985.998937334356
40.83911833,-73.92587,18756.74118154106
40.808745,-73.947835,19406.63248749648
40.82117667,-73.88607833,10353.557894676913
40.81264667,-73.95296333,18665.270306012662
40.81564,-73.95690833,18665.270306012662
40.825845,-73.94897667,17335.48026435214
40.81370333,-73.94867167,19406.63248749648
40.82844833,-73.92735333,16717.847236544494
40.81333667,-73.92272167,10405.65960547561
40.83042667,-73.91376333,20218.15827142502
40.84415667,-73.89739333,16717.246617298893
40.81791833,-73.95433833,14853.434187498691
40.821515,-73.91852333,13892.540178812442
40.80163333,-73.94363333,17985.998937334356
40.80132833,-73.943845,17985.998937334356
40.834315,-73.92837667,18756.74118154106
40.81921667,-73.91067833,17217.90405333323
40.84013167,-73.92539667,18756.74118154106
40.81359,-73.88531167,4662.6082434621
40.82975667,-73.90783333,16162.023045209178
40.815735,-73.89806167,7417.965198813397
40.81234667,-73.95340167,18665.270306012662
40.82249167,-73.95271167,14853.434187498691
40.814285,-73.89131167,7417.965198813397
40.82158333,-73.918755,13892.540178812442
40.81678333,-73.93015333,14887.79271605151
40.823105,-73.89168,12394.61485990477
40.83219333,-73.93154167,16717.847236544494
40.76427,-73.97202167,13496.867722942949
40.84482833,-73.90945333,22337.117285109045
40.80729333,-73.92837833,10215.537872599276
40.80452333,-73.92188333,6740.5069561321325
40.80339667,-73.93818667,13758.575048541485
40.81888,-73.91659167,13892.540178812442
40.81246833,-73.94955167,19406.63248749648
40.81404833,-73.94690333,19406.63248749648
40.82136167,-73.92833,14887.79271605151
40.80635667,-73.889095,1679.4935434865365
40.82911,-73.90821167,20218.15827142502
40.82586,-73.88949,12334.587322983927
40.85877333,-73.93146,13648.845697786976
40.81028333,-73.92198167,10405.65960547561
40.79804167,-73.95286667,18342.27004001032
40.80984,-73.92785833,12460.464126672903
40.80361167,-73.95214667,18915.636551891912
40.76284333,-73.96785833,13496.867722942949
40.814625,-73.89142833,7417.965198813397
40.81647667,-73.887725,10353.557894676913
40.83364,-73.89647333,13580.437326178966
40.80329833,-73.94238167,17985.998937334356
40.83959167,-73.92559,18756.74118154106
40.83264333,-73.931335,16717.847236544494
40.82449333,-73.91015167,17217.90405333323
40.82129,-73.92834,14887.79271605151
40.81275833,-73.90656667,9193.64662319408
40.769775,-73.99008833,15467.866666286256
40.82084,-73.9158,17217.90405333323
40.82761833,-73.94916167,17335.48026435214
40.81524667,-73.95805167,14450.37315986823
40.81829,-73.92945667,14887.79271605151
40.81127667,-73.909725,12545.815345080407
40.77451333,-73.95420833,23158.42684434279
40.80468333,-73.90828667,6855.007537295731
40.82680833,-73.94690333,17335.48026435214
40.844145,-73.89735667,16717.246617298893
40.82030833,-73.92698667,14887.79271605151
40.839385,-73.91536,21591.774548428475
40.842035,-73.92112333,20636.939075957875
40.81553333,-73.95826667,14450.37315986823
40.81315833,-73.88520667,4662.6082434621
40.81298167,-73.94563,19406.63248749648
40.815525,-73.93056167,12460.464126672903
40.803695,-73.91987833,6740.5069561321325
40.80816,-73.90797167,12545.815345080407
40.85690667,-73.93263833,18574.027903419963
40.82208167,-73.92028833,13892.540178812442
40.80601,-73.92541,10215.537872599276
40.810435,-73.92186333,10405.65960547561
40.809095,-73.91836833,10405.65960547561
40.82474667,-73.89153833,13796.719685434286
40.81019667,-73.90880333,12545.815345080407
40.83842,-73.916895,19335.091735914928
40.809715,-73.90743667,9193.64662319408
40.81009,-73.927665,12460.464126672903
40.83448,-73.930355,18756.74118154106
40.812825,-73.94932167,19406.63248749648
40.80444333,-73.91893833,6740.5069561321325
40.80334667,-73.95302833,18915.636551891912
40.82368333,-73.89173,12394.61485990477
40.82123,-73.88556,10353.557894676913
40.8046,-73.94143833,17985.998937334356
40.81237667,-73.949585,18665.270306012662
40.80978667,-73.92964,12460.464126672903
40.85893667,-73.93136667,13648.845697786976
40.82996,-73.93151333,16717.847236544494
40.819655,-73.89152167,12394.61485990477
40.81330167,-73.88524333,4662.6082434621
40.85518833,-73.93694167,13456.270011985753
40.83255833,-73.89838167,13796.719685434286
40.81559833,-73.91829333,10405.65960547561
40.80924333,-73.91826167,10405.65960547561
40.80470333,-73.91885167,6740.5069561321325
40.82197333,-73.92003167,13892.540178812442
40.815235,-73.95663333,18665.270306012662
40.85529333,-73.93583333,13456.270011985753
40.803095,-73.93839333,13758.575048541485
40.8145,-73.918875,10405.65960547561
40.81526667,-73.93057833,12460.464126672903
40.80337333,-73.95308667,18915.636551891912
40.814035,-73.955765,18665.270306012662
40.82389167,-73.89176333,12394.61485990477
40.80461833,-73.91887833,6740.5069561321325
40.83068,-73.91359833,20218.15827142502
40.85740833,-73.93059667,18574.027903419963
40.83454167,-73.93030167,18756.74118154106
40.83276167,-73.89810667,13796.719685434286
40.857455,-73.93031667,18574.027903419963
40.80481167,-73.91867167,6740.5069561321325
40.77010667,-73.99117,15467.866666286256
40.81252333,-73.95107667,18665.270306012662
40.83233667,-73.89868,13796.719685434286
40.80829667,-73.94681833,19406.63248749648
40.81456,-73.91882667,10405.65960547561
40.81517333,-73.91906333,10405.65960547561
40.82887833,-73.908305,20218.15827142502
40.85512833,-73.93696833,13456.270011985753
40.77016833,-73.99154333,10490.913104061729
40.81960833,-73.913395,17217.90405333323
40.81500833,-73.91942333,10405.65960547561
40.85722,-73.93105167,18574.027903419963
40.85552167,-73.936775,13456.270011985753
40.81204167,-73.94990333,18665.270306012662
40.85583333,-73.93666333,13456.270011985753
40.828855,-73.90831667,20218.15827142502
40.81432167,-73.89132167,7417.965198813397
40.85713333,-73.93130333,18574.027903419963
40.81675667,-73.89203333,12394.61485990477
40.80973833,-73.92792667,12460.464126672903
40.80423333,-73.91932333,6740.5069561321325
40.81467667,-73.91854833,10405.65960547561
40.82145,-73.95812833,7966.99462673659
40.81442,-73.95597,18665.270306012662
40.856415,-73.93626,13456.270011985753
40.77018333,-73.99162667,10490.913104061729
40.82824,-73.9269,16717.847236544494
40.80425167,-73.92123667,6740.5069561321325
40.84107,-73.89917,13580.437326178966
40.82164667,-73.88878333,10353.557894676913
40.82412667,-73.90921167,17217.90405333323
40.80909833,-73.92884,12460.464126672903
40.82503167,-73.89103333,12334.587322983927
40.818105,-73.91491,17217.90405333323
40.80627833,-73.92616,10215.537872599276
40.80845833,-73.94718333,19406.63248749648
40.81610667,-73.91743333,10405.65960547561
40.80555833,-73.91445333,6855.007537295731
40.817195,-73.91591667,17217.90405333323
40.814215,-73.91909667,10405.65960547561
40.81357667,-73.93051833,12460.464126672903
40.80937,-73.90755667,9193.64662319408
40.81619667,-73.91728,10405.65960547561
40.82432,-73.891795,12394.61485990477
40.82969667,-73.93133,16717.847236544494
40.85721333,-73.93543667,13456.270011985753
40.82498333,-73.89111167,12334.587322983927
40.81428833,-73.93073,12460.464126672903
40.82487,-73.89134,13796.719685434286
40.818625,-73.89255833,12394.61485990477
40.857525,-73.93105667,18574.027903419963
40.80445,-73.91175833,6855.007537295731
40.80843333,-73.94712167,19406.63248749648
40.85603167,-73.933035,13456.270011985753
40.813145,-73.909155,12545.815345080407
40.81104333,-73.92142333,10405.65960547561
40.81352833,-73.9304,12460.464126672903
40.80903667,-73.92879167,12460.464126672903
40.80518333,-73.91342167,6855.007537295731
40.812905,-73.92964667,12460.464126672903
40.80898833,-73.92874167,12460.464126672903
40.81502667,-73.91809667,10405.65960547561
40.854865,-73.93569667,13456.270011985753
40.81855,-73.89262167,12394.61485990477
40.81827167,-73.91469833,17217.90405333323
40.81395,-73.93084667,12460.464126672903
40.85452333,-73.93458833,13456.270011985753
40.80894167,-73.92854167,12460.464126672903
40.80492667,-73.912115,6855.007537295731
40.82198,-73.911665,17217.90405333323
40.81380333,-73.91938833,10405.65960547561
40.83317833,-73.93103333,18756.74118154106
40.85454167,-73.93464667,13456.270011985753
40.81541333,-73.91722333,10405.65960547561
40.80440167,-73.911645,6855.007537295731
