lat,long,has_residence_res30_distance_mean_3x3,has_manufacture_res30_distance_mean_3x3,has_commercial_res30_distance_mean_3x3,has_park_res30_distance_mean_3x3
40.78876333,-73.971665,0.0,74.29646,1.5443883,15.5326605
40.788875,-73.97192833,0.0,73.29646,2.1729276,16.19143
40.78908,-73.96708,0.0,91.71067,6.702878,2.2380152
40.78908167,-73.97255,0.0,71.775764,2.1729276,16.088778
40.78795333,-73.96969667,0.0,80.053825,1.5443883,7.9408927
40.78418333,-73.97021167,0.11111111,73.25484,9.071068,0.49046817
40.78470833,-73.96975167,0.11111111,74.669044,9.534575,0.37935707
40.78886333,-73.96676667,0.0,92.29646,8.117092,0.91584903
40.788585,-73.97130333,0.11111111,74.88224,0.37935707,14.134239
40.78418333,-73.966635,9.531305,80.78175,19.791094,0.0
40.78182667,-73.98672167,1.3602935,22.138071,11.305813,0.0
40.81512333,-73.95032333,0.0,12.414213,11.656855,0.91584903
40.76774167,-73.98230833,3.3570225,27.31371,0.0,4.2998314
40.78370667,-73.96508333,15.640499,76.29646,23.090925,0.0
40.77094667,-73.97968333,0.11111111,31.04163,3.4142134,0.37935707
40.79593833,-73.95570333,12.656855,61.562332,19.142136,0.0
40.78512667,-73.97289167,0.49046817,64.497475,0.11111111,9.575974
40.78309833,-73.95583833,0.0,45.62742,6.4806557,10.945518
40.781915,-73.96325,8.680544,66.81119,14.134239,0.0
40.777375,-73.94459,0.0,2.8856182,6.5266795,5.066442
40.78476,-73.97195,0.0,67.08327,2.2380152,7.2663293
40.781725,-73.94579667,0.22222222,9.810719,0.22222222,4.5029902
40.78740333,-73.98071167,0.0,51.1127,7.8948693,1.5174283
40.758905,-73.96015833,0.49046817,2.1380713,0.11111111,4.36819
40.78264333,-73.98460333,0.11111111,28.31371,9.414213,0.49046817
40.79036333,-73.97688333,0.0,68.3259,2.958602,8.090131
40.81563833,-73.94998833,0.11111111,15.2426405,8.828426,0.49046817
40.77889,-73.94784,1.0729839,9.414213,0.0,15.2426405
40.78934667,-73.973275,0.37935707,70.76787,0.11111111,15.828426
40.79867333,-73.95970667,0.11111111,57.870056,6.2426405,0.37935707
40.78009,-73.94704833,1.8316981,8.136155,0.0,10.958602
40.76795333,-73.982415,3.847491,25.899494,0.0,4.8284273
40.78694667,-73.97984667,0.0,51.769554,3.8744512,5.7475467
40.78111,-73.98738167,0.33333334,19.138071,11.485281,0.22222222
40.789975,-73.97607667,0.11111111,68.56855,0.37935707,10.428091
40.79138333,-73.96195667,7.940893,81.46804,18.899494,0.0
40.78667,-73.97963,0.0,50.769554,3.3570225,5.942809
40.78251333,-73.95438833,0.0,39.79899,1.1380713,16.38015
40.79177333,-73.96295833,3.6522284,86.29184,14.071068,0.0
40.790355,-73.941705,0.0,11.899494,22.13097,9.242641
40.78309667,-73.98581667,0.7126904,27.242641,12.485281,0.0
40.79022,-73.96991,0.64760303,83.36753,0.0,12.720025
40.79833667,-73.95996333,0.11111111,59.284275,7.6331654,0.49046817
40.76804,-73.98242,3.4142134,25.485281,0.0,4.4142137
40.77158667,-73.97728333,5.066442,38.79899,8.136155,0.0
40.77291833,-73.94637333,0.0,20.645126,15.548453,3.8935144
40.79016,-73.96973667,0.64760303,83.36753,0.0,12.720025
40.796185,-73.95559167,11.242641,60.148113,18.55635,0.0
40.75887667,-73.96010333,0.11111111,2.0,0.49046817,4.4411736
40.78978167,-73.97565,0.80473787,67.98276,0.0,11.842304
40.79883167,-73.95958667,0.0,56.870056,5.261704,0.91584903
40.81433333,-73.95093167,0.0,10.0,12.177553,1.1380713
40.76942167,-73.98085833,0.33333334,29.279646,0.22222222,0.49046817
40.78273833,-73.96359333,11.443883,70.225395,16.602371,0.0
40.78117,-73.96236,3.6982524,62.15433,9.013876,0.0
40.76812833,-73.98243167,3.4142134,25.485281,0.0,4.4142137
40.78737833,-73.98065667,0.0,51.52691,7.0631714,2.4332771
40.79151333,-73.96223833,6.5266795,82.88224,17.485281,0.0
40.784905,-73.97228167,0.0,66.08327,1.452341,8.090131
40.78302333,-73.984475,0.22222222,29.313711,10.414213,0.22222222
40.78964,-73.97515667,0.91584903,68.81119,0.0,12.923183
40.78093667,-73.96217833,3.0236893,61.15433,8.477385,0.0
40.7896,-73.95764833,9.013876,62.98276,27.06532,0.0
40.84138833,-73.89286,0.22222222,7.138071,15.161199,0.22222222
40.78989667,-73.95836333,11.305813,65.39697,29.330296,0.0
40.79522,-73.93310667,0.0,8.656854,1.6094756,7.414214
40.80721667,-73.898815,20.31371,0.0,16.432716,20.864079
40.78651667,-73.975995,0.86982524,55.682922,0.0,15.071069
40.78789333,-73.98061167,0.0,53.52691,8.117092,2.0
40.807085,-73.96706333,0.0,47.62742,17.414215,0.8238015
40.79345333,-73.96702333,0.49046817,88.46803,0.11111111,10.794926
40.77439333,-73.98249667,4.5029902,15.656854,0.0,3.8935149
40.79726333,-73.95459,5.652229,54.49126,16.9251,0.0
40.79543,-73.93384167,0.0,11.656854,4.414213,6.1854496
40.78633833,-73.97887167,0.11111111,51.01219,0.49046817,9.0
40.78922667,-73.98053,0.0,58.52691,11.305813,1.1380713
40.79635667,-73.9723,0.0,87.81142,3.4142137,5.0125217
40.785675,-73.98471,0.91584903,39.313705,16.142136,0.0
40.77546,-73.98227833,2.0,15.138072,0.0,7.414213
40.78637333,-73.94239,0.0,24.607561,16.485281,4.138071
40.78618,-73.97824333,1.1190076,51.254837,0.0,12.138072
40.78652667,-73.97923667,0.0,50.597977,1.1380713,8.0
40.79070667,-73.977965,0.0,68.66905,7.2663293,4.4142137
40.78925667,-73.973785,0.86982524,68.90131,0.0,17.324877
40.79981333,-73.95881833,0.0,51.62742,0.49046817,0.91584903
40.76774,-73.98191,2.4142137,28.31371,0.0,3.3570225
40.78785167,-73.98061833,0.0,53.52691,8.117092,2.0
40.84360667,-73.92448833,0.0,13.656855,13.485281,2.1380713
40.80784333,-73.89894667,18.31371,0.0,15.011961,19.970562
40.768135,-73.95300667,0.0,2.2380152,4.8363237,10.2426405
40.79106833,-73.956465,7.8948693,61.68101,26.505136,0.0
40.78053667,-73.94668333,0.64760303,8.615456,0.0,9.469488
40.795475,-73.955205,13.385337,60.317776,21.554995,0.0
40.79209333,-73.97388833,1.1380713,79.88225,0.0,6.7219415
40.78605333,-73.95322833,0.0,40.183765,4.771236,12.720026
40.78691833,-73.97746833,0.8047378,55.497475,0.0,14.747547
40.79670167,-73.93201,0.0,9.355106,2.1380713,13.558266
40.77552167,-73.982295,2.0,15.138072,0.0,7.414213
40.77540667,-73.94437,0.11111111,9.242641,13.485281,0.37935707
40.79201333,-73.97374167,1.1380713,79.88225,0.0,6.7219415
40.78166,-73.94584167,0.22222222,9.810719,0.22222222,4.5029902
40.78687833,-73.97750833,1.0729839,55.08326,0.0,13.747547
40.77422333,-73.98251167,4.9743943,16.071068,0.0,3.0887766
40.80458667,-73.95585,0.0,30.071068,14.313709,8.931643
40.84209167,-73.89406167,0.0,11.698253,14.1993265,0.49046817
40.776545,-73.94356667,0.11111111,4.0808806,11.50897,0.37935707
40.79146333,-73.97264167,0.37935707,79.53911,0.0,7.138071
40.78903,-73.980605,0.0,58.52691,11.305813,1.1380713
40.78774167,-73.95382833,0.0,46.79922,11.508971,6.1854496
40.75905833,-73.96049833,0.33333334,3.1380713,0.22222222,5.2570786
40.79043,-73.94182667,0.0,11.508971,20.716755,8.656854
40.78324167,-73.95644,0.0,48.04163,8.412297,8.680544
40.75906667,-73.95949,1.1380713,0.49046817,0.11111111,2.4793007
40.79417333,-73.97020667,0.22222222,90.02438,0.11111111,5.8284273
40.81011333,-73.89813167,12.447155,0.0,9.355106,19.242641
40.77857833,-73.94727833,0.11111111,7.138071,0.22222222,13.656855
40.78666,-73.97653167,0.11111111,55.740112,0.33333334,16.69171
40.78367667,-73.98390167,0.11111111,33.55635,10.242641,0.37935707
40.80542167,-73.899475,25.087654,0.33333334,11.414213,26.384777
40.79101833,-73.95653167,8.615456,62.35557,27.252686,0.0
40.77597333,-73.94396667,0.11111111,6.828428,11.899494,0.49046817
40.78499833,-73.98472333,0.64760303,37.313705,15.313709,0.0
40.77330833,-73.94893667,0.0,18.485283,7.2663302,11.923746
40.78573,-73.98470667,0.91584903,39.313705,16.142136,0.0
40.75916167,-73.96068667,0.7126904,4.414213,0.0,6.1190076
40.79774,-73.951185,0.0,41.79899,5.414213,0.7126904
40.797615,-73.95443833,4.6903563,53.834408,16.71867,0.0
40.76783,-73.97065667,0.22222222,54.66905,5.066442,0.22222222
40.783335,-73.95697833,0.0,50.04163,8.136155,7.2012424
40.78617833,-73.95362833,0.0,42.59798,7.0631714,10.42809
40.79653667,-73.93213833,0.0,9.309083,1.674563,12.656855
40.79676667,-73.95492333,8.414213,57.319687,17.797634,0.0
40.82287167,-73.887255,0.11111111,0.37935707,11.414213,1.2031586
40.79073667,-73.95680833,8.680544,62.35557,27.065321,0.0
40.84343167,-73.92461167,0.0,12.656855,12.485281,2.479301
40.80613167,-73.902365,17.31371,0.0,14.414213,18.828426
40.81362667,-73.89948167,0.0,3.6522284,0.6015793,15.913934
40.78071167,-73.9465,0.22222222,8.615456,0.11111111,8.136155
40.805955,-73.947145,0.0,27.213203,4.414213,7.9408927
40.80953,-73.95983667,0.0,20.864079,21.828426,9.485281
40.79690667,-73.95479667,7.0236893,55.90547,17.516867,0.0
40.78186167,-73.945695,0.11111111,9.550368,0.37935707,3.0887766
40.791,-73.971625,0.0,79.25314,0.7126904,10.242641
40.7908,-73.97831833,0.0,67.84062,9.013876,3.5522847
40.79080333,-73.97892167,0.0,67.01219,10.723296,2.2840388
40.8226,-73.88750833,0.22222222,0.22222222,10.138071,0.6015793
40.78434667,-73.983185,0.11111111,36.384773,9.071068,0.37935707
40.7966,-73.97217667,0.0,87.136856,4.414213,5.337959
40.78591667,-73.94266,0.0,22.242641,14.645687,3.8935144
40.77342667,-73.94932167,0.0,18.656857,5.112466,12.980937
40.77396333,-73.98251167,4.9743943,16.071068,0.0,3.0887766
40.77660833,-73.94351667,0.11111111,4.0808806,11.50897,0.37935707
40.79038833,-73.95702833,8.117092,61.68101,26.32567,0.0
40.806175,-73.96737333,0.0,52.041634,13.08088,0.33333334
40.78188,-73.95818167,0.0,52.970562,1.2031586,6.1854496
40.816245,-73.94980333,0.11111111,16.485281,8.0,0.49046817
40.83678667,-73.91806833,0.0,9.531305,16.414213,11.276142
40.77375833,-73.95192833,0.75871414,19.218954,0.0,17.31371
40.79000333,-73.95868167,12.858097,67.39697,30.75161,0.0
40.773365,-73.96004167,0.8238015,36.112698,0.0,19.430801
40.806685,-73.89871333,22.31371,0.0,15.99673,22.27829
40.843095,-73.92465667,0.0,13.485282,11.656854,4.2570786
40.76888333,-73.98121,0.22222222,29.228203,0.37935707,0.37935707
40.78656667,-73.954495,0.0,46.01219,10.094757,7.2663302
40.77355667,-73.95993833,0.7126904,35.526913,0.0,19.791094
40.790915,-73.97859167,0.0,68.426414,10.42809,2.2380152
40.76849333,-73.95254167,0.0,1.9888327,4.955331,8.828426
40.79723333,-73.97175333,0.0,84.308426,6.138071,6.468134
40.79215333,-73.96372167,1.452341,87.82099,11.656855,0.0
40.78659167,-73.95286,0.0,40.467808,5.112466,12.359732
40.75933833,-73.961075,0.49046817,5.414213,0.11111111,7.034857
40.79645333,-73.97226167,0.0,87.81142,3.4142137,5.0125217
40.80002167,-73.96766833,0.0,66.59821,4.414213,6.5983086
40.79414667,-73.949095,0.0,36.071068,5.717316,6.4806557
40.797535,-73.96059167,0.0,63.52691,11.828426,1.1380713
40.795155,-73.93322,0.0,9.242641,2.1380713,6.042753
40.78681,-73.94806167,0.0,30.627415,6.138071,14.023689
40.81350667,-73.899135,0.22222222,2.2380152,0.0,16.499718
40.84315667,-73.90962667,0.0,18.218954,17.840387,2.1380713
40.76121,-73.95757833,0.0,3.3570225,3.3570225,6.7219415
40.83735333,-73.91770833,0.0,10.071068,15.242641,9.828426
40.77075833,-73.98724667,1.0,6.2426405,0.0,4.4142137
40.80615167,-73.87953667,33.1127,0.0,38.769554,17.727924
40.765805,-73.97206,0.11111111,56.35534,2.479301,0.49046817
40.83370667,-73.9024,0.0,13.79301,41.2061,3.0887766
40.79562833,-73.95461833,11.258434,57.112698,18.828426,0.0
40.811215,-73.90329667,1.6285394,0.22222222,0.22222222,1.2031586
40.79555833,-73.93413833,0.0,13.071068,5.828428,6.675918
40.81547667,-73.90040833,0.0,11.842304,8.477385,10.9645815
40.80417,-73.95488,0.0,29.414211,15.697691,12.747547
40.84413333,-73.92372,0.0,14.7903,16.31371,0.49046817
40.80892667,-73.895605,21.270393,0.0,18.913372,26.213203
40.7693,-73.95195833,0.0,2.479301,5.974395,6.138071
40.84142667,-73.92564667,0.0,11.138071,6.7475467,3.3570223
40.79075333,-73.942635,0.0,13.313708,17.31371,6.7219415
40.83194167,-73.92131667,0.0,23.414211,16.414215,6.990187
40.77091833,-73.98715333,1.0,6.2426405,0.0,4.4142137
40.81051333,-73.89874,9.810719,0.0,6.702878,15.828426
40.81975,-73.897585,0.11111111,15.751611,13.485281,0.37935707
40.843665,-73.90627,0.0,6.747547,22.384777,4.1650314
40.767875,-73.970495,0.22222222,54.66905,5.066442,0.22222222
40.79014833,-73.941085,0.0,11.071068,24.07513,11.242641
40.79409667,-73.97013333,0.44444445,90.85609,0.0,6.24264
40.80541333,-73.88117167,33.62742,0.0,33.28427,18.242641
40.84028333,-73.91002833,0.0,20.242641,24.79899,3.7475467
40.80749333,-73.88944167,17.414211,0.0,32.414215,5.414213
40.75951,-73.95901667,3.3109987,1.0,0.0,0.49046817
40.817495,-73.90356167,0.0,19.828426,20.414211,10.828426
40.807605,-73.96688667,0.0,45.213203,19.828426,1.452341
40.786255,-73.97541167,0.11111111,56.219414,0.37935707,13.242641
40.835245,-73.912915,0.0,14.337398,30.763573,2.479301
40.81892,-73.89614833,0.0,10.02967,8.414213,0.49046817
40.78149167,-73.95433333,0.7126904,37.55635,0.0,18.913372
40.84229167,-73.92512667,0.0,12.785113,8.414213,3.4142134
40.80517667,-73.90222167,20.31371,0.0,15.850201,21.828426
40.83730333,-73.917745,0.0,10.071068,15.242641,9.828426
40.76218833,-73.95701833,0.0,6.414213,7.2853937,10.542473
40.83208833,-73.91789333,0.0,23.627419,18.485283,10.828427
40.76223,-73.956985,0.0,6.414213,7.2853937,10.542473
40.75945667,-73.96148333,0.49046817,7.828428,0.11111111,9.08088
40.84112667,-73.90956,0.0,17.138071,22.82268,1.0
40.7854,-73.94763167,0.0,24.798988,3.6982524,13.217035
40.765855,-73.97201333,0.11111111,56.35534,2.479301,0.49046817
40.76086,-73.95799667,0.0,3.6522284,1.5174283,4.8284273
40.76041333,-73.96383333,0.91584903,18.071068,0.0,2.2840388
40.80545833,-73.88087333,33.041634,0.0,34.698486,17.656857
40.782095,-73.98283833,0.0,29.213203,4.0808806,7.2012424
40.785155,-73.94646,0.0,22.142136,1.0,9.385338
40.84341,-73.90953333,0.0,18.414213,17.165825,3.138071
40.793605,-73.969145,0.0,90.70549,1.452341,9.656855
40.79004833,-73.94900333,0.0,38.55635,10.98229,12.485282
40.80547333,-73.95807667,0.0,29.384775,15.08088,1.1380713
40.780215,-73.98504833,0.0,18.485283,2.8205307,2.2840388
40.84277667,-73.89324667,0.0,9.656854,10.899494,1.8047377
40.786845,-73.95255667,0.0,40.467808,5.261704,12.720026
40.79237667,-73.95508,6.702878,56.828426,25.370338,0.0
40.841025,-73.92208333,0.0,5.828428,8.414214,3.0887766
40.842125,-73.892235,0.0,4.828428,10.918559,1.8777218
40.80855,-73.88972167,13.828426,0.0,33.39674,9.828426
40.75958833,-73.958945,3.3109987,1.0,0.0,0.49046817
40.76490833,-73.96860667,0.0,43.112698,2.2761426,11.842304
40.81226,-73.95697833,0.0,5.852116,11.656854,6.138071
40.76693167,-73.971345,0.37935707,56.01219,5.0855055,0.11111111
40.82323333,-73.88797,0.0,3.2380152,9.16176,1.0
40.79340167,-73.97463167,0.0,83.63961,3.6522288,6.034857
40.785135,-73.946495,0.0,22.142136,1.0,9.385338
40.79158,-73.95584,7.2663293,60.986355,25.651106,0.0
40.84419667,-73.91757833,0.0,20.970562,6.24264,1.0460237
40.81484833,-73.90011833,0.0,8.680543,5.2886643,13.485281
40.76595333,-73.97195667,0.22222222,56.769554,3.4142137,0.22222222
40.767035,-73.97126833,0.22222222,55.426407,5.066442,0.22222222
40.7991,-73.93475833,0.0,13.485282,10.7154,1.0
40.76495667,-73.96877667,0.0,43.112698,2.2761426,11.842304
40.79514333,-73.94826333,0.0,34.246708,4.0236893,7.1282587
40.79778667,-73.971365,0.0,82.21964,8.414213,6.5266795
40.79191833,-73.95539167,6.4806557,58.656853,24.911455,0.0
40.7742,-73.95947,0.6666667,35.550602,0.0,19.254602
40.772585,-73.96063833,0.86982524,36.870056,0.0,19.791094
40.80943333,-73.903525,3.8744507,0.0,2.479301,6.414213
40.76733,-73.971035,0.49046817,55.840622,5.6489577,0.11111111
40.80945167,-73.90302833,4.4379025,0.0,2.1380713,6.138071
40.78214667,-73.957995,0.0,52.384777,2.479301,6.4806557
40.79019833,-73.949355,0.0,39.142136,11.101299,12.956686
40.81173833,-73.95730833,0.0,7.9408927,11.828427,4.414213
40.77413167,-73.95949333,0.6666667,35.550602,0.0,19.254602
40.79134,-73.97253333,1.0269601,78.95333,0.0,8.138072
40.76757167,-73.970795,0.37935707,55.254837,5.288664,0.11111111
40.80805833,-73.964165,0.0,39.24152,24.970562,7.940893
40.774125,-73.952775,0.0,21.656853,1.8777218,19.970562
40.800805,-73.96780333,0.0,65.184,1.988833,3.4142134
40.77790333,-73.94580833,0.0,3.0887766,2.138071,9.68844
40.77318667,-73.960155,0.8238015,36.112698,0.0,19.430801
40.77407667,-73.95950833,0.6666667,35.550602,0.0,19.254602
40.842745,-73.90968333,0.11111111,17.828426,19.20858,0.6015793
40.80889833,-73.89594667,20.818054,0.0,18.37688,27.132322
40.79741333,-73.93151,0.0,9.9869175,5.0,13.232828
40.797755,-73.96144,0.0,63.76955,12.071068,4.234744
40.79770167,-73.95109333,0.0,40.79899,4.414213,0.93491256
40.79168167,-73.95569667,6.5266795,60.061253,24.911455,0.0
40.80831,-73.96358167,0.0,36.870056,26.79899,9.013877
40.84411,-73.91739333,0.11111111,21.384777,6.7219415,0.6015793
40.79453667,-73.96988833,0.11111111,88.61017,0.11111111,6.4142137
40.80643333,-73.879635,31.698486,0.0,39.35534,16.31371
40.79355167,-73.96904,0.0,91.08157,2.1459677,11.0250435
40.775965,-73.983515,0.22222222,10.414213,0.22222222,11.485281
40.84416833,-73.91753833,0.0,20.970562,6.24264,1.0460237
40.76125333,-73.95755667,0.0,3.3570225,3.3570225,6.7219415
40.78030667,-73.98553167,0.0,18.071068,3.6522288,1.6094757
40.78470667,-73.94354333,0.0,16.138071,9.369545,3.4142137
40.84131333,-73.92570833,0.0,11.138071,6.7475467,3.3570223
40.78652,-73.97783167,1.0729839,52.669044,0.0,13.0
40.80602167,-73.95793167,0.11111111,27.384777,17.08088,0.37935707
40.765515,-73.972215,0.11111111,56.94112,2.2840388,0.37935707
40.79043667,-73.97948333,0.0,65.18376,11.443883,1.452341
40.84361667,-73.90565167,0.0,3.4142137,20.059341,4.0
40.81940667,-73.89642,0.22222222,11.443883,9.828426,0.22222222
40.76878333,-73.972105,6.4806557,61.35015,11.842304,0.0
40.84403833,-73.92396833,0.0,14.7903,16.31371,0.49046817
40.76729167,-73.97109,0.49046817,55.840622,5.6489577,0.11111111
40.80930667,-73.90371167,3.3570225,0.0,3.0887766,6.828428
40.81096833,-73.95429833,0.11111111,4.0,0.33333334,5.150593
40.83376333,-73.90236333,0.0,13.79301,41.2061,3.0887766
40.84268,-73.89312667,0.0,9.656854,10.899494,1.8047377
40.81085833,-73.95801667,0.0,12.183534,14.0,3.8935149
40.806325,-73.94812,0.0,30.157366,3.8284273,11.50897
40.80256,-73.90793333,20.384777,0.0,30.313711,27.142136
40.77346333,-73.94937833,0.0,18.656857,5.112466,12.980937
40.78015333,-73.98492333,0.0,18.899494,1.9888327,3.0236893
40.794275,-73.970135,0.22222222,90.02438,0.11111111,5.8284273
40.809025,-73.89464833,20.384777,0.0,20.327587,22.82268
40.81426333,-73.899735,0.0,5.8521166,2.4602373,14.599664
40.809555,-73.90311167,3.6982524,0.0,1.2031586,5.138071
40.809115,-73.96292,0.0,32.62742,30.543264,9.531305
40.78233333,-73.95783,0.0,51.79899,3.8935144,6.5266795
40.806415,-73.88759333,22.0,0.0,29.0,0.49046817
40.80860333,-73.96336167,0.0,35.455845,28.213203,9.309083
40.81740667,-73.95013333,0.0,17.142136,10.242641,1.0
40.79564833,-73.954585,11.258434,57.112698,18.828426,0.0
40.817455,-73.903075,0.0,20.656857,19.731194,12.828426
40.79130833,-73.95623667,8.477385,62.321274,27.022566,0.0
40.84535833,-73.91732667,0.0,26.010046,10.866555,0.6015793
40.84362,-73.90507833,0.0,1.5174283,18.913372,4.138071
40.77346667,-73.951195,0.37935707,17.828426,0.11111111,15.48528
40.81729167,-73.90236167,0.0,21.499159,18.37688,13.2426405
40.80168167,-73.96040833,0.37935707,47.1127,3.3570225,0.11111111
40.78727667,-73.944875,0.0,27.126343,11.071068,2.617372
40.77126667,-73.98692,0.11111111,8.136155,0.37935707,4.5062613
40.78649167,-73.94251333,0.0,24.607561,16.485281,4.138071
40.79031333,-73.95009667,0.0,42.142136,10.988832,12.13751
40.804875,-73.884795,29.828426,0.0,25.485283,8.747547
40.82247167,-73.95473333,0.0,5.787029,12.315624,3.9204745
40.78921333,-73.947025,0.0,31.79899,12.648958,8.70615
40.78557667,-73.94809667,0.0,26.627415,5.2886643,15.071069
40.80473,-73.95631167,0.0,29.899496,14.48528,7.0618167
40.81544167,-73.906315,0.0,14.899494,17.556347,8.414213
40.84464833,-73.906095,0.0,6.828428,20.142136,2.138071
40.76914833,-73.98854333,2.2380152,1.1380713,0.0,6.2761426
40.82298167,-73.95643167,0.33333334,0.22222222,10.071068,0.22222222
40.799075,-73.96454833,0.0,63.3259,13.746985,5.828428
40.77375167,-73.95014667,0.0,18.414215,2.2380152,14.828426
40.83540667,-73.90134833,0.0,12.138072,40.656853,1.2031586
40.80789833,-73.89738667,19.449865,0.0,17.165825,24.556349
40.845115,-73.91745,0.0,25.384777,10.418839,0.22222222
40.80801667,-73.904615,7.2761426,0.0,9.071068,13.071068
40.827285,-73.91316,0.7126904,0.0,6.2426405,10.159845
40.83562167,-73.914005,0.0,18.58004,27.04163,0.49046817
40.82942333,-73.91233667,0.0,3.3570225,11.828426,9.956685
40.79915667,-73.96472333,0.0,63.740112,12.785113,6.2426405
40.82940167,-73.91226833,0.0,3.3570225,11.828426,9.956685
40.83290167,-73.91735333,0.0,23.503784,23.31371,10.485281
40.81755667,-73.953495,0.0,10.414213,7.2505374,4.437903
40.82632333,-73.90972167,5.839594,0.0,2.2840388,7.6568546
40.77681833,-73.95696333,0.11111111,37.870056,0.33333334,21.408464
40.80412167,-73.91689667,0.0,3.257079,38.747547,0.22222222
40.84391667,-73.894685,0.0,9.004625,9.806093,0.6666667
40.83496167,-73.91581333,0.0,20.864079,27.142136,7.242641
40.82145833,-73.89158833,1.8888888,5.112466,0.0,13.2426405
40.83334167,-73.91717,0.0,23.254602,24.727924,10.094757
40.79961667,-73.93579667,0.0,15.558265,7.2012424,1.2031586
40.82669667,-73.909525,6.3491263,0.0,3.023689,8.656855
40.826975,-73.925235,0.11111111,14.965938,0.49046817,3.8586578
40.81751,-73.90352,0.0,20.242641,20.074339,11.828426
40.83936333,-73.91058667,0.0,23.485281,26.970562,6.061816
40.82338833,-73.92255,0.0,19.0,1.988833,7.5996637
40.818075,-73.95286,0.0,13.242641,8.2426405,1.6094756
40.84474833,-73.9122,0.0,30.242641,6.1854496,1.0920475
40.81188,-73.903805,0.33333334,0.37935707,0.49046817,3.0887766
40.83529333,-73.92686333,0.11111111,16.16176,18.071068,0.33333334
40.843765,-73.90882667,0.0,15.747547,19.20858,3.9809363
40.77586333,-73.99138833,2.4602373,13.236099,6.675918,0.0
40.80243333,-73.962415,0.0,48.01219,10.485281,4.0157933
40.84425667,-73.893215,0.0,12.712129,5.24264,1.4523408
40.81923333,-73.89811667,0.11111111,16.38015,12.378797,0.0
40.84407833,-73.89667833,0.11111111,2.1190076,8.138072,0.49046817
40.84127,-73.92572833,0.0,11.138071,6.7475467,3.3570223
40.84387167,-73.89257667,0.0,10.02967,6.1854496,1.0269601
40.774705,-73.95827667,0.0,32.72217,1.2222222,22.259226
40.80229333,-73.93841,0.0,5.6489577,2.2840388,4.4142137
40.79930667,-73.96528333,0.0,63.568542,10.42809,6.526679
40.79698333,-73.94929167,0.33333334,36.04163,0.11111111,1.6094757
40.81553333,-73.88392667,2.7666104,0.0,30.735256,16.142136
40.83639,-73.89794333,0.33333334,11.899494,29.899496,0.33333334
40.80842,-73.896715,20.395943,0.0,17.165825,26.727922
40.76938833,-73.98891833,3.3839827,0.22222222,0.22222222,5.414213
40.808115,-73.90439333,7.2761426,0.0,9.071068,13.071068
40.83536667,-73.91538833,0.0,20.951498,25.55635,5.4142137
40.766505,-73.97155833,0.11111111,55.59798,4.3188953,0.37935707
40.77345667,-73.95496167,0.0,22.970562,0.5555556,23.692505
40.79310667,-73.94806667,0.0,30.414211,0.91584903,8.680544
40.79474167,-73.97364167,0.0,90.29647,3.3570225,5.177553
40.80499,-73.95694833,0.0,29.727922,14.656854,5.153864
40.81585833,-73.90419833,0.0,13.138072,15.242641,11.50897
40.83408,-73.92742833,0.0,12.828427,20.87445,1.6094756
40.844005,-73.91715167,0.11111111,21.79899,7.3314176,0.33333334
40.82223833,-73.957195,0.22222222,0.33333334,5.8284273,0.7126904
40.8415,-73.90078,5.288664,0.0,20.414211,9.415568
40.80716333,-73.95710667,0.11111111,22.142136,15.751611,0.37935707
40.77551333,-73.95403167,0.49046817,28.31371,0.11111111,26.627415
40.80406833,-73.91676667,0.0,2.3872535,39.747547,0.6015793
40.81758333,-73.89541,0.0,4.4379025,3.0,5.112466
40.80907833,-73.894235,19.970562,0.0,20.845015,22.08303
40.80835167,-73.90390667,6.8284273,0.0,7.242641,11.242641
40.81734,-73.89524667,0.0,3.8744512,2.0,5.787029
40.78876833,-73.95109833,0.0,43.18377,6.828428,12.720026
40.82153167,-73.891595,1.8888888,5.112466,0.0,13.2426405
40.801385,-73.95975,0.0,48.28427,0.7126904,0.49046817
40.80167,-73.94890167,2.0078964,27.138071,0.0,5.8521166
40.80389833,-73.96678333,0.0,55.497475,5.8284273,5.288664
40.79813333,-73.93246333,0.0,9.956686,7.828427,9.550369
40.76059167,-73.964275,1.6094757,19.485281,0.0,0.91584903
40.76615667,-73.97178833,0.11111111,56.183765,4.034857,0.37935707
40.809555,-73.95899333,0.0,18.514952,18.828426,6.656854
40.83522167,-73.91556667,0.0,21.254602,26.55635,5.8284273
40.79784833,-73.961635,0.0,64.18376,12.485281,5.066442
40.78528667,-73.94739333,0.0,24.798988,3.6982524,13.217035
40.77490333,-73.95279,0.0,24.656853,1.1380713,22.970562
40.84354333,-73.919065,0.0,16.899494,3.138071,1.0
40.834865,-73.92630833,0.0,18.047379,19.899494,0.49046817
40.81882333,-73.95199333,0.22222222,17.485283,10.138072,0.33333334
40.80039333,-73.93536833,0.0,12.869265,5.825156,1.6094757
40.821185,-73.89158333,1.0,4.372815,0.0,13.656855
40.79816,-73.96228333,0.0,64.01219,12.378797,7.2012424
40.79293,-73.947745,0.0,29.276144,0.33333334,7.2663293
40.81943,-73.89792833,0.11111111,16.38015,12.378797,0.0
40.80564167,-73.87980333,34.698486,0.0,36.374405,19.31371
40.78076833,-73.95477667,0.5555556,38.31371,0.0,19.20858
40.77378667,-73.956035,0.0,25.627415,1.9428092,28.022566
40.80095333,-73.93538667,0.0,11.50897,4.533221,3.4142137
40.834035,-73.92721,0.0,12.828427,20.87445,1.6094756
40.7632,-73.95703667,0.0,10.414213,5.112466,7.3314176
40.76001667,-73.95860333,1.5174283,2.2380152,0.0,1.2031586
40.80231667,-73.962185,0.0,48.01219,10.485281,4.0157933
40.77446667,-73.95936,0.5555556,35.485516,0.0,19.430801
40.82978,-73.91331167,0.0,6.414213,14.48528,5.917204
40.84396167,-73.895245,0.33333334,6.928371,9.0,0.33333334
40.84424,-73.90502167,0.0,2.4332771,16.621437,3.138071
40.799195,-73.96481667,0.0,63.740112,12.785113,6.2426405
40.83182,-73.92139333,0.0,24.414211,15.414213,6.852116
40.84626833,-73.91755,0.0,24.171804,12.39515,3.0
40.806315,-73.88854167,21.747545,0.0,28.138071,1.0
40.794275,-73.95483667,10.094757,57.071064,21.899494,0.0
40.769325,-73.98883667,2.7554433,0.49046817,0.11111111,6.414213
40.78615167,-73.94841667,0.0,29.04163,5.698252,15.414213
40.83857333,-73.91302167,0.0,25.107841,23.142136,3.6522284
40.76429833,-73.95843667,0.5555556,16.899494,0.0,1.2031586
40.84400167,-73.89597667,0.33333334,5.0046253,8.747547,0.33333334
40.8087,-73.90328,5.714045,0.0,4.414213,8.414213
40.80768,-73.90519333,8.942809,0.0,11.574059,15.313709
40.79783833,-73.93185,0.0,10.052005,6.138071,11.899494
40.81329,-73.88334667,6.885618,0.0,37.58873,10.414213
40.78349667,-73.98191333,0.0,35.45584,2.885618,5.852116
40.773545,-73.95489333,0.0,22.970562,0.5555556,23.692505
40.76536333,-73.96964,0.37935707,46.941124,0.11111111,8.117092
40.80140333,-73.959795,0.0,48.28427,0.7126904,0.49046817
40.84560167,-73.91729,0.0,26.098824,11.007896,1.2031586
40.83541667,-73.92724333,0.0,14.08088,16.242641,1.6094757
40.81907833,-73.89827833,0.11111111,16.426172,12.183534,0.11111111
40.83325167,-73.91718167,0.0,23.254602,24.727924,10.094757
40.844505,-73.91836667,0.0,21.727924,7.138071,0.44444445
40.80504,-73.88595,28.0,0.0,24.828426,4.4142137
40.83506167,-73.91238,0.0,13.313709,31.657646,3.8744512
40.84372,-73.91654667,0.0,21.85618,8.591766,0.64760303
40.79819333,-73.953765,0.7126904,49.908745,15.2426405,0.0
40.76510667,-73.96897,0.0,44.526913,1.4063172,10.42809
40.76930833,-73.98839833,1.452341,1.988833,0.0,6.4142137
40.80364333,-73.9536,0.0,31.414215,16.30581,15.6726465
40.84446,-73.89359333,0.0,12.834408,5.714045,0.91584903
40.83859333,-73.92751833,0.0,8.071068,3.8935144,2.138071
40.82077167,-73.88758833,0.22222222,0.11111111,10.138072,6.8284273
40.774565,-73.95790833,0.0,31.982523,1.2682459,23.156013
40.78616,-73.94574333,0.0,24.899494,5.8284273,5.4142137
40.840805,-73.90973,0.0,17.414213,23.692505,1.2031586
40.83655833,-73.89895667,1.5174283,9.656855,33.31371,0.0
40.79436,-73.948925,0.0,35.071068,5.2538075,7.2012424
40.81886667,-73.89852833,0.11111111,16.426172,12.183534,0.37935707
40.81846333,-73.89892167,0.11111111,16.426172,12.183534,0.37935707
40.80901833,-73.894965,21.002148,0.0,19.20858,24.627419
40.81632333,-73.95905167,0.11111111,7.2012424,0.37935707,6.0
40.76966,-73.988065,1.674563,2.1380713,0.0,4.8284273
40.77465667,-73.95814667,0.0,32.72217,1.2222222,22.259226
40.80942667,-73.95968167,0.0,20.668816,21.242641,8.071068
40.774715,-73.95230333,0.0,22.828426,1.7856742,21.142136
40.80660333,-73.87966833,30.763573,0.0,40.35534,15.313709
40.76518667,-73.96921333,0.0,45.526913,0.64760303,9.531305
40.76985833,-73.98791333,1.2031586,3.138071,0.0,5.307728
40.82072333,-73.887645,0.22222222,0.11111111,10.138072,6.8284273
40.82512667,-73.92759667,1.942809,3.8284273,0.0,1.2031586
40.79444,-73.95475667,10.723296,57.485283,21.485281,0.0
40.8438,-73.90928667,0.0,17.747547,17.499157,3.804738
40.80849833,-73.90280667,7.5996637,0.0,5.0,9.138072
40.83876333,-73.896405,0.22222222,12.591767,27.215118,0.0
40.79105833,-73.943345,0.0,15.899495,13.899494,6.3951497
40.809135,-73.89379667,19.142136,0.0,22.083029,20.622791
40.83860333,-73.92758167,0.0,8.071068,3.8935144,2.138071
40.82962667,-73.929355,0.22222222,9.656855,9.771236,0.11111111
40.79442333,-73.94887667,0.0,35.485283,5.042753,6.5266795
40.78071333,-73.95904833,0.75871414,54.31371,0.0,6.1854496
40.77465167,-73.95209833,0.0,22.414211,1.1380713,20.72792
40.78222,-73.98273833,0.0,29.213203,4.0808806,7.2012424
40.769195,-73.98848167,1.452341,1.988833,0.0,6.4142137
40.81810833,-73.95282333,0.0,14.242641,7.828427,1.4063172
40.82505333,-73.92761833,1.3602935,3.3570225,0.0,1.6094756
40.826115,-73.90984333,5.3031025,0.0,0.91584903,6.24264
40.77417667,-73.98481667,0.37935707,7.1282587,0.11111111,5.3491263
40.805795,-73.88612167,25.0,0.0,27.414215,3.4142137
40.81779333,-73.89464333,0.0,2.2840388,3.138071,7.6568546
40.79587667,-73.954065,9.771236,54.698486,16.414213,0.0
40.79487333,-73.94844833,0.0,34.899494,4.5411177,6.702878
40.80943333,-73.95912167,0.0,19.254602,19.242641,6.1854496
40.80831333,-73.96473333,0.0,39.877163,25.142136,5.787029
40.80208333,-73.93796167,0.0,7.0631714,0.91584903,3.8935144
40.795215,-73.94821333,0.0,34.246708,4.0236893,7.1282587
40.81402333,-73.95698167,0.0,4.0,9.071068,3.8744507
40.770145,-73.98765833,2.0,4.138071,0.0,5.112466
40.77503167,-73.95334333,0.6015793,26.485281,0.0,24.798988
40.83627167,-73.89783167,0.0,12.378796,28.899496,0.33333334
40.76979667,-73.95161833,0.0,4.042753,6.81726,4.828428
40.8127,-73.88209833,11.414214,0.0,40.071068,7.0
40.83470833,-73.911355,0.0,10.071068,30.414215,7.5996637
40.84469167,-73.90652333,0.0,8.828427,22.088217,2.1380713
40.81029833,-73.96174333,0.0,26.521492,24.970562,7.414214
40.79424833,-73.954845,10.094757,57.071064,21.899494,0.0
40.85229167,-73.93846833,0.22222222,47.68811,10.669376,0.22222222
40.79610667,-73.93244833,0.0,9.013876,1.9888327,11.242641
40.834185,-73.91649,0.0,21.408464,28.004065,10.948789
40.80401333,-73.95451,0.0,30.138071,16.088215,13.414213
40.80265333,-73.96290333,0.0,47.840622,12.899495,4.4142137
40.76455833,-73.95828167,0.33333334,17.485281,0.11111111,0.6015793
40.840695,-73.895195,0.22222222,12.313709,21.670729,0.0
40.80008,-73.94478333,0.0,14.071068,5.852116,11.414213
40.83337667,-73.90266,0.0,11.899495,39.053596,1.2031586
40.84419667,-73.89440833,0.0,10.794926,8.109196,0.22222222
40.808575,-73.90281667,7.5996637,0.0,5.0,9.138072
40.76869333,-73.95429333,0.0,7.2663293,1.452341,14.414213
40.81861,-73.88908167,0.0,3.5522847,8.615457,15.242641
40.81534,-73.90456667,0.0,11.138072,13.656855,12.378796
40.762765,-73.95658667,0.0,8.138071,7.2012424,9.550368
40.81880333,-73.898605,0.11111111,16.426172,12.183534,0.37935707
40.81410333,-73.88737833,0.0,4.092047,25.627419,20.059341
40.774265,-73.98473833,0.11111111,6.6759176,0.37935707,6.153864
40.82134,-73.927855,0.33333334,0.22222222,4.0236893,2.8205307
40.84086667,-73.9097,0.0,17.414213,23.692505,1.2031586
40.774745,-73.984385,0.49046817,8.2426405,0.11111111,8.177554
40.814255,-73.957215,0.0,5.138071,7.6568546,4.234744
40.79894167,-73.964235,0.0,63.91169,15.161199,6.414213
40.82690167,-73.91369,0.37935707,0.11111111,7.414213,7.3314176
40.82254333,-73.953395,0.0,9.355106,14.420193,3.0
40.77728833,-73.95733167,0.6015793,40.698486,0.0,18.58004
40.80421833,-73.91549333,0.22222222,0.22222222,37.138073,2.1380713
40.81152667,-73.880915,18.071068,0.0,42.138073,5.112466
40.83434333,-73.91990833,0.0,15.242641,24.471405,10.414213
40.833665,-73.92032667,0.0,17.414215,22.414211,8.414214
40.82685167,-73.91376333,0.37935707,0.11111111,7.414213,7.3314176
40.76511333,-73.97042333,0.86982524,49.526913,0.0,6.4806557
40.79196833,-73.94539667,0.0,21.656853,5.917204,0.75871414
40.811645,-73.94658833,0.0,26.656853,8.974395,0.44444445
40.81815,-73.89910667,0.0,16.426172,12.183534,0.64760303
40.80235333,-73.94311667,0.0,6.828428,9.564807,1.4063172
40.801715,-73.96771833,0.86982524,61.876266,0.0,2.0
40.83861167,-73.91312333,0.0,25.107841,23.142136,3.6522284
40.823425,-73.888585,0.0,4.4379025,7.161761,1.674563
40.82608167,-73.92573667,0.0,11.443883,1.988833,2.4142137
40.79502333,-73.95396167,9.355106,55.246708,17.656853,0.0
40.82094333,-73.925275,0.33333334,10.08088,0.0,2.958602
40.814165,-73.88828333,0.11111111,0.6015793,23.970562,23.79899
40.81237833,-73.90457167,0.0,0.6015793,3.8935149,6.7219415
40.808055,-73.95648833,0.0,17.899494,11.50897,0.7126904
40.77775833,-73.95703833,0.7126904,41.865433,0.0,19.20858
40.81642667,-73.91415667,3.9349127,0.22222222,0.22222222,8.828427
40.81249667,-73.88502167,0.91584903,0.0,35.00621,10.42809
40.83907,-73.91440167,0.0,20.0,17.727922,7.3314176
40.81158333,-73.91688333,0.0,17.142136,11.747547,6.138071
40.768995,-73.95503667,0.86982524,10.485281,0.0,16.833052
40.80872333,-73.89778667,16.602371,0.0,14.134239,22.31371
40.816435,-73.88768667,0.0,6.2189507,18.514952,22.828426
40.81832667,-73.91684167,0.11111111,12.313709,0.6015793,8.656855
40.82156,-73.928015,0.8888889,0.0,3.663396,3.6522288
40.83239167,-73.90333667,0.0,7.6568546,34.81095,1.2031586
40.77899667,-73.956075,0.7126904,40.414215,0.0,19.254602
40.82285333,-73.92338333,0.0,16.0,1.2031585,5.7475467
40.82591333,-73.88873167,0.0,4.3839827,8.242641,2.1380713
40.822095,-73.95734167,0.0,0.7126904,4.4142137,0.91584903
40.80212,-73.94967,0.22222222,30.414211,0.22222222,5.8284273
40.77415333,-73.95110833,0.49046817,19.414211,0.11111111,17.071068
40.81819833,-73.916905,0.11111111,12.313709,0.6015793,8.656855
40.82876667,-73.92789,0.11111111,10.159845,3.0887766,0.0
40.83191,-73.90241833,0.0,10.828427,37.50785,4.4379025
40.80067333,-73.94677167,0.7126904,20.242641,0.0,11.729839
40.83815,-73.91132167,0.0,22.656853,30.767403,1.674563
40.81517667,-73.88640667,0.0,3.8935149,24.171804,22.384777
40.80516833,-73.88276167,32.142136,0.0,29.79899,16.414213
40.76449167,-73.970955,2.02696,50.28427,0.0,6.5266795
40.85323,-73.93840833,0.22222222,49.08326,12.313709,0.22222222
40.828105,-73.95042167,0.0,9.242641,4.4142137,1.988833
40.82235,-73.92029667,0.0,26.175636,7.414213,8.117092
40.82775167,-73.95137667,0.0,5.414213,3.023689,0.91584903
40.81825833,-73.89914,0.0,16.426172,12.183534,0.64760303
40.79999167,-73.94485333,0.0,14.485282,6.4806557,12.047379
40.77068333,-73.95094,0.0,6.414213,7.223577,5.2426405
40.828835,-73.928,0.11111111,10.159845,3.0887766,0.0
40.85694833,-73.93497,0.0,46.2739,10.828426,2.4793007
40.84130833,-73.900165,3.6522288,0.0,19.747547,7.8869724
40.799435,-73.93549,0.0,15.071067,8.615457,0.91584903
40.80914,-73.94836,2.191991,24.79899,0.0,5.828428
40.77655,-73.95611333,0.49046817,35.62742,0.11111111,24.570225
40.81604167,-73.958805,0.11111111,8.615457,0.37935707,6.980936
40.76301,-73.95662833,0.0,9.138072,6.5266795,8.745631
40.80950667,-73.89142667,12.378797,0.0,26.32567,16.31371
40.81802,-73.91336167,3.6443324,1.2031586,0.0,10.071068
40.84339167,-73.915845,0.0,21.473553,9.971124,3.847491
40.80934833,-73.94817,1.1380712,25.384777,0.0,4.414213
40.80691833,-73.90655833,11.828426,0.0,17.556349,17.899494
40.83221833,-73.90327333,0.0,8.242641,35.00621,2.138071
40.84225833,-73.92103167,0.0,9.0,5.828428,6.3807116
40.82040167,-73.91189833,0.0,9.104569,1.2031586,1.2031586
40.80402167,-73.90588333,23.138071,0.0,24.357817,25.716194
40.826655,-73.90573167,0.0,4.3728156,13.597748,5.9776654
40.802315,-73.96764,0.6015793,60.982754,0.0,2.479301
40.82497833,-73.91044667,0.93491256,0.22222222,0.22222222,1.674563
40.810705,-73.89537667,17.100737,0.0,13.597748,27.923183
40.82158833,-73.91118,0.0,5.0,0.6015793,1.6094757
40.83162167,-73.90675333,0.0,2.4602373,26.384777,11.304458
40.81598167,-73.9144,3.0,0.49046817,0.11111111,9.2426405
40.77648833,-73.95602333,0.49046817,35.62742,0.11111111,24.570225
40.82165333,-73.95771833,0.0,0.7126904,3.138071,0.91584903
40.81915833,-73.95971333,5.4760303,0.22222222,0.22222222,2.958602
40.80439,-73.93966333,1.1840949,0.91584903,0.0,6.8284273
40.83409167,-73.91657,0.0,21.408464,28.004065,10.948789
40.814715,-73.88372333,3.138071,0.0,33.050884,15.94879
40.82550667,-73.92625333,0.0,8.615456,1.1380713,1.4714046
40.77490333,-73.958745,0.0,34.98715,0.6666667,19.994253
40.812295,-73.896195,10.7693205,0.0,7.0631714,21.656857
40.81901,-73.90958667,0.0,7.7475467,8.153865,9.136155
40.81774,-73.95390833,0.0,10.747547,5.066442,5.8284273
40.80501833,-73.94762833,0.0,26.970562,7.828428,7.242641
40.83684667,-73.92711167,0.0,13.256517,11.656855,5.8047376
40.770995,-73.950715,0.0,8.138071,6.6759176,5.917204
40.81086667,-73.95317667,2.3872535,5.307728,0.0,5.138071
40.828295,-73.95087,0.11111111,7.242641,4.414213,0.49046817
40.80816,-73.95641667,0.11111111,16.899494,10.964582,0.37935707
40.81243,-73.90501167,0.0,1.942809,5.828428,8.656854
40.83909667,-73.91447333,0.0,20.138071,17.31371,8.117091
40.76700667,-73.95641333,0.22222222,13.0,0.22222222,9.355106
40.79254,-73.94682833,0.11111111,26.414213,0.49046817,4.372815
40.83526833,-73.90144833,0.0,13.138072,41.24264,2.4793007
40.856515,-73.93510667,0.0,46.426407,9.242641,4.5029902
40.82633333,-73.95026,0.44444445,10.2426405,0.0,7.2012424
40.803115,-73.96389833,0.0,48.213432,13.242641,6.4142137
40.820025,-73.92680833,0.7126904,5.2807674,0.0,3.4142137
40.82212667,-73.949935,0.0,20.668816,14.414213,4.9093075
40.791905,-73.94524667,0.0,21.656853,5.917204,0.75871414
40.81447167,-73.95747833,0.0,6.414213,6.24264,4.437903
40.85225667,-73.938315,0.0,47.254837,9.92183,0.7126904
40.81508167,-73.886315,0.0,2.479301,25.58602,20.970562
40.80809,-73.90274667,9.504345,0.0,7.0,11.138072
40.80122333,-73.94783333,2.2110548,23.414213,0.0,9.242641
40.82135,-73.91785333,0.0,20.79899,11.886972,2.885618
40.82991833,-73.90180167,0.0,14.071068,33.112698,12.694981
40.83694667,-73.92715333,0.0,12.785113,10.656855,5.8047376
40.813395,-73.90709,0.0,8.414213,15.48528,12.828427
40.81255667,-73.90569167,0.0,4.096673,8.242641,11.071068
40.77214333,-73.94996833,0.0,12.828426,6.5266795,8.414213
40.81817667,-73.95628833,1.7587142,11.251891,0.0,10.119007
40.80300167,-73.94262,0.0,5.8521166,6.8284273,0.91584903
40.80516167,-73.885985,28.0,0.0,24.828426,4.4142137
40.80783667,-73.95663667,0.11111111,19.31371,12.923183,0.49046817
40.80955,-73.89108,11.899494,0.0,27.000235,15.899494
40.819325,-73.90856667,0.0,6.4142137,9.071068,6.5266795
40.80825667,-73.95634833,0.11111111,16.899494,10.964582,0.37935707
40.80397833,-73.905805,23.138071,0.0,24.357817,25.716194
40.77099333,-73.99316333,8.242641,0.49046817,0.0,7.6331654
40.83135333,-73.91834667,0.0,24.033731,15.656856,12.058546
40.81414167,-73.88836667,0.11111111,0.6015793,23.970562,23.79899
40.8254,-73.94795,0.0,19.485281,7.24264,13.65821
40.80539333,-73.94740833,0.0,27.384777,6.828428,7.6568537
40.81538333,-73.89838333,0.0,6.1854496,2.2840388,9.138072
40.81696333,-73.88806167,0.0,4.138071,15.686523,20.138071
40.83609333,-73.92751,0.0,12.414214,13.828426,3.8935149
40.82275167,-73.92344167,0.0,15.0,1.2031586,4.7475467
40.82993833,-73.92994333,0.11111111,7.3314176,12.453696,0.0
40.82039667,-73.892005,0.0,3.6522284,0.44444445,16.217035
40.81598,-73.958745,0.11111111,8.615457,0.37935707,6.980936
40.817515,-73.89825,0.0,12.183534,7.9408927,1.2031585
40.83765167,-73.8973,0.11111111,11.485282,28.97056,0.0
40.83061667,-73.907355,0.0,1.2031586,21.142136,9.355106
40.77056833,-73.99219333,5.9428086,1.8316981,0.0,9.0059805
40.809575,-73.890005,10.242641,0.0,29.828661,14.2426405
40.825195,-73.88873667,0.0,5.138071,7.1380715,5.138071
40.80363167,-73.96696,0.0,55.91169,4.8284273,5.852116
40.77238,-73.94979667,0.0,13.828426,5.852116,9.414213
40.80240833,-73.967625,0.6015793,60.982754,0.0,2.479301
40.8267,-73.91402,0.49046817,0.11111111,8.138071,5.917204
40.83859667,-73.92663333,0.0,11.842304,7.24264,0.33333334
40.80629333,-73.889,21.414215,0.0,28.0,1.0
40.840655,-73.90162333,5.7094197,0.0,24.414211,10.899494
40.81513667,-73.88382333,3.4142137,0.0,31.868704,15.751611
40.81886667,-73.95991167,5.1696568,0.11111111,0.37935707,2.958602
40.82002667,-73.90819833,0.0,3.8935144,7.5996637,8.380712
40.82146167,-73.92796333,0.33333334,0.22222222,4.0236893,2.8205307
40.813665,-73.94582167,0.0,28.94281,9.656855,4.8284273
40.81824167,-73.91688167,0.11111111,12.313709,0.6015793,8.656855
40.81805667,-73.91344833,3.6443324,1.2031586,0.0,10.071068
40.83864333,-73.91319,0.0,25.107841,23.142136,3.6522284
40.81979333,-73.90831333,0.0,4.8284273,8.117092,7.6568546
40.80110833,-73.94402167,0.0,9.828426,7.414213,7.242641
40.82469667,-73.91057667,0.22222222,0.75871414,0.33333334,0.6015793
40.80343833,-73.96708833,0.0,57.3259,3.4142137,5.58387
40.83186833,-73.90664667,0.0,3.2919352,27.384777,11.49972
40.80724,-73.906675,10.828426,0.0,17.142136,17.474113
40.82268,-73.95321333,0.0,9.355106,14.815343,3.9349127
40.768935,-73.95505833,0.86982524,10.485281,0.0,16.833052
40.83277167,-73.903065,0.0,9.071068,36.225166,0.49046817
40.82208667,-73.910895,0.22222222,4.414213,0.11111111,3.6522284
40.8232,-73.92321333,0.0,16.0,0.49046817,5.376086
40.819245,-73.913715,2.2761424,6.414213,0.0,7.9408927
40.83648333,-73.92732,0.0,12.691711,12.242641,5.414213
40.83076167,-73.91877,0.0,22.82268,13.242641,11.833053
40.81623167,-73.89753667,0.0,7.2012424,2.958602,5.138071
40.82138167,-73.91799833,0.0,20.79899,11.886972,2.885618
40.80097333,-73.94412833,0.0,9.828426,7.414213,7.242641
40.806535,-73.88917833,20.276144,0.0,29.138071,2.1380713
40.84036333,-73.90180333,5.0,0.0,25.828426,11.255162
40.81302833,-73.90721167,0.0,7.414213,15.071069,12.414213
40.804805,-73.88511833,29.414215,0.0,25.071068,7.7475467
40.83454333,-73.91979,0.0,14.242641,24.276142,10.828427
40.83864667,-73.926155,0.0,12.785113,8.2426405,0.49046817
40.79501,-73.95398833,9.355106,55.246708,17.656853,0.0
40.80662333,-73.94895833,0.0,27.935146,4.0808806,14.554995
40.81745333,-73.89815667,0.0,11.443883,7.2012424,1.4063172
40.84501833,-73.91352333,0.0,32.177784,1.6094757,0.11111111
40.82098,-73.88721,0.7126904,0.0,11.0,6.24264
40.817855,-73.95652667,1.8047379,10.872534,0.0,9.414213
40.79483167,-73.95433667,9.531305,55.899494,19.071068,0.0
40.77713667,-73.957435,0.7126904,39.698486,0.0,19.254602
40.81925333,-73.90859833,0.0,6.4142137,9.071068,6.5266795
40.81244,-73.89488,14.037566,0.0,10.02967,23.727924
40.76173167,-73.96657,1.9428092,30.142138,0.0,7.828428
40.82695167,-73.94724833,0.0,20.414213,9.414213,13.27558
40.78497667,-73.94679,0.0,21.556347,0.49046817,9.891599
40.8219,-73.888435,0.22222222,0.22222222,7.0,1.2031586
40.82236,-73.95447667,0.0,7.2012424,11.828426,3.5871413
40.81788667,-73.95979833,2.4142137,1.1380713,0.0,3.8935149
40.83744,-73.89967667,0.33333334,5.4142137,34.138073,0.0
40.82527167,-73.888725,0.0,5.138071,7.1380715,5.138071
40.84128667,-73.92176167,0.0,6.414213,7.138071,4.5029902
40.80174667,-73.949105,1.674563,28.138071,0.0,5.852116
40.84341333,-73.91587667,0.0,22.27829,9.431361,3.257079
40.82013167,-73.88858,0.11111111,0.37935707,6.8284273,8.414213
40.83858167,-73.92720833,0.0,9.013877,4.50299,1.2031586
40.822655,-73.9235,0.0,15.0,2.1380713,5.0808806
40.83583,-73.9024,0.0,11.0,43.591766,5.138071
40.804945,-73.94767833,0.0,27.970562,8.150594,8.242641
40.82152833,-73.95045333,0.0,20.622793,16.414213,3.0887766
40.81788167,-73.91705833,0.0,12.785113,0.7126904,9.242641
40.81590167,-73.91444167,2.0,0.22222222,0.22222222,8.591767
40.76961833,-73.989665,2.4602373,0.0,1.988833,6.675918
40.83799667,-73.9277,0.0,9.485281,6.8284273,3.8935149
40.82614,-73.88897,0.0,5.2617044,7.242641,2.479301
40.83855167,-73.90213833,0.11111111,0.49046817,32.24264,9.013876
40.76470333,-73.97289833,0.11111111,57.698486,1.2491823,0.49046817
40.85557833,-73.93567,0.0,47.183765,7.3314176,7.5187826
40.82728667,-73.92505,0.33333334,16.962666,0.11111111,3.636436
40.82537,-73.9076,0.0,1.2031585,6.24264,3.023689
40.8224,-73.95227333,0.0,12.923183,14.8502,2.6364357
40.84207833,-73.92109333,0.0,9.0,5.828428,6.3807116
40.82969667,-73.90787,0.0,0.49046817,17.31371,9.504345
40.81185167,-73.925565,0.0,3.3570225,13.516868,7.9776664
40.80381,-73.92020333,2.7666104,0.0,39.828426,5.414213
40.81133333,-73.91703333,0.0,18.556347,12.885618,5.0
40.83927167,-73.91502,0.0,18.138071,15.313709,9.439258
40.81451333,-73.91529833,0.11111111,3.8744512,0.22222222,8.071068
40.80464333,-73.95131833,0.0,31.142138,10.964582,16.242641
40.83100833,-73.90041833,0.0,17.414213,33.72792,12.378796
40.804365,-73.90781667,18.016586,0.0,28.04163,21.55635
40.80860167,-73.96556,0.0,40.142136,24.899494,2.958602
40.81764833,-73.91344333,3.3570225,0.49046817,0.11111111,9.071068
40.80523167,-73.94750333,0.0,27.384777,6.828428,7.6568537
40.814055,-73.91556,0.0,6.1854496,1.2031586,8.071068
40.80491833,-73.88591667,28.0,0.0,24.828426,4.4142137
40.82062667,-73.91577333,0.0,14.727922,6.1394258,8.099943
40.80379833,-73.942,0.0,6.1854496,4.3951497,0.91584903
40.81059333,-73.92731333,0.22222222,0.22222222,10.964582,1.2031586
40.85748,-73.929665,0.0,31.30796,18.58004,8.879077
40.81254,-73.95325333,0.0,1.6094757,2.138071,5.4142137
40.832545,-73.93138833,0.22222222,0.11111111,21.023129,5.307728
40.827805,-73.90421,0.0,7.138071,21.408466,5.307728
40.82658,-73.950725,0.44444445,7.828427,0.0,5.112466
40.81372333,-73.90694833,0.0,9.138072,14.899495,13.958603
40.76460167,-73.97295833,0.22222222,58.698486,1.4063172,0.11111111
40.82172333,-73.91921833,0.0,23.692503,9.138072,3.8935149
40.813085,-73.92314833,0.0,7.8948693,10.242641,5.138071
40.81392,-73.88961,0.22222222,0.33333334,21.727922,28.384777
40.76980833,-73.99017,2.4332774,0.0,2.820531,6.702878
40.831875,-73.90232333,0.0,10.828427,37.50785,4.4379025
40.81767667,-73.92969667,5.733109,0.0,2.9967291,4.138071
40.81320333,-73.94546167,0.0,30.414211,12.485281,4.4379025
40.81345333,-73.885275,0.0,0.64760303,31.982523,13.746985
40.81961667,-73.95940167,4.138071,0.11111111,0.37935707,2.4793007
40.81814,-73.95471,0.0,12.0,1.452341,8.276142
40.81944333,-73.911395,0.0,7.998084,0.93491256,4.4142137
40.83071167,-73.92000667,0.0,26.557701,11.138072,6.7219415
40.76987667,-73.99035333,2.4332774,0.0,2.820531,6.702878
40.80345167,-73.94227,0.0,6.4806557,5.2761426,0.7126904
40.81725667,-73.92993167,3.8935149,0.0,2.7205868,5.4142137
40.83688833,-73.927115,0.0,13.256517,11.656855,5.8047376
40.82800833,-73.95013833,0.0,9.828427,3.7475467,3.3570225
40.83146667,-73.90118833,0.0,14.138071,37.294083,8.680544
40.76247333,-73.96804833,2.138071,36.384777,0.0,14.071068
40.82784333,-73.92565667,0.6015793,15.18816,0.11111111,1.0920475
40.82799667,-73.95005,0.0,10.828427,4.0808806,4.234744
40.84351333,-73.91987667,0.0,15.656856,4.4379025,1.2031586
40.812365,-73.91644667,0.0,13.313709,8.08088,7.5996637
40.81402833,-73.88888833,0.0,0.93491256,24.07705,25.384777
40.81474,-73.91512167,0.37935707,3.0887766,0.11111111,8.542472
40.83737667,-73.92747833,0.0,10.42809,8.828426,5.828428
40.814145,-73.94713667,0.0,24.0,6.138071,6.284039
40.82126833,-73.95832667,0.49046817,0.0,1.2031586,2.138071
40.83437667,-73.92855167,0.0,8.242641,19.138071,5.4142137
40.80862333,-73.96563667,0.0,40.142136,24.899494,2.958602
40.81327333,-73.92282667,0.0,7.940893,9.656855,6.0808806
40.81744,-73.88834167,0.0,3.8935149,13.597748,18.138071
40.82336833,-73.89170167,1.6666666,10.42809,0.0,7.414213
40.85924333,-73.932395,0.11111111,42.38015,19.656857,0.49046817
40.814825,-73.919775,0.0,16.414213,1.674563,7.6568546
40.81404333,-73.88878,0.0,0.93491256,24.07705,25.384777
40.764625,-73.97295167,0.22222222,58.698486,1.4063172,0.11111111
40.80459167,-73.90818667,15.751611,0.0,27.935144,19.727924
40.813245,-73.92286667,0.0,8.615457,10.656855,5.4142137
40.81278833,-73.91622,0.0,11.370899,6.0808806,8.542472
40.80390167,-73.92041333,2.1190076,0.0,39.24264,6.828428
40.81099833,-73.90983333,0.0,3.6522284,23.363003,1.5174283
40.82724,-73.925075,0.33333334,15.548453,0.11111111,3.9237454
40.83019833,-73.91389667,0.0,8.242641,16.31371,3.8935144
40.80953333,-73.94804833,0.49046817,24.970562,0.11111111,3.4142137
40.82303667,-73.891675,1.7587141,9.531305,0.0,8.414213
40.83259333,-73.93136167,0.22222222,0.11111111,21.023129,5.307728
40.83463667,-73.92967333,0.0,5.1505933,19.656853,9.138072
40.82489667,-73.908085,0.0,1.1380713,3.8935144,2.479301
40.81839333,-73.95611833,0.93491256,11.443883,0.0,10.690356
40.76263,-73.968215,2.0,37.384777,0.0,15.071069
40.829785,-73.93088833,0.0,6.4379025,11.138072,0.11111111
40.7619,-73.96700833,3.153864,32.55635,0.0,10.242641
40.81083,-73.91734333,0.0,19.970562,13.747547,4.138071
40.82111167,-73.88534,5.307728,0.0,17.828426,10.071068
40.82645,-73.95061333,0.44444445,7.828427,0.0,5.112466
40.81158833,-73.92607,0.0,2.2380152,12.359732,7.242641
40.80337,-73.94233333,0.0,6.4806557,5.2761426,0.7126904
40.83911833,-73.92587,0.0,12.899494,8.414214,0.6015793
40.808745,-73.947835,2.3412297,27.213203,0.0,6.138071
40.82117667,-73.88607833,3.023689,0.0,15.0,7.3314176
40.81264667,-73.95296333,0.0,2.4793007,2.4332774,4.4142137
40.81564,-73.95690833,0.0,6.4806557,4.3728156,1.6094756
40.825845,-73.94897667,0.0,16.071068,3.8935144,11.71213
40.81370333,-73.94867167,0.0,18.94281,10.071068,4.4379025
40.82844833,-73.92735333,0.11111111,11.305812,1.2031586,0.11111111
40.81333667,-73.92272167,0.0,7.940893,9.656855,6.0808806
40.83042667,-73.91376333,0.0,8.7903,16.899494,3.8744512
40.84415667,-73.89739333,0.33333334,0.11111111,8.0,0.6015793
40.81791833,-73.95433833,0.0,11.414213,3.6522284,6.4142137
40.821515,-73.91852333,0.0,22.083029,11.242641,2.138071
40.80163333,-73.94363333,0.0,8.138072,8.414213,4.828428
40.80132833,-73.943845,0.0,8.414214,8.276142,5.828428
40.834315,-73.92837667,0.0,9.242641,19.0,4.4142137
40.81921667,-73.91067833,0.0,8.028316,4.08088,6.7219415
40.84013167,-73.92539667,0.0,13.510886,9.414214,3.6173718
40.81359,-73.88531167,0.11111111,0.49046817,31.242872,14.727922
40.82975667,-73.90783333,0.0,0.75871414,17.727924,8.542472
40.815735,-73.89806167,0.0,7.2012424,2.958602,7.2761426
40.81234667,-73.95340167,0.0,1.452341,1.0,6.8284273
40.82249167,-73.95271167,0.0,11.50897,14.834408,2.9237452
40.814285,-73.89131167,1.5364919,0.0,15.313709,25.106716
40.82158333,-73.918755,0.0,22.757591,10.828426,2.1380713
40.81678333,-73.93015333,3.4142137,0.0,2.4983647,5.8284273
40.823105,-73.89168,1.7587141,9.531305,0.0,8.414213
40.83219333,-73.93154167,0.11111111,0.22222222,19.856182,3.8935144
40.76427,-73.97202167,0.7126904,54.28427,0.0,3.3570225
40.84482833,-73.90945333,0.0,19.242641,15.207223,1.6745632
40.80729333,-73.92837833,2.8856182,0.0,17.55635,11.809362
40.80452333,-73.92188333,2.7666104,0.0,34.071068,6.8284273
40.80339667,-73.93818667,0.0,4.299832,1.1380712,8.828426
40.81888,-73.91659167,0.0,12.359733,2.0,7.3314176
40.81246833,-73.94955167,0.0,14.414213,7.414214,3.6982524
40.81404833,-73.94690333,0.0,25.0,7.138071,5.138071
40.82136167,-73.92833,1.6476029,0.0,2.7666106,4.437903
40.80635667,-73.889095,21.276144,0.0,28.138071,1.2031586
40.82911,-73.90821167,2.1190076,0.0,13.899494,9.242641
40.82586,-73.88949,0.0,7.5759735,4.828428,4.1998878
40.85877333,-73.93146,0.0,38.69905,20.31371,2.138071
40.81028333,-73.92198167,0.0,16.76932,21.556347,3.0236893
40.79804167,-73.95286667,0.7126904,47.384777,11.828427,0.0
40.80984,-73.92785833,0.11111111,0.37935707,13.071068,2.1380713
40.80361167,-73.95214667,0.0,33.899498,10.723296,13.485281
40.76284333,-73.96785833,1.2031585,36.79899,0.0,14.48528
40.814625,-73.89142833,1.0,0.0,14.485282,24.213203
40.81647667,-73.887725,0.0,5.349127,17.840387,22.414215
40.83364,-73.89647333,0.0,24.061256,22.242641,3.4142134
40.80329833,-73.94238167,0.0,6.4806557,5.2761426,0.7126904
40.83959167,-73.92559,0.0,13.852117,10.08088,2.479301
40.83264333,-73.931335,0.11111111,0.22222222,21.985,6.24264
40.82449333,-73.91015167,0.11111111,0.49046817,1.6745632,2.1380713
40.82129,-73.92834,1.0920475,0.0,3.099944,5.066442
40.81275833,-73.90656667,0.0,6.0,12.656854,13.920475
40.769775,-73.99008833,2.885618,0.0,2.3031025,6.1854496
40.82084,-73.9158,0.0,15.727922,6.9251003,8.142696
40.82761833,-73.94916167,0.0,13.414213,4.437903,7.2663302
40.81524667,-73.95805167,0.0,9.656854,2.479301,5.2761426
40.81829,-73.92945667,5.1045694,0.0,2.6094759,3.8935149
40.81127667,-73.909725,0.0,3.8935149,22.414213,2.7666104
40.77451333,-73.95420833,1.0269601,25.72792,0.0,24.30198
40.80468333,-73.90828667,15.18816,0.0,27.13041,18.727924
40.82680833,-73.94690333,0.0,21.414213,10.414213,12.378796
40.844145,-73.89735667,0.0,0.49046817,8.138072,0.75871414
40.82030833,-73.92698667,0.11111111,3.8935144,0.49046817,3.023689
40.839385,-73.91536,0.0,17.414213,13.899494,9.718671
40.842035,-73.92112333,0.0,8.0,5.414213,6.741005
40.81553333,-73.95826667,0.0,10.550368,1.2031585,6.414213
40.81315833,-73.88520667,0.33333334,0.22222222,33.39674,12.332773
40.81298167,-73.94563,0.0,29.414211,12.071068,3.6982524
40.815525,-73.93056167,1.0,0.0,2.988833,9.656855
40.803695,-73.91987833,2.4142134,0.0,40.671295,4.414213
40.80816,-73.90797167,6.414213,0.0,20.485281,10.828426
40.85690667,-73.93263833,0.0,39.590084,11.242641,2.4332774
40.82208167,-73.92028833,0.0,26.321604,8.39515,7.5996637
40.80601,-73.92541,2.1190076,0.0,23.556349,1.6094757
40.810435,-73.92186333,0.0,16.865992,20.556347,2.2840388
40.809095,-73.91836833,0.0,18.55635,20.414211,3.0236893
40.82474667,-73.89153833,0.49046817,14.010606,0.11111111,2.479301
40.81019667,-73.90880333,0.33333334,0.11111111,20.885618,5.138071
40.83842,-73.916895,0.0,11.414214,12.485281,7.2663302
40.809715,-73.90743667,1.0,0.0,16.414213,10.828426
40.81009,-73.927665,0.11111111,0.37935707,12.485281,1.2031585
40.83448,-73.930355,0.0,3.257079,21.485281,11.376087
40.812825,-73.94932167,0.0,15.276142,8.828426,3.8744512
40.80444333,-73.91893833,0.0,1.1380713,38.080883,3.0887766
40.80334667,-73.95302833,0.0,33.242638,13.899495,14.337398
40.82368333,-73.89173,1.6666666,11.842304,0.0,6.828428
40.82123,-73.88556,4.4379025,0.0,17.0,9.071068
40.8046,-73.94143833,0.0,5.288664,1.8316981,1.452341
40.81237667,-73.949585,0.0,14.828426,6.4142137,4.3728156
40.80978667,-73.92964,5.112466,0.0,11.138072,7.828427
40.85893667,-73.93136667,0.0,38.69905,20.31371,2.138071
40.82996,-73.93151333,0.22222222,4.5522842,12.828426,0.22222222
40.819655,-73.89152167,0.93491256,0.37935707,0.11111111,15.980375
40.81330167,-73.88524333,0.33333334,0.22222222,32.65709,13.313709
40.85518833,-73.93694167,0.0,50.24694,10.899494,6.1854496
40.83255833,-73.89838167,0.0,24.037565,28.213203,8.138072
40.81559833,-73.91829333,1.3602935,13.138071,0.0,12.414214
40.80924333,-73.91826167,0.0,19.83249,19.138071,1.6094756
40.80470333,-73.91885167,0.0,2.4142137,36.747547,3.4142137
40.82197333,-73.92003167,0.0,26.05934,8.138072,6.702878
40.815235,-73.95663333,0.0,5.066442,5.787029,0.64760303
40.85529333,-73.93583333,0.0,47.769554,7.5996637,8.204513
40.803095,-73.93839333,0.0,3.8744512,2.4142134,7.414214
40.8145,-73.918875,0.0,17.242641,1.2031586,11.071068
40.81526667,-73.93057833,0.8888889,0.0,2.7205868,9.299831
40.80337333,-73.95308667,0.0,33.242638,13.899495,14.337398
40.814035,-73.955765,0.22222222,0.33333334,10.409027,2.0
40.82389167,-73.89176333,1.6015792,12.693065,0.0,5.828428
40.80461833,-73.91887833,0.0,1.1380713,38.080883,3.0887766
40.83068,-73.91359833,0.0,9.514157,17.899494,3.3570225
40.85740833,-73.93059667,0.0,33.933228,16.621437,7.166386
40.83454167,-73.93030167,0.0,3.7284834,20.485281,11.138072
40.83276167,-73.89810667,0.0,24.14078,27.627419,7.0
40.857455,-73.93031667,0.0,33.055508,17.165825,7.664751
40.80481167,-73.91867167,0.0,2.4142137,36.747547,3.4142137
40.77010667,-73.99117,3.0,0.0,1.452341,8.304458
40.81252333,-73.95107667,0.11111111,9.414214,5.261704,0.49046817
40.83233667,-73.89868,0.0,23.674004,28.79899,9.414213
40.80829667,-73.94681833,2.6824596,30.100176,0.0,9.242641
40.81456,-73.91882667,0.0,16.242641,0.93491256,12.071068
40.81517333,-73.91906333,0.11111111,16.138071,0.11111111,9.828426
40.82887833,-73.908305,2.1190076,0.0,13.899494,9.242641
40.85512833,-73.93696833,0.0,50.24694,10.899494,6.1854496
40.77016833,-73.99154333,3.4142137,0.22222222,0.22222222,8.090131
40.81960833,-73.913395,1.9618726,7.138071,0.0,6.526679
40.81500833,-73.91942333,0.0,16.896786,0.75871414,8.2426405
40.85722,-73.93105167,0.0,34.98715,14.727922,5.714045
40.85552167,-73.936775,0.0,51.126575,10.899494,5.847491
40.81204167,-73.94990333,0.0,14.2426405,5.0618167,4.3728156
40.85583333,-73.93666333,0.0,51.59798,11.370899,5.034857
40.828855,-73.90831667,3.0999439,0.0,12.899494,8.828427
40.81432167,-73.89132167,1.5364919,0.0,15.313709,25.106716
40.85713333,-73.93130333,0.0,35.883934,14.313709,5.2426405
40.81675667,-73.89203333,2.479301,0.0,8.647603,17.899494
40.80973833,-73.92792667,0.0,0.7126904,14.071068,3.1380713
40.80423333,-73.91932333,0.22222222,0.22222222,39.414215,3.3570225
40.81467667,-73.91854833,0.33333334,14.828426,0.22222222,12.656855
40.82145,-73.95812833,0.49046817,0.0,2.1380713,2.1380713
40.81442,-73.95597,0.0,1.6094756,9.3011875,0.6015793
40.856415,-73.93626,0.0,50.426407,10.964582,3.8935144
40.77018333,-73.99162667,3.4142137,0.22222222,0.22222222,8.090131
40.82824,-73.9269,0.11111111,12.359732,0.49046817,0.33333334
40.80425167,-73.92123667,2.4142134,0.0,36.656853,9.380712
40.84107,-73.89917,0.22222222,0.22222222,20.0,3.8284273
40.82164667,-73.88878333,0.11111111,0.37935707,5.0,3.0887766
40.82412667,-73.90921167,0.11111111,0.49046817,1.9888327,5.39515
40.80909833,-73.92884,0.91584903,0.0,14.414213,6.7219415
40.82503167,-73.89103333,0.44444445,13.971124,0.11111111,1.0
40.818105,-73.91491,1.2031585,6.1854496,0.0,13.351835
40.80627833,-73.92616,2.4142134,0.0,20.970562,4.4379025
40.80845833,-73.94718333,2.590412,29.627419,0.0,7.414214
40.81610667,-73.91743333,2.804738,10.828427,0.0,14.896786
40.80555833,-73.91445333,0.0,1.5174283,33.242638,7.6568546
40.817195,-73.91591667,2.915849,7.5996637,0.0,13.880431
40.814215,-73.91909667,0.0,17.656853,2.1190076,11.485282
40.81357667,-73.93051833,0.93491256,0.7126904,0.0,3.4142137
40.80937,-73.90755667,2.0,0.0,16.828426,11.2426405
40.81619667,-73.91728,2.804738,10.828427,0.0,14.896786
40.82432,-73.891795,0.7126904,13.528034,0.0,3.8935149
40.82969667,-73.93133,0.11111111,5.272871,11.414213,0.22222222
40.85721333,-73.93543667,0.0,48.66905,12.656855,3.3300626
40.82498333,-73.89111167,0.44444445,13.971124,0.11111111,1.0
40.81428833,-73.93073,0.0,1.3602934,0.49046817,5.828428
40.82487,-73.89134,0.22222222,14.247267,0.22222222,1.2031586
40.818625,-73.89255833,0.37935707,0.11111111,4.4379025,13.414214
40.857525,-73.93105667,0.0,35.550602,15.727922,6.2617044
40.80445,-73.91175833,4.034857,0.0,40.14947,15.934913
40.80843333,-73.94712167,2.590412,29.627419,0.0,7.414214
40.85603167,-73.933035,0.11111111,37.81558,6.8284273,0.49046817
40.813145,-73.909155,0.0,10.115736,20.708858,5.414213
40.81104333,-73.92142333,0.0,17.499157,17.72792,3.138071
40.81352833,-73.9304,1.2031585,1.0920475,0.0,3.138071
40.80903667,-73.92879167,0.37935707,0.11111111,14.828426,6.2426405
40.80518333,-73.91342167,0.0,0.8238015,35.899498,11.242641
40.812905,-73.92964667,4.8284273,0.11111111,0.49046817,0.75871414
40.80898833,-73.92874167,0.37935707,0.11111111,14.828426,6.2426405
40.81502667,-73.91809667,0.8238015,13.414214,0.0,13.2426405
40.854865,-73.93569667,0.0,45.941124,5.714045,9.258434
40.81855,-73.89262167,0.37935707,0.11111111,4.4379025,13.414214
40.81827167,-73.91469833,2.0269601,5.288664,0.0,13.202597
40.81395,-73.93084667,0.22222222,1.0920475,0.11111111,4.828428
40.85452333,-73.93458833,0.0,41.526913,1.674563,7.242641
40.80894167,-73.92854167,0.0,0.75871414,16.242641,6.828428
40.80492667,-73.912115,2.322166,0.0,38.913376,14.923745
40.82198,-73.911665,0.0,7.414213,0.6015793,2.138071
40.81380333,-73.91938833,0.0,18.599663,3.4142137,10.9645815
40.83317833,-73.93103333,0.0,0.33333334,24.03294,8.656855
40.85454167,-73.93464667,0.0,41.526913,1.674563,7.242641
40.81541333,-73.91722333,2.138071,9.138071,0.0,15.737736
40.80440167,-73.911645,4.034857,0.0,40.14947,15.934913
