lat,long,surface_elevation_res100_mean_3x3
40.78876333,-73.971665,104.668015
40.788875,-73.97192833,104.668015
40.78908,-73.96708,117.017006
40.78908167,-73.97255,99.79169
40.78795333,-73.96969667,112.456314
40.78418333,-73.97021167,110.622604
40.78470833,-73.96975167,116.154434
40.78886333,-73.96676667,117.017006
40.788585,-73.97130333,109.932816
40.78418333,-73.966635,115.48326
40.78182667,-73.98672167,50.573906
40.81512333,-73.95032333,100.62252
40.76774167,-73.98230833,78.30196
40.78370667,-73.96508333,115.2624
40.77094667,-73.97968333,74.597984
40.79593833,-73.95570333,57.38297
40.78512667,-73.97289167,88.70405
40.78309833,-73.95583833,104.658356
40.781915,-73.96325,104.899994
40.777375,-73.94459,19.002594
40.78476,-73.97195,93.37864
40.781725,-73.94579667,12.380505
40.78740333,-73.98071167,53.282974
40.758905,-73.96015833,58.826756
40.78264333,-73.98460333,65.094765
40.79036333,-73.97688333,79.17034
40.81563833,-73.94998833,76.55783
40.77889,-73.94784,33.32527
40.78934667,-73.973275,101.86442
40.79867333,-73.95970667,80.2597
40.78009,-73.94704833,24.65496
40.76795333,-73.982415,79.932655
40.78694667,-73.97984667,56.609833
40.78111,-73.98738167,46.232536
40.789975,-73.97607667,77.824844
40.79138333,-73.96195667,91.974945
40.78667,-73.97963,61.12538
40.78251333,-73.95438833,93.341835
40.79177333,-73.96295833,95.24555
40.790355,-73.941705,10.109177
40.78309667,-73.98581667,40.686325
40.79022,-73.96991,116.810356
40.79833667,-73.95996333,80.2597
40.76804,-73.98242,79.932655
40.77158667,-73.97728333,74.73068
40.77291833,-73.94637333,36.098953
40.79016,-73.96973667,119.06471
40.796185,-73.95559167,57.38297
40.75887667,-73.96010333,61.502544
40.78978167,-73.97565,83.070625
40.79883167,-73.95958667,80.2597
40.81433333,-73.95093167,84.63558
40.76942167,-73.98085833,75.748955
40.78273833,-73.96359333,111.58582
40.78117,-73.96236,103.84992
40.76812833,-73.98243167,79.932655
40.78737833,-73.98065667,49.94729
40.79151333,-73.96223833,91.974945
40.784905,-73.97228167,93.37864
40.78302333,-73.984475,54.728878
40.78964,-73.97515667,89.04854
40.78093667,-73.96217833,95.1254
40.7896,-73.95764833,90.9119
40.84138833,-73.89286,100.47669
40.78989667,-73.95836333,97.2801
40.79522,-73.93310667,10.740086
40.80721667,-73.898815,34.83939
40.78651667,-73.975995,85.104004
40.78789333,-73.98061167,53.282974
40.807085,-73.96706333,92.839386
40.79345333,-73.96702333,95.382256
40.77439333,-73.98249667,72.6028
40.79726333,-73.95459,30.164083
40.79543,-73.93384167,11.168401
40.78633833,-73.97887167,62.264107
40.78922667,-73.98053,64.24048
40.79635667,-73.9723,80.33777
40.785675,-73.98471,24.033455
40.77546,-73.98227833,77.320915
40.78637333,-73.94239,8.497617
40.78618,-73.97824333,67.32725
40.78652667,-73.97923667,61.12538
40.79070667,-73.977965,75.1944
40.78925667,-73.973785,95.43851
40.79981333,-73.95881833,65.431404
40.76774,-73.98191,78.30196
40.78785167,-73.98061833,53.282974
40.84360667,-73.92448833,115.37418
40.80784333,-73.89894667,34.83939
40.768135,-73.95300667,26.53137
40.79106833,-73.956465,73.084015
40.78053667,-73.94668333,20.175802
40.795475,-73.955205,51.453625
40.79209333,-73.97388833,87.73264
40.78605333,-73.95322833,94.73213
40.78691833,-73.97746833,72.27902
40.79670167,-73.93201,11.545704
40.77552167,-73.982295,77.320915
40.77540667,-73.94437,29.386166
40.79201333,-73.97374167,87.73264
40.78166,-73.94584167,12.380505
40.78687833,-73.97750833,72.27902
40.77422333,-73.98251167,72.6028
40.80458667,-73.95585,35.93107
40.84209167,-73.89406167,105.60343
40.776545,-73.94356667,22.07929
40.79146333,-73.97264167,99.58029
40.78903,-73.980605,53.526207
40.78774167,-73.95382833,73.661255
40.75905833,-73.96049833,58.826756
40.79043,-73.94182667,10.109177
40.78324167,-73.95644,106.40637
40.75906667,-73.95949,46.637928
40.79417333,-73.97020667,90.383255
40.81011333,-73.89813167,20.487316
40.77857833,-73.94727833,27.95577
40.78666,-73.97653167,79.24725
40.78367667,-73.98390167,64.13852
40.80542167,-73.899475,29.520857
40.79101833,-73.95653167,73.084015
40.77597333,-73.94396667,24.772163
40.78499833,-73.98472333,33.133163
40.77330833,-73.94893667,47.629543
40.78573,-73.98470667,24.033455
40.75916167,-73.96068667,58.826756
40.79774,-73.951185,20.357382
40.797615,-73.95443833,30.164083
40.76783,-73.97065667,55.78218
40.783335,-73.95697833,106.40637
40.78617833,-73.95362833,94.73213
40.79653667,-73.93213833,11.545704
40.79676667,-73.95492333,49.422684
40.82287167,-73.887255,48.175583
40.79073667,-73.95680833,76.912926
40.84343167,-73.92461167,130.30151
40.80613167,-73.902365,23.884544
40.81362667,-73.89948167,36.74389
40.78071167,-73.9465,15.55847
40.805955,-73.947145,24.672386
40.80953,-73.95983667,113.97929
40.79690667,-73.95479667,49.422684
40.78186167,-73.945695,10.857418
40.791,-73.971625,104.49522
40.7908,-73.97831833,75.1944
40.79080333,-73.97892167,71.64589
40.8226,-73.88750833,48.175583
40.78434667,-73.983185,55.41356
40.7966,-73.97217667,80.33777
40.78591667,-73.94266,8.497617
40.77342667,-73.94932167,46.014866
40.77396333,-73.98251167,73.15799
40.77660833,-73.94351667,22.07929
40.79038833,-73.95702833,76.912926
40.806175,-73.96737333,86.41908
40.78188,-73.95818167,102.61656
40.816245,-73.94980333,87.958954
40.83678667,-73.91806833,63.837532
40.77375833,-73.95192833,46.206207
40.79000333,-73.95868167,97.2801
40.773365,-73.96004167,59.403427
40.806685,-73.89871333,33.587532
40.843095,-73.92465667,130.30151
40.76888333,-73.98121,75.748955
40.78656667,-73.954495,85.14852
40.77355667,-73.95993833,56.870285
40.790915,-73.97859167,75.1944
40.76849333,-73.95254167,23.036737
40.79723333,-73.97175333,88.19158
40.79215333,-73.96372167,94.54404
40.78659167,-73.95286,81.09287
40.75933833,-73.961075,62.138443
40.79645333,-73.97226167,80.33777
40.80002167,-73.96766833,104.57258
40.79414667,-73.949095,13.994362
40.797535,-73.96059167,91.496216
40.795155,-73.93322,11.325542
40.78681,-73.94806167,26.827295
40.81350667,-73.899135,34.533024
40.84315667,-73.90962667,71.280785
40.76121,-73.95757833,20.480946
40.83735333,-73.91770833,67.62385
40.77075833,-73.98724667,74.730034
40.80615167,-73.87953667,14.732058
40.765805,-73.97206,49.391876
40.83370667,-73.9024,68.502655
40.79562833,-73.95461833,49.431625
40.811215,-73.90329667,31.95758
40.79555833,-73.93413833,10.317664
40.81547667,-73.90040833,49.54456
40.80417,-73.95488,36.858185
40.84413333,-73.92372,123.43471
40.80892667,-73.895605,13.249459
40.7693,-73.95195833,22.949787
40.84142667,-73.92564667,135.30714
40.79075333,-73.942635,10.278083
40.83194167,-73.92131667,63.10728
40.77091833,-73.98715333,74.730034
40.81051333,-73.89874,32.823444
40.81975,-73.897585,34.985195
40.843665,-73.90627,77.02234
40.767875,-73.970495,55.78218
40.79014833,-73.941085,9.540701
40.79409667,-73.97013333,90.383255
40.80541333,-73.88117167,15.078415
40.84028333,-73.91002833,75.29219
40.80749333,-73.88944167,14.350455
40.75951,-73.95901667,47.694424
40.817495,-73.90356167,49.272617
40.807605,-73.96688667,92.839386
40.786255,-73.97541167,84.70529
40.835245,-73.912915,71.78384
40.81892,-73.89614833,28.83256
40.78149167,-73.95433333,89.29681
40.84229167,-73.92512667,135.11351
40.80517667,-73.90222167,14.8892565
40.83730333,-73.917745,67.62385
40.76218833,-73.95701833,26.510714
40.83208833,-73.91789333,85.95662
40.76223,-73.956985,26.510714
40.75945667,-73.96148333,62.138443
40.84112667,-73.90956,74.44716
40.7854,-73.94763167,22.833729
40.765855,-73.97201333,49.391876
40.76086,-73.95799667,20.480946
40.76041333,-73.96383333,61.694965
40.80545833,-73.88087333,15.078415
40.782095,-73.98283833,79.4207
40.785155,-73.94646,11.86305
40.84341,-73.90953333,71.280785
40.793605,-73.969145,100.87381
40.79004833,-73.94900333,37.57567
40.80547333,-73.95807667,41.123245
40.780215,-73.98504833,62.407856
40.84277667,-73.89324667,99.018906
40.786845,-73.95255667,76.77647
40.79237667,-73.95508,73.46922
40.841025,-73.92208333,97.23691
40.842125,-73.892235,95.58056
40.80855,-73.88972167,12.539173
40.75958833,-73.958945,47.694424
40.76490833,-73.96860667,49.02146
40.81226,-73.95697833,38.426487
40.76693167,-73.971345,49.48133
40.82323333,-73.88797,50.3139
40.79340167,-73.97463167,76.61027
40.785135,-73.946495,11.86305
40.79158,-73.95584,70.772415
40.84419667,-73.91757833,52.484688
40.81484833,-73.90011833,42.004215
40.76595333,-73.97195667,49.391876
40.767035,-73.97126833,49.48133
40.7991,-73.93475833,11.924869
40.76495667,-73.96877667,49.02146
40.79514333,-73.94826333,13.147284
40.79778667,-73.971365,93.0751
40.79191833,-73.95539167,73.46922
40.7742,-73.95947,62.32982
40.772585,-73.96063833,55.196682
40.80943333,-73.903525,45.05929
40.76733,-73.971035,49.48133
40.80945167,-73.90302833,45.05929
40.78214667,-73.957995,106.57413
40.79019833,-73.949355,27.831722
40.81173833,-73.95730833,38.426487
40.77413167,-73.95949333,62.32982
40.79134,-73.97253333,99.58029
40.76757167,-73.970795,49.48133
40.80805833,-73.964165,126.466675
40.774125,-73.952775,50.661343
40.800805,-73.96780333,106.38602
40.77790333,-73.94580833,23.778324
40.77318667,-73.960155,59.403427
40.77407667,-73.95950833,62.32982
40.842745,-73.90968333,71.280785
40.80889833,-73.89594667,12.729409
40.79741333,-73.93151,11.416963
40.797755,-73.96144,93.079544
40.79770167,-73.95109333,20.357382
40.79168167,-73.95569667,70.772415
40.80831,-73.96358167,126.466675
40.84411,-73.91739333,52.484688
40.79453667,-73.96988833,86.21337
40.80643333,-73.879635,14.732058
40.79355167,-73.96904,100.87381
40.775965,-73.983515,71.62605
40.84416833,-73.91753833,52.484688
40.76125333,-73.95755667,20.480946
40.78030667,-73.98553167,63.161606
40.78470667,-73.94354333,8.966184
40.84131333,-73.92570833,135.30714
40.78652,-73.97783167,72.27902
40.80602167,-73.95793167,41.123245
40.765515,-73.972215,49.391876
40.79043667,-73.97948333,71.64589
40.84361667,-73.90565167,77.02234
40.81940667,-73.89642,28.83256
40.76878333,-73.972105,64.673584
40.84403833,-73.92396833,123.43471
40.76729167,-73.97109,49.48133
40.80930667,-73.90371167,45.05929
40.81096833,-73.95429833,27.364449
40.83376333,-73.90236333,68.502655
40.84268,-73.89312667,99.018906
40.81085833,-73.95801667,65.30814
40.806325,-73.94812,25.760773
40.80256,-73.90793333,7.752638
40.77346333,-73.94937833,46.014866
40.78015333,-73.98492333,68.239334
40.794275,-73.970135,90.383255
40.809025,-73.89464833,13.506793
40.81426333,-73.899735,42.004215
40.809555,-73.90311167,45.05929
40.809115,-73.96292,133.3581
40.78233333,-73.95783,106.57413
40.806415,-73.88759333,25.47319
40.80860333,-73.96336167,136.53891
40.81740667,-73.95013333,103.452095
40.79564833,-73.954585,49.431625
40.817455,-73.903075,49.272617
40.79130833,-73.95623667,70.772415
40.84535833,-73.91732667,77.688385
40.84362,-73.90507833,66.69572
40.77346667,-73.951195,46.206207
40.81729167,-73.90236167,50.773403
40.80168167,-73.96040833,67.73392
40.78727667,-73.944875,13.296984
40.77126667,-73.98692,74.730034
40.78649167,-73.94251333,8.497617
40.79031333,-73.95009667,27.831722
40.804875,-73.884795,18.679155
40.82247167,-73.95473333,69.608765
40.78921333,-73.947025,19.79253
40.78557667,-73.94809667,22.833729
40.80473,-73.95631167,35.93107
40.81544167,-73.906315,39.472588
40.84464833,-73.906095,84.25956
40.76914833,-73.98854333,63.128067
40.82298167,-73.95643167,50.466953
40.799075,-73.96454833,112.16898
40.77375167,-73.95014667,46.014866
40.83540667,-73.90134833,71.07456
40.80789833,-73.89738667,15.780811
40.845115,-73.91745,68.90833
40.80801667,-73.904615,46.480415
40.827285,-73.91316,29.050991
40.83562167,-73.914005,83.61241
40.82942333,-73.91233667,24.575817
40.79915667,-73.96472333,112.16898
40.82940167,-73.91226833,24.575817
40.83290167,-73.91735333,96.654526
40.81755667,-73.953495,86.667725
40.82632333,-73.90972167,28.410576
40.77681833,-73.95696333,82.45065
40.80412167,-73.91689667,37.83962
40.84391667,-73.894685,95.33517
40.83496167,-73.91581333,96.24245
40.82145833,-73.89158833,52.15284
40.83334167,-73.91717,96.654526
40.79961667,-73.93579667,13.5566435
40.82669667,-73.909525,26.742863
40.826975,-73.925235,37.582138
40.81751,-73.90352,49.272617
40.83936333,-73.91058667,73.05813
40.82338833,-73.92255,49.069645
40.818075,-73.95286,103.18123
40.84474833,-73.9122,58.22847
40.81188,-73.903805,29.584175
40.83529333,-73.92686333,101.2493
40.843765,-73.90882667,65.75546
40.77586333,-73.99138833,21.967628
40.80243333,-73.962415,98.25642
40.84425667,-73.893215,97.18402
40.81923333,-73.89811667,37.510563
40.84407833,-73.89667833,68.05281
40.84127,-73.92572833,135.30714
40.84387167,-73.89257667,96.71274
40.774705,-73.95827667,59.422295
40.80229333,-73.93841,16.615543
40.79930667,-73.96528333,112.16898
40.79698333,-73.94929167,16.314865
40.81553333,-73.88392667,27.11277
40.83639,-73.89794333,77.76828
40.80842,-73.896715,15.780811
40.76938833,-73.98891833,52.640823
40.808115,-73.90439333,46.480415
40.83536667,-73.91538833,96.24245
40.766505,-73.97155833,49.818962
40.77345667,-73.95496167,47.71147
40.79310667,-73.94806667,12.655674
40.79474167,-73.97364167,54.010204
40.80499,-73.95694833,34.876385
40.81585833,-73.90419833,41.132244
40.83408,-73.92742833,105.11506
40.844005,-73.91715167,52.484688
40.82223833,-73.957195,50.466953
40.8415,-73.90078,50.97145
40.80716333,-73.95710667,49.04109
40.77551333,-73.95403167,58.63269
40.80406833,-73.91676667,37.83962
40.81758333,-73.89541,30.805376
40.80907833,-73.894235,13.506793
40.80835167,-73.90390667,46.480415
40.81734,-73.89524667,30.805376
40.78876833,-73.95109833,51.083008
40.82153167,-73.891595,52.15284
40.801385,-73.95975,51.5274
40.80167,-73.94890167,21.322493
40.80389833,-73.96678333,108.897125
40.79813333,-73.93246333,10.320614
40.76059167,-73.964275,61.694965
40.76615667,-73.97178833,48.94896
40.809555,-73.95899333,105.80148
40.83522167,-73.91556667,96.24245
40.79784833,-73.961635,93.079544
40.78528667,-73.94739333,15.961182
40.77490333,-73.95279,50.661343
40.84354333,-73.919065,98.49307
40.834865,-73.92630833,101.2493
40.81882333,-73.95199333,124.92233
40.80039333,-73.93536833,13.366454
40.821185,-73.89158333,50.07985
40.79816,-73.96228333,96.070984
40.79293,-73.947745,12.655674
40.81943,-73.89792833,37.510563
40.80564167,-73.87980333,14.158985
40.78076833,-73.95477667,88.788086
40.77378667,-73.956035,48.22551
40.80095333,-73.93538667,13.673357
40.834035,-73.92721,105.11506
40.7632,-73.95703667,34.149994
40.76001667,-73.95860333,25.509077
40.80231667,-73.962185,98.25642
40.77446667,-73.95936,62.32982
40.82978,-73.91331167,28.778238
40.84396167,-73.895245,90.395195
40.84424,-73.90502167,66.69572
40.799195,-73.96481667,112.16898
40.83182,-73.92139333,68.232185
40.84626833,-73.91755,100.23063
40.806315,-73.88854167,18.641264
40.794275,-73.95483667,70.30445
40.769325,-73.98883667,52.640823
40.78615167,-73.94841667,36.72538
40.83857333,-73.91302167,94.979485
40.76429833,-73.95843667,48.529175
40.84400167,-73.89597667,80.68021
40.8087,-73.90328,46.350815
40.80768,-73.90519333,45.72374
40.79783833,-73.93185,11.416963
40.81329,-73.88334667,23.917717
40.78349667,-73.98191333,72.792404
40.773545,-73.95489333,47.71147
40.76536333,-73.96964,50.448654
40.80140333,-73.959795,51.5274
40.84560167,-73.91729,77.688385
40.83541667,-73.92724333,104.87515
40.81907833,-73.89827833,37.510563
40.83325167,-73.91718167,96.654526
40.844505,-73.91836667,85.551636
40.80504,-73.88595,19.196074
40.83506167,-73.91238,74.24092
40.84372,-73.91654667,41.442112
40.79819333,-73.953765,30.58117
40.76510667,-73.96897,48.486465
40.76930833,-73.98839833,63.128067
40.80364333,-73.9536,31.588127
40.84446,-73.89359333,96.07926
40.83859333,-73.92751833,79.03476
40.82077167,-73.88758833,41.07251
40.774565,-73.95790833,57.632805
40.78616,-73.94574333,13.395105
40.840805,-73.90973,73.442604
40.83655833,-73.89895667,77.395996
40.79436,-73.948925,13.994362
40.81886667,-73.89852833,43.964417
40.81846333,-73.89892167,46.165924
40.80901833,-73.894965,13.249459
40.81632333,-73.95905167,31.083221
40.76966,-73.988065,64.733246
40.77465667,-73.95814667,57.632805
40.80942667,-73.95968167,113.97929
40.774715,-73.95230333,50.661343
40.80660333,-73.87966833,14.539056
40.76518667,-73.96921333,50.448654
40.76985833,-73.98791333,64.733246
40.82072333,-73.887645,41.07251
40.82512667,-73.92759667,29.384762
40.79444,-73.95475667,70.30445
40.8438,-73.90928667,61.85555
40.80849833,-73.90280667,42.9586
40.83876333,-73.896405,90.97353
40.79105833,-73.943345,10.172818
40.809135,-73.89379667,12.741244
40.83860333,-73.92758167,79.03476
40.82962667,-73.929355,27.359144
40.79442333,-73.94887667,13.994362
40.78071333,-73.95904833,99.84395
40.77465167,-73.95209833,50.661343
40.78222,-73.98273833,79.4207
40.769195,-73.98848167,63.128067
40.81810833,-73.95282333,112.63956
40.82505333,-73.92761833,29.384762
40.826115,-73.90984333,28.410576
40.77417667,-73.98481667,63.026386
40.805795,-73.88612167,23.49566
40.81779333,-73.89464333,33.804943
40.79587667,-73.954065,49.431625
40.79487333,-73.94844833,13.950626
40.80943333,-73.95912167,113.97929
40.80831333,-73.96473333,113.63515
40.80208333,-73.93796167,16.615543
40.795215,-73.94821333,13.147284
40.81402333,-73.95698167,28.427109
40.770145,-73.98765833,74.339066
40.77503167,-73.95334333,57.24492
40.83627167,-73.89783167,77.50864
40.76979667,-73.95161833,28.202421
40.8127,-73.88209833,15.490864
40.83470833,-73.911355,77.32831
40.84469167,-73.90652333,83.57724
40.81029833,-73.96174333,122.28573
40.79424833,-73.954845,70.30445
40.85229167,-73.93846833,234.19781
40.79610667,-73.93244833,11.550674
40.834185,-73.91649,98.25281
40.80401333,-73.95451,33.96067
40.80265333,-73.96290333,109.63602
40.76455833,-73.95828167,48.529175
40.840695,-73.895195,100.25001
40.80008,-73.94478333,31.626425
40.83337667,-73.90266,77.24256
40.84419667,-73.89440833,95.33517
40.808575,-73.90281667,42.9586
40.76869333,-73.95429333,30.707363
40.81861,-73.88908167,62.368042
40.81534,-73.90456667,41.132244
40.762765,-73.95658667,34.149994
40.81880333,-73.898605,43.964417
40.81410333,-73.88737833,62.210464
40.774265,-73.98473833,63.026386
40.82134,-73.927855,42.002743
40.84086667,-73.9097,74.44716
40.774745,-73.984385,63.026386
40.814255,-73.957215,28.660044
40.79894167,-73.964235,113.11019
40.82690167,-73.91369,30.0514
40.82254333,-73.953395,99.11298
40.77728833,-73.95733167,85.604774
40.80421833,-73.91549333,40.92408
40.81152667,-73.880915,14.908344
40.83434333,-73.91990833,75.499916
40.833665,-73.92032667,80.08584
40.82685167,-73.91376333,30.0514
40.76511333,-73.97042333,48.05061
40.79196833,-73.94539667,11.031511
40.811645,-73.94658833,27.752474
40.81815,-73.89910667,46.165924
40.80235333,-73.94311667,29.892944
40.801715,-73.96771833,107.05892
40.83861167,-73.91312333,94.979485
40.823425,-73.888585,54.682774
40.82608167,-73.92573667,45.98093
40.79502333,-73.95396167,59.11122
40.82094333,-73.925275,54.76985
40.814165,-73.88828333,73.88745
40.81237833,-73.90457167,30.639072
40.808055,-73.95648833,62.69368
40.77775833,-73.95703833,87.07756
40.81642667,-73.91415667,18.501713
40.81249667,-73.88502167,36.202553
40.83907,-73.91440167,97.83487
40.81158333,-73.91688333,15.006145
40.768995,-73.95503667,32.931595
40.80872333,-73.89778667,22.896736
40.816435,-73.88768667,78.49043
40.81832667,-73.91684167,33.534534
40.82156,-73.928015,29.493137
40.83239167,-73.90333667,74.16013
40.77899667,-73.956075,86.621796
40.82285333,-73.92338333,39.560944
40.82591333,-73.88873167,60.736187
40.822095,-73.95734167,42.334213
40.80212,-73.94967,21.64744
40.77415333,-73.95110833,51.115532
40.81819833,-73.916905,33.534534
40.82876667,-73.92789,25.312334
40.83191,-73.90241833,87.94805
40.80067333,-73.94677167,20.682844
40.83815,-73.91132167,73.718994
40.81517667,-73.88640667,63.06954
40.80516833,-73.88276167,16.09014
40.76449167,-73.970955,48.22854
40.85323,-73.93840833,245.76921
40.828105,-73.95042167,85.99621
40.82235,-73.92029667,43.590004
40.82775167,-73.95137667,67.244606
40.81825833,-73.89914,46.165924
40.79999167,-73.94485333,27.708467
40.77068333,-73.95094,31.277859
40.828835,-73.928,25.312334
40.85694833,-73.93497,180.21132
40.84130833,-73.900165,58.090706
40.799435,-73.93549,13.5566435
40.80914,-73.94836,25.27632
40.77655,-73.95611333,72.92518
40.81604167,-73.958805,31.083221
40.76301,-73.95662833,34.149994
40.80950667,-73.89142667,12.449388
40.81802,-73.91336167,19.206873
40.84339167,-73.915845,49.627617
40.80934833,-73.94817,25.27632
40.80691833,-73.90655833,28.165894
40.83221833,-73.90327333,74.16013
40.84225833,-73.92103167,109.34447
40.82040167,-73.91189833,31.747602
40.80402167,-73.90588333,9.349319
40.826655,-73.90573167,71.51865
40.802315,-73.96764,107.05892
40.82497833,-73.91044667,25.485664
40.810705,-73.89537667,16.751192
40.82158833,-73.91118,29.726479
40.83162167,-73.90675333,44.006207
40.81598167,-73.9144,18.501713
40.77648833,-73.95602333,72.92518
40.82165333,-73.95771833,42.334213
40.81915833,-73.95971333,20.95551
40.80439,-73.93966333,23.349794
40.83409167,-73.91657,98.25281
40.814715,-73.88372333,27.128471
40.82550667,-73.92625333,39.48729
40.77490333,-73.958745,59.422295
40.812295,-73.896195,18.702488
40.81901,-73.90958667,52.13769
40.81774,-73.95390833,88.424
40.80501833,-73.94762833,23.69493
40.83684667,-73.92711167,89.40892
40.770995,-73.950715,31.277859
40.81086667,-73.95317667,28.354753
40.828295,-73.95087,85.99621
40.80816,-73.95641667,38.688274
40.81243,-73.90501167,31.605621
40.83909667,-73.91447333,88.97629
40.76700667,-73.95641333,42.422623
40.79254,-73.94682833,12.308692
40.83526833,-73.90144833,71.07456
40.856515,-73.93510667,190.99535
40.82633333,-73.95026,105.00467
40.803115,-73.96389833,109.60499
40.820025,-73.92680833,47.459244
40.82212667,-73.949935,132.75648
40.791905,-73.94524667,11.031511
40.81447167,-73.95747833,33.144943
40.85225667,-73.938315,234.19781
40.81508167,-73.886315,63.06954
40.80809,-73.90274667,42.9586
40.80122333,-73.94783333,20.819523
40.82135,-73.91785333,40.087543
40.82991833,-73.90180167,89.79096
40.83694667,-73.92715333,89.40892
40.813395,-73.90709,37.305054
40.81255667,-73.90569167,33.87552
40.77214333,-73.94996833,33.44743
40.81817667,-73.95628833,59.53534
40.80300167,-73.94262,32.674034
40.80516167,-73.885985,19.196074
40.80783667,-73.95663667,49.04109
40.80955,-73.89108,12.841254
40.819325,-73.90856667,60.670918
40.80825667,-73.95634833,38.688274
40.80397833,-73.905805,9.349319
40.77099333,-73.99316333,13.212107
40.83135333,-73.91834667,85.66886
40.81414167,-73.88836667,73.88745
40.8254,-73.94795,124.03148
40.80539333,-73.94740833,24.672386
40.81538333,-73.89838333,37.280087
40.81696333,-73.88806167,75.9881
40.83609333,-73.92751,97.007385
40.82275167,-73.92344167,53.20784
40.82993833,-73.92994333,29.728603
40.82039667,-73.892005,50.07985
40.81598,-73.958745,31.083221
40.817515,-73.89825,40.1678
40.83765167,-73.8973,80.961624
40.83061667,-73.907355,41.352448
40.77056833,-73.99219333,16.833866
40.809575,-73.890005,14.333293
40.825195,-73.88873667,58.946087
40.80363167,-73.96696,108.897125
40.77238,-73.94979667,39.384
40.80240833,-73.967625,107.05892
40.8267,-73.91402,30.0514
40.83859667,-73.92663333,92.57551
40.80629333,-73.889,12.264741
40.840655,-73.90162333,46.533836
40.81513667,-73.88382333,27.11277
40.81886667,-73.95991167,20.95551
40.82002667,-73.90819833,66.29617
40.82146167,-73.92796333,29.493137
40.813665,-73.94582167,30.035004
40.81824167,-73.91688167,33.534534
40.81805667,-73.91344833,19.206873
40.83864333,-73.91319,94.979485
40.81979333,-73.90831333,62.761982
40.80110833,-73.94402167,30.61065
40.82469667,-73.91057667,28.662743
40.80343833,-73.96708833,108.897125
40.83186833,-73.90664667,44.006207
40.80724,-73.906675,31.72012
40.82268,-73.95321333,99.11298
40.768935,-73.95505833,32.931595
40.83277167,-73.903065,74.16013
40.82208667,-73.910895,29.726479
40.8232,-73.92321333,49.069645
40.819245,-73.913715,24.892809
40.83648333,-73.92732,89.40892
40.83076167,-73.91877,73.612625
40.81623167,-73.89753667,39.27341
40.82138167,-73.91799833,40.087543
40.80097333,-73.94412833,30.61065
40.806535,-73.88917833,12.264741
40.84036333,-73.90180333,46.533836
40.81302833,-73.90721167,35.10278
40.804805,-73.88511833,19.374306
40.83454333,-73.91979,91.14383
40.83864667,-73.926155,92.57551
40.79501,-73.95398833,59.11122
40.80662333,-73.94895833,26.075579
40.81745333,-73.89815667,40.1678
40.84501833,-73.91352333,45.738415
40.82098,-73.88721,41.07251
40.817855,-73.95652667,46.735344
40.79483167,-73.95433667,59.11122
40.77713667,-73.957435,85.604774
40.81925333,-73.90859833,60.670918
40.81244,-73.89488,20.593878
40.76173167,-73.96657,51.988945
40.82695167,-73.94724833,124.23905
40.78497667,-73.94679,15.961182
40.8219,-73.888435,50.831593
40.82236,-73.95447667,83.39154
40.81788667,-73.95979833,21.981474
40.83744,-73.89967667,72.58519
40.82527167,-73.888725,58.946087
40.84128667,-73.92176167,97.23691
40.80174667,-73.949105,21.322493
40.84341333,-73.91587667,49.627617
40.82013167,-73.88858,57.969673
40.83858167,-73.92720833,79.03476
40.822655,-73.9235,53.20784
40.83583,-73.9024,58.283203
40.804945,-73.94767833,23.69493
40.82152833,-73.95045333,139.22827
40.81788167,-73.91705833,33.534534
40.81590167,-73.91444167,18.501713
40.76961833,-73.989665,41.3573
40.83799667,-73.9277,81.001434
40.82614,-73.88897,60.736187
40.83855167,-73.90213833,49.23993
40.76470333,-73.97289833,46.863667
40.85557833,-73.93567,159.58244
40.82728667,-73.92505,47.989456
40.82537,-73.9076,56.192886
40.8224,-73.95227333,112.11081
40.84207833,-73.92109333,109.34447
40.82969667,-73.90787,39.073154
40.81185167,-73.925565,19.564587
40.80381,-73.92020333,15.449263
40.81133333,-73.91703333,16.5688
40.83927167,-73.91502,88.97629
40.81451333,-73.91529833,16.8773
40.80464333,-73.95131833,28.417337
40.83100833,-73.90041833,88.31609
40.804365,-73.90781667,11.143329
40.80860167,-73.96556,98.32167
40.81764833,-73.91344333,18.06647
40.80523167,-73.94750333,24.763895
40.814055,-73.91556,15.834806
40.80491833,-73.88591667,19.196074
40.82062667,-73.91577333,34.035774
40.80379833,-73.942,26.151999
40.81059333,-73.92731333,13.515908
40.85748,-73.929665,137.76468
40.81254,-73.95325333,40.28315
40.832545,-73.93138833,77.81966
40.827805,-73.90421,84.613556
40.82658,-73.950725,98.45847
40.81372333,-73.90694833,37.305054
40.76460167,-73.97295833,46.863667
40.82172333,-73.91921833,44.34687
40.813085,-73.92314833,27.66626
40.81392,-73.88961,46.56913
40.76980833,-73.99017,41.3573
40.831875,-73.90232333,87.94805
40.81767667,-73.92969667,23.49029
40.81320333,-73.94546167,27.910688
40.81345333,-73.885275,40.82434
40.81961667,-73.95940167,23.08668
40.81814,-73.95471,72.4015
40.81944333,-73.911395,28.027641
40.83071167,-73.92000667,80.34224
40.76987667,-73.99035333,41.3573
40.80345167,-73.94227,35.667603
40.81725667,-73.92993167,25.578478
40.83688833,-73.927115,89.40892
40.82800833,-73.95013833,100.249405
40.83146667,-73.90118833,91.43498
40.76247333,-73.96804833,45.693027
40.82784333,-73.92565667,30.731619
40.82799667,-73.95005,100.249405
40.84351333,-73.91987667,109.901794
40.812365,-73.91644667,15.118266
40.81402833,-73.88888833,58.180054
40.81474,-73.91512167,16.8773
40.83737667,-73.92747833,81.001434
40.814145,-73.94713667,30.215725
40.82126833,-73.95832667,29.66094
40.83437667,-73.92855167,107.374054
40.80862333,-73.96563667,98.32167
40.81327333,-73.92282667,25.149582
40.81744,-73.88834167,75.9881
40.82336833,-73.89170167,58.87254
40.85924333,-73.932395,119.28282
40.814825,-73.919775,25.871176
40.81404333,-73.88878,58.180054
40.764625,-73.97295167,46.863667
40.80459167,-73.90818667,11.143329
40.813245,-73.92286667,25.149582
40.81278833,-73.91622,15.233693
40.80390167,-73.92041333,15.449263
40.81099833,-73.90983333,35.298298
40.82724,-73.925075,47.989456
40.83019833,-73.91389667,42.162548
40.80953333,-73.94804833,25.27632
40.82303667,-73.891675,58.87254
40.83259333,-73.93136167,77.81966
40.83463667,-73.92967333,81.06991
40.82489667,-73.908085,56.192886
40.81839333,-73.95611833,59.53534
40.76263,-73.968215,45.693027
40.829785,-73.93088833,33.465134
40.7619,-73.96700833,51.988945
40.81083,-73.91734333,15.385066
40.82111167,-73.88534,20.033424
40.82645,-73.95061333,105.00467
40.81158833,-73.92607,19.564587
40.80337,-73.94233333,32.674034
40.83911833,-73.92587,112.509605
40.808745,-73.947835,26.017815
40.82117667,-73.88607833,29.474253
40.81264667,-73.95296333,40.28315
40.81564,-73.95690833,30.628605
40.825845,-73.94897667,119.93307
40.81370333,-73.94867167,34.512863
40.82844833,-73.92735333,22.65538
40.81333667,-73.92272167,25.149582
40.83042667,-73.91376333,42.162548
40.84415667,-73.89739333,68.05281
40.81791833,-73.95433833,88.424
40.821515,-73.91852333,43.969963
40.80163333,-73.94363333,30.844368
40.80132833,-73.943845,30.844368
40.834315,-73.92837667,107.374054
40.81921667,-73.91067833,39.07133
40.84013167,-73.92539667,125.52177
40.81359,-73.88531167,40.82434
40.82975667,-73.90783333,39.073154
40.815735,-73.89806167,37.280087
40.81234667,-73.95340167,40.28315
40.82249167,-73.95271167,112.11081
40.814285,-73.89131167,38.61302
40.82158333,-73.918755,43.969963
40.81678333,-73.93015333,25.578478
40.823105,-73.89168,58.87254
40.83219333,-73.93154167,48.925674
40.76427,-73.97202167,48.418163
40.84482833,-73.90945333,64.872284
40.80729333,-73.92837833,12.931749
40.80452333,-73.92188333,21.88836
40.80339667,-73.93818667,18.111372
40.81888,-73.91659167,34.64698
40.81246833,-73.94955167,38.645077
40.81404833,-73.94690333,30.43777
40.82136167,-73.92833,29.493137
40.80635667,-73.889095,12.264741
40.82911,-73.90821167,35.29369
40.82586,-73.88949,63.983505
40.85877333,-73.93146,68.898285
40.81028333,-73.92198167,28.170507
40.79804167,-73.95286667,24.453533
40.80984,-73.92785833,11.761456
40.80361167,-73.95214667,29.478563
40.76284333,-73.96785833,48.09066
40.814625,-73.89142833,38.61302
40.81647667,-73.887725,78.49043
40.83364,-73.89647333,76.51626
40.80329833,-73.94238167,32.674034
40.83959167,-73.92559,112.509605
40.83264333,-73.931335,77.81966
40.82449333,-73.91015167,28.662743
40.82129,-73.92834,29.493137
40.81275833,-73.90656667,35.10278
40.769775,-73.99008833,41.3573
40.82084,-73.9158,34.035774
40.82761833,-73.94916167,111.498276
40.81524667,-73.95805167,30.592787
40.81829,-73.92945667,25.119963
40.81127667,-73.909725,35.298298
40.77451333,-73.95420833,51.781967
40.80468333,-73.90828667,13.84654
40.82680833,-73.94690333,124.23905
40.844145,-73.89735667,68.05281
40.82030833,-73.92698667,41.314026
40.839385,-73.91536,78.20948
40.842035,-73.92112333,109.34447
40.81553333,-73.95826667,36.880257
40.81315833,-73.88520667,36.202553
40.81298167,-73.94563,27.910688
40.815525,-73.93056167,20.39221
40.803695,-73.91987833,15.449263
40.80816,-73.90797167,24.611244
40.85690667,-73.93263833,86.78244
40.82208167,-73.92028833,41.816036
40.80601,-73.92541,26.583296
40.810435,-73.92186333,28.170507
40.809095,-73.91836833,18.465225
40.82474667,-73.89153833,60.701267
40.81019667,-73.90880333,31.0336
40.83842,-73.916895,72.898224
40.809715,-73.90743667,29.174503
40.81009,-73.927665,14.620014
40.83448,-73.930355,85.84015
40.812825,-73.94932167,38.645077
40.80444333,-73.91893833,21.364677
40.80334667,-73.95302833,31.309105
40.82368333,-73.89173,58.87254
40.82123,-73.88556,20.033424
40.8046,-73.94143833,24.930016
40.81237667,-73.949585,38.645077
40.80978667,-73.92964,10.844689
40.85893667,-73.93136667,50.18947
40.82996,-73.93151333,30.109005
40.819655,-73.89152167,50.590538
40.81330167,-73.88524333,40.82434
40.85518833,-73.93694167,205.89496
40.83255833,-73.89838167,78.3504
40.81559833,-73.91829333,29.737936
40.80924333,-73.91826167,18.465225
40.80470333,-73.91885167,26.02301
40.82197333,-73.92003167,41.816036
40.815235,-73.95663333,30.628605
40.85529333,-73.93583333,159.58244
40.803095,-73.93839333,18.111372
40.8145,-73.918875,23.195896
40.81526667,-73.93057833,20.39221
40.80337333,-73.95308667,31.309105
40.814035,-73.955765,26.778753
40.82389167,-73.89176333,58.87254
40.80461833,-73.91887833,26.02301
40.83068,-73.91359833,42.162548
40.85740833,-73.93059667,114.903725
40.83454167,-73.93030167,85.84015
40.83276167,-73.89810667,78.3504
40.857455,-73.93031667,137.76468
40.80481167,-73.91867167,26.02301
40.77010667,-73.99117,31.708061
40.81252333,-73.95107667,56.708496
40.83233667,-73.89868,82.13475
40.80829667,-73.94681833,26.588623
40.81456,-73.91882667,23.195896
40.81517333,-73.91906333,31.699799
40.82887833,-73.908305,31.449532
40.85512833,-73.93696833,205.89496
40.77016833,-73.99154333,24.918255
40.81960833,-73.913395,30.175724
40.81500833,-73.91942333,31.699799
40.85722,-73.93105167,114.903725
40.85552167,-73.936775,191.36292
40.81204167,-73.94990333,30.858673
40.85583333,-73.93666333,191.36292
40.828855,-73.90831667,31.449532
40.81432167,-73.89132167,38.61302
40.85713333,-73.93130333,114.903725
40.81675667,-73.89203333,52.382305
40.80973833,-73.92792667,11.761456
40.80423333,-73.91932333,18.628832
40.81467667,-73.91854833,23.195896
40.82145,-73.95812833,42.334213
40.81442,-73.95597,29.224144
40.856415,-73.93626,212.60384
40.77018333,-73.99162667,24.918255
40.82824,-73.9269,25.167587
40.80425167,-73.92123667,14.322922
40.84107,-73.89917,65.982025
40.82164667,-73.88878333,54.467148
40.82412667,-73.90921167,34.089317
40.80909833,-73.92884,12.95118
40.82503167,-73.89103333,62.63278
40.818105,-73.91491,21.520245
40.80627833,-73.92616,20.066927
40.80845833,-73.94718333,26.588623
40.81610667,-73.91743333,34.145668
40.80555833,-73.91445333,53.338215
40.817195,-73.91591667,24.955164
40.814215,-73.91909667,25.871176
40.81357667,-73.93051833,19.866505
40.80937,-73.90755667,25.743034
40.81619667,-73.91728,34.145668
40.82432,-73.891795,60.701267
40.82969667,-73.93133,33.465134
40.85721333,-73.93543667,219.11317
40.82498333,-73.89111167,62.63278
40.81428833,-73.93073,20.565544
40.82487,-73.89134,60.923943
40.818625,-73.89255833,45.646515
40.857525,-73.93105667,114.903725
40.80445,-73.91175833,35.27585
40.80843333,-73.94712167,26.588623
40.85603167,-73.933035,99.46149
40.813145,-73.909155,33.982555
40.81104333,-73.92142333,23.736301
40.81352833,-73.9304,19.866505
40.80903667,-73.92879167,12.95118
40.80518333,-73.91342167,49.449715
40.812905,-73.92964667,14.86931
40.80898833,-73.92874167,14.833527
40.81502667,-73.91809667,29.737936
40.854865,-73.93569667,142.60205
40.81855,-73.89262167,48.211353
40.81827167,-73.91469833,21.520245
40.81395,-73.93084667,17.973408
40.85452333,-73.93458833,120.65424
40.80894167,-73.92854167,14.833527
40.80492667,-73.912115,43.153862
40.82198,-73.911665,29.726479
40.81380333,-73.91938833,21.636444
40.83317833,-73.93103333,71.150955
40.85454167,-73.93464667,120.65424
40.81541333,-73.91722333,27.046453
40.80440167,-73.911645,35.27585
