lat,long,sd_level1_res30_mean_9x9,sd_level2_res30_mean_9x9
40.78876333,-73.971665,-1.0,-1.0
40.788875,-73.97192833,-1.0,-1.0
40.78908,-73.96708,-1.0,-1.0
40.78908167,-73.97255,-0.654321,-0.654321
40.78795333,-73.96969667,-1.0,-1.0
40.78418333,-73.97021167,-1.0,-1.0
40.78470833,-73.96975167,-1.0,-1.0
40.78886333,-73.96676667,-1.0,-1.0
40.788585,-73.97130333,-1.0,-1.0
40.78418333,-73.966635,-1.0,-1.0
40.78182667,-73.98672167,-1.0,-1.0
40.81512333,-73.95032333,-1.0,-1.0
40.76774167,-73.98230833,14.592592,22.74074
40.78370667,-73.96508333,-1.0,-1.0
40.77094667,-73.97968333,1.9382716,2.148148
40.79593833,-73.95570333,-1.0,-1.0
40.78512667,-73.97289167,1.3703704,1.3703704
40.78309833,-73.95583833,15.962963,22.012346
40.781915,-73.96325,-1.0,-1.0
40.777375,-73.94459,-1.0,-1.0
40.78476,-73.97195,0.086419754,0.086419754
40.781725,-73.94579667,-1.0,-1.0
40.78740333,-73.98071167,-1.0,-1.0
40.758905,-73.96015833,-1.0,-1.0
40.78264333,-73.98460333,-1.0,-1.0
40.79036333,-73.97688333,-0.25925925,-0.074074075
40.81563833,-73.94998833,-1.0,-1.0
40.77889,-73.94784,-1.0,-1.0
40.78934667,-73.973275,0.67901236,0.7407407
40.79867333,-73.95970667,-1.0,-1.0
40.78009,-73.94704833,-1.0,-1.0
40.76795333,-73.982415,15.493827,23.80247
40.78694667,-73.97984667,-0.60493827,-0.50617284
40.78111,-73.98738167,-1.0,-1.0
40.789975,-73.97607667,1.2716049,1.8271605
40.79138333,-73.96195667,-1.0,-1.0
40.78667,-73.97963,-0.4074074,-0.25925925
40.78251333,-73.95438833,8.506173,12.827161
40.79177333,-73.96295833,-1.0,-1.0
40.790355,-73.941705,4.6049385,6.7530866
40.78309667,-73.98581667,-1.0,-1.0
40.79022,-73.96991,-1.0,-1.0
40.79833667,-73.95996333,-1.0,-1.0
40.76804,-73.98242,15.358025,23.123457
40.77158667,-73.97728333,-1.0,-1.0
40.77291833,-73.94637333,-1.0,-1.0
40.79016,-73.96973667,-1.0,-1.0
40.796185,-73.95559167,-1.0,-1.0
40.75887667,-73.96010333,-1.0,-1.0
40.78978167,-73.97565,1.9135803,2.580247
40.79883167,-73.95958667,-1.0,-1.0
40.81433333,-73.95093167,-1.0,-1.0
40.76942167,-73.98085833,6.654321,8.481482
40.78273833,-73.96359333,-1.0,-1.0
40.78117,-73.96236,0.6296296,1.3703704
40.76812833,-73.98243167,15.358025,23.123457
40.78737833,-73.98065667,-1.0,-1.0
40.79151333,-73.96223833,-1.0,-1.0
40.784905,-73.97228167,0.4814815,0.4814815
40.78302333,-73.984475,-1.0,-1.0
40.78964,-73.97515667,2.506173,3.1851852
40.78093667,-73.96217833,1.4444444,2.5555556
40.7896,-73.95764833,-1.0,-1.0
40.84138833,-73.89286,-1.0,-1.0
40.78989667,-73.95836333,-1.0,-1.0
40.79522,-73.93310667,-1.0,-1.0
40.80721667,-73.898815,-1.0,-1.0
40.78651667,-73.975995,2.0123458,2.1358025
40.78789333,-73.98061167,-1.0,-1.0
40.807085,-73.96706333,-1.0,-1.0
40.79345333,-73.96702333,-1.0,-1.0
40.77439333,-73.98249667,12.827161,13.814815
40.79726333,-73.95459,-1.0,-1.0
40.79543,-73.93384167,-1.0,-1.0
40.78633833,-73.97887167,1.0246913,1.5308642
40.78922667,-73.98053,-1.0,-1.0
40.79635667,-73.9723,-0.20987654,-0.012345679
40.785675,-73.98471,-1.0,-1.0
40.77546,-73.98227833,7.4691358,8.074074
40.78637333,-73.94239,-1.0,-1.0
40.78618,-73.97824333,2.0617285,2.7407408
40.78652667,-73.97923667,0.6296296,1.037037
40.79070667,-73.977965,-1.0,-1.0
40.78925667,-73.973785,1.3209877,1.4567901
40.79981333,-73.95881833,-1.0,-1.0
40.76774,-73.98191,13.074074,20.481482
40.78785167,-73.98061833,-1.0,-1.0
40.84360667,-73.92448833,1.8888888,2.1111112
40.80784333,-73.89894667,-1.0,-1.0
40.768135,-73.95300667,-1.0,-1.0
40.79106833,-73.956465,-1.0,-1.0
40.78053667,-73.94668333,-1.0,-1.0
40.795475,-73.955205,-1.0,-1.0
40.79209333,-73.97388833,2.1111112,2.8024693
40.78605333,-73.95322833,16.97531,24.481482
40.78691833,-73.97746833,2.308642,2.9876542
40.79670167,-73.93201,-1.0,-1.0
40.77552167,-73.982295,7.4691358,8.074074
40.77540667,-73.94437,-1.0,-1.0
40.79201333,-73.97374167,2.1111112,2.8024693
40.78166,-73.94584167,-1.0,-1.0
40.78687833,-73.97750833,2.1111112,2.8024693
40.77422333,-73.98251167,13.0,14.0
40.80458667,-73.95585,-1.0,-1.0
40.84209167,-73.89406167,-1.0,-1.0
40.776545,-73.94356667,-1.0,-1.0
40.79146333,-73.97264167,2.1111112,2.4814816
40.78903,-73.980605,-1.0,-1.0
40.78774167,-73.95382833,11.37037,15.0
40.75905833,-73.96049833,-1.0,-1.0
40.79043,-73.94182667,6.814815,9.790123
40.78324167,-73.95644,14.3950615,17.987654
40.75906667,-73.95949,-1.0,-1.0
40.79417333,-73.97020667,1.1234568,1.2592592
40.81011333,-73.89813167,-0.20987654,-0.11111111
40.77857833,-73.94727833,-1.0,-1.0
40.78666,-73.97653167,2.4074075,2.7777777
40.78367667,-73.98390167,-1.0,-1.0
40.80542167,-73.899475,-1.0,-1.0
40.79101833,-73.95653167,-1.0,-1.0
40.77597333,-73.94396667,-1.0,-1.0
40.78499833,-73.98472333,-1.0,-1.0
40.77330833,-73.94893667,-1.0,-1.0
40.78573,-73.98470667,-1.0,-1.0
40.75916167,-73.96068667,-1.0,-1.0
40.79774,-73.951185,-1.0,-1.0
40.797615,-73.95443833,-1.0,-1.0
40.76783,-73.97065667,8.320988,12.308642
40.783335,-73.95697833,13.62963,16.209877
40.78617833,-73.95362833,16.950617,22.950617
40.79653667,-73.93213833,-1.0,-1.0
40.79676667,-73.95492333,-1.0,-1.0
40.82287167,-73.887255,2.1604939,2.5555556
40.79073667,-73.95680833,-1.0,-1.0
40.84343167,-73.92461167,0.7654321,0.90123457
40.80613167,-73.902365,-1.0,-1.0
40.81362667,-73.89948167,-0.90123457,-0.8888889
40.78071167,-73.9465,-1.0,-1.0
40.805955,-73.947145,-1.0,-1.0
40.80953,-73.95983667,-1.0,-1.0
40.79690667,-73.95479667,-1.0,-1.0
40.78186167,-73.945695,-1.0,-1.0
40.791,-73.971625,-0.012345679,0.0
40.7908,-73.97831833,-1.0,-1.0
40.79080333,-73.97892167,-1.0,-1.0
40.8226,-73.88750833,2.851852,3.3333333
40.78434667,-73.983185,-1.0,-1.0
40.7966,-73.97217667,-0.4074074,-0.25925925
40.78591667,-73.94266,-1.0,-1.0
40.77342667,-73.94932167,-1.0,-1.0
40.77396333,-73.98251167,13.0,14.0
40.77660833,-73.94351667,-1.0,-1.0
40.79038833,-73.95702833,-1.0,-1.0
40.806175,-73.96737333,-1.0,-1.0
40.78188,-73.95818167,14.987655,18.185184
40.816245,-73.94980333,-1.0,-1.0
40.83678667,-73.91806833,0.5185185,0.6296296
40.77375833,-73.95192833,-1.0,-1.0
40.79000333,-73.95868167,-1.0,-1.0
40.773365,-73.96004167,1.1728395,2.1604939
40.806685,-73.89871333,-1.0,-1.0
40.843095,-73.92465667,0.60493827,0.72839504
40.76888333,-73.98121,8.481482,11.506173
40.78656667,-73.954495,15.592592,19.148148
40.77355667,-73.95993833,0.90123457,1.7654321
40.790915,-73.97859167,-1.0,-1.0
40.76849333,-73.95254167,-1.0,-1.0
40.79723333,-73.97175333,-0.25925925,-0.074074075
40.79215333,-73.96372167,-1.0,-1.0
40.78659167,-73.95286,15.222222,21.765432
40.75933833,-73.961075,-1.0,-1.0
40.79645333,-73.97226167,-0.20987654,-0.012345679
40.80002167,-73.96766833,2.2098765,2.8024693
40.79414667,-73.949095,2.2592592,3.7407408
40.797535,-73.96059167,-1.0,-1.0
40.795155,-73.93322,-1.0,-1.0
40.78681,-73.94806167,-1.0,-1.0
40.81350667,-73.899135,-0.60493827,-0.5555556
40.84315667,-73.90962667,-0.97530866,-0.97530866
40.76121,-73.95757833,-1.0,-1.0
40.83735333,-73.91770833,0.22222222,0.30864197
40.77075833,-73.98724667,2.617284,2.851852
40.80615167,-73.87953667,2.5555556,3.0
40.765805,-73.97206,11.111111,16.567902
40.83370667,-73.9024,-1.0,-1.0
40.79562833,-73.95461833,-1.0,-1.0
40.811215,-73.90329667,-1.0,-1.0
40.79555833,-73.93413833,-1.0,-1.0
40.81547667,-73.90040833,-1.0,-1.0
40.80417,-73.95488,-1.0,-1.0
40.84413333,-73.92372,2.3703704,2.6296296
40.80892667,-73.895605,3.5432098,4.111111
40.7693,-73.95195833,-1.0,-1.0
40.84142667,-73.92564667,-1.0,-1.0
40.79075333,-73.942635,6.9506173,9.888889
40.83194167,-73.92131667,0.2962963,0.3580247
40.77091833,-73.98715333,2.617284,2.851852
40.81051333,-73.89874,-1.0,-1.0
40.81975,-73.897585,-1.0,-1.0
40.843665,-73.90627,-1.0,-1.0
40.767875,-73.970495,8.320988,12.308642
40.79014833,-73.941085,2.7407408,4.259259
40.79409667,-73.97013333,0.7777778,0.86419755
40.80541333,-73.88117167,1.6666666,2.0
40.84028333,-73.91002833,-1.0,-1.0
40.80749333,-73.88944167,-1.0,-1.0
40.75951,-73.95901667,-1.0,-1.0
40.817495,-73.90356167,-1.0,-1.0
40.807605,-73.96688667,-1.0,-1.0
40.786255,-73.97541167,1.1728395,1.1851852
40.835245,-73.912915,-1.0,-1.0
40.81892,-73.89614833,-1.0,-1.0
40.78149167,-73.95433333,1.9876543,3.345679
40.84229167,-73.92512667,-1.0,-1.0
40.80517667,-73.90222167,-1.0,-1.0
40.83730333,-73.917745,0.22222222,0.30864197
40.76218833,-73.95701833,-1.0,-1.0
40.83208833,-73.91789333,-0.8271605,-0.8271605
40.76223,-73.956985,-1.0,-1.0
40.75945667,-73.96148333,-1.0,-1.0
40.84112667,-73.90956,-1.0,-1.0
40.7854,-73.94763167,4.9259257,7.3950615
40.765855,-73.97201333,11.111111,16.567902
40.76086,-73.95799667,-1.0,-1.0
40.76041333,-73.96383333,15.0,21.666666
40.80545833,-73.88087333,2.851852,3.3333333
40.782095,-73.98283833,-0.654321,-0.56790125
40.785155,-73.94646,6.4074073,9.493827
40.84341,-73.90953333,-0.9506173,-0.9506173
40.793605,-73.969145,-0.5555556,-0.5555556
40.79004833,-73.94900333,-1.0,-1.0
40.80547333,-73.95807667,-1.0,-1.0
40.780215,-73.98504833,-1.0,-1.0
40.84277667,-73.89324667,-1.0,-1.0
40.786845,-73.95255667,12.814815,18.679012
40.79237667,-73.95508,-1.0,-1.0
40.841025,-73.92208333,7.5061727,8.160494
40.842125,-73.892235,-1.0,-1.0
40.80855,-73.88972167,-0.4074074,-0.33333334
40.75958833,-73.958945,-1.0,-1.0
40.76490833,-73.96860667,16.530865,22.938272
40.81226,-73.95697833,-0.75308645,-0.75308645
40.76693167,-73.971345,8.049383,11.91358
40.82323333,-73.88797,-0.20987654,-0.11111111
40.79340167,-73.97463167,-0.45679012,-0.32098764
40.785135,-73.946495,6.4074073,9.493827
40.79158,-73.95584,-1.0,-1.0
40.84419667,-73.91757833,3.654321,4.012346
40.81484833,-73.90011833,-1.0,-1.0
40.76595333,-73.97195667,9.703704,14.419753
40.767035,-73.97126833,8.592592,12.703704
40.7991,-73.93475833,0.049382716,0.25925925
40.76495667,-73.96877667,16.530865,22.938272
40.79514333,-73.94826333,1.9876543,3.345679
40.79778667,-73.971365,-0.4074074,-0.25925925
40.79191833,-73.95539167,-1.0,-1.0
40.7742,-73.95947,1.7160494,2.9506173
40.772585,-73.96063833,0.90123457,1.7654321
40.80943333,-73.903525,-1.0,-1.0
40.76733,-73.971035,7.0864196,10.679012
40.80945167,-73.90302833,-1.0,-1.0
40.78214667,-73.957995,14.382716,17.222221
40.79019833,-73.949355,-1.0,-1.0
40.81173833,-73.95730833,-0.9259259,-0.9259259
40.77413167,-73.95949333,1.7160494,2.9506173
40.79134,-73.97253333,1.5679013,1.7777778
40.76757167,-73.970795,7.567901,11.296296
40.80805833,-73.964165,-1.0,-1.0
40.774125,-73.952775,1.6666666,2.7777777
40.800805,-73.96780333,1.962963,2.6666667
40.77790333,-73.94580833,-1.0,-1.0
40.77318667,-73.960155,1.1728395,2.1604939
40.77407667,-73.95950833,1.7160494,2.9506173
40.842745,-73.90968333,-1.0,-1.0
40.80889833,-73.89594667,3.148148,3.6666667
40.79741333,-73.93151,-1.0,-1.0
40.797755,-73.96144,-1.0,-1.0
40.79770167,-73.95109333,-1.0,-1.0
40.79168167,-73.95569667,-1.0,-1.0
40.80831,-73.96358167,-1.0,-1.0
40.84411,-73.91739333,4.617284,5.0493827
40.79453667,-73.96988833,0.97530866,1.0864197
40.80643333,-73.879635,3.8395061,4.4444447
40.79355167,-73.96904,-0.8518519,-0.8518519
40.775965,-73.983515,4.5308642,4.9259257
40.84416833,-73.91753833,3.654321,4.012346
40.76125333,-73.95755667,-1.0,-1.0
40.78030667,-73.98553167,-1.0,-1.0
40.78470667,-73.94354333,-1.0,-1.0
40.84131333,-73.92570833,-1.0,-1.0
40.78652,-73.97783167,2.1111112,2.7901235
40.80602167,-73.95793167,-1.0,-1.0
40.765515,-73.972215,10.814815,16.37037
40.79043667,-73.97948333,-1.0,-1.0
40.84361667,-73.90565167,-1.0,-1.0
40.81940667,-73.89642,-1.0,-1.0
40.76878333,-73.972105,-1.0,-1.0
40.84403833,-73.92396833,2.3703704,2.6296296
40.76729167,-73.97109,7.0864196,10.679012
40.80930667,-73.90371167,-1.0,-1.0
40.81096833,-73.95429833,-0.28395063,-0.28395063
40.83376333,-73.90236333,-1.0,-1.0
40.84268,-73.89312667,-1.0,-1.0
40.81085833,-73.95801667,-1.0,-1.0
40.806325,-73.94812,-0.97530866,-0.97530866
40.80256,-73.90793333,-1.0,-1.0
40.77346333,-73.94937833,-1.0,-1.0
40.78015333,-73.98492333,-1.0,-1.0
40.794275,-73.970135,1.1234568,1.2592592
40.809025,-73.89464833,3.9382715,4.5555553
40.81426333,-73.899735,-1.0,-1.0
40.809555,-73.90311167,-1.0,-1.0
40.809115,-73.96292,-1.0,-1.0
40.78233333,-73.95783,13.901235,16.604939
40.806415,-73.88759333,-1.0,-1.0
40.80860333,-73.96336167,-1.0,-1.0
40.81740667,-73.95013333,-1.0,-1.0
40.79564833,-73.954585,-1.0,-1.0
40.817455,-73.903075,-1.0,-1.0
40.79130833,-73.95623667,-1.0,-1.0
40.84535833,-73.91732667,2.2098765,2.4567902
40.84362,-73.90507833,-1.0,-1.0
40.77346667,-73.951195,-1.0,-1.0
40.81729167,-73.90236167,-1.0,-1.0
40.80168167,-73.96040833,-1.0,-1.0
40.78727667,-73.944875,-1.0,-1.0
40.77126667,-73.98692,4.259259,4.6296296
40.78649167,-73.94251333,-1.0,-1.0
40.79031333,-73.95009667,-1.0,-1.0
40.804875,-73.884795,-1.0,-1.0
40.82247167,-73.95473333,-1.0,-1.0
40.78921333,-73.947025,-0.9382716,-0.9259259
40.78557667,-73.94809667,1.6666666,2.7777777
40.80473,-73.95631167,-1.0,-1.0
40.81544167,-73.906315,-1.0,-1.0
40.84464833,-73.906095,-1.0,-1.0
40.76914833,-73.98854333,1.7777778,1.7777778
40.82298167,-73.95643167,-0.20987654,-0.16049382
40.799075,-73.96454833,-0.75308645,-0.75308645
40.77375167,-73.95014667,-1.0,-1.0
40.83540667,-73.90134833,-1.0,-1.0
40.80789833,-73.89738667,-0.50617284,-0.44444445
40.845115,-73.91745,2.5308642,2.8024693
40.80801667,-73.904615,-1.0,-1.0
40.827285,-73.91316,-1.0,-1.0
40.83562167,-73.914005,-0.8518519,-0.8518519
40.82942333,-73.91233667,-1.0,-1.0
40.79915667,-73.96472333,-0.60493827,-0.60493827
40.82940167,-73.91226833,-1.0,-1.0
40.83290167,-73.91735333,-0.4814815,-0.4814815
40.81755667,-73.953495,-1.0,-1.0
40.82632333,-73.90972167,15.222222,23.333334
40.77681833,-73.95696333,-0.72839504,-0.60493827
40.80412167,-73.91689667,1.8888888,2.0493827
40.84391667,-73.894685,-1.0,-1.0
40.83496167,-73.91581333,-0.30864197,-0.30864197
40.82145833,-73.89158833,-0.7037037,-0.6666667
40.83334167,-73.91717,-0.4814815,-0.4814815
40.79961667,-73.93579667,1.5925926,2.1111112
40.82669667,-73.909525,14.777778,22.666666
40.826975,-73.925235,-0.8271605,-0.8271605
40.81751,-73.90352,-1.0,-1.0
40.83936333,-73.91058667,-1.0,-1.0
40.82338833,-73.92255,-0.90123457,-0.90123457
40.818075,-73.95286,-1.0,-1.0
40.84474833,-73.9122,2.2469137,2.4320989
40.81188,-73.903805,-1.0,-1.0
40.83529333,-73.92686333,-1.0,-1.0
40.843765,-73.90882667,-1.0,-1.0
40.77586333,-73.99138833,-1.0,-1.0
40.80243333,-73.962415,-1.0,-1.0
40.84425667,-73.893215,-1.0,-1.0
40.81923333,-73.89811667,-1.0,-1.0
40.84407833,-73.89667833,2.1111112,2.6296296
40.84127,-73.92572833,-1.0,-1.0
40.84387167,-73.89257667,-1.0,-1.0
40.774705,-73.95827667,-1.0,-1.0
40.80229333,-73.93841,2.6666667,3.3950617
40.79930667,-73.96528333,0.037037037,0.037037037
40.79698333,-73.94929167,7.691358,11.641975
40.81553333,-73.88392667,6.6049385,7.5555553
40.83639,-73.89794333,-1.0,-1.0
40.80842,-73.896715,1.074074,1.3333334
40.76938833,-73.98891833,1.8518518,1.8518518
40.808115,-73.90439333,-1.0,-1.0
40.83536667,-73.91538833,-0.11111111,-0.11111111
40.766505,-73.97155833,9.827161,14.333333
40.77345667,-73.95496167,-1.0,-1.0
40.79310667,-73.94806667,-0.8765432,-0.8518519
40.79474167,-73.97364167,-0.4074074,-0.25925925
40.80499,-73.95694833,-1.0,-1.0
40.81585833,-73.90419833,-1.0,-1.0
40.83408,-73.92742833,-1.0,-1.0
40.844005,-73.91715167,5.740741,6.259259
40.82223833,-73.957195,2.1604939,2.3580246
40.8415,-73.90078,-1.0,-1.0
40.80716333,-73.95710667,-1.0,-1.0
40.77551333,-73.95403167,9.666667,14.111111
40.80406833,-73.91676667,3.8888888,4.160494
40.81758333,-73.89541,-0.50617284,-0.44444445
40.80907833,-73.894235,3.8395061,4.4444447
40.80835167,-73.90390667,-1.0,-1.0
40.81734,-73.89524667,-0.20987654,-0.11111111
40.78876833,-73.95109833,-1.0,-1.0
40.82153167,-73.891595,-0.7037037,-0.6666667
40.801385,-73.95975,-1.0,-1.0
40.80167,-73.94890167,-1.0,-1.0
40.80389833,-73.96678333,0.8271605,1.2839506
40.79813333,-73.93246333,-1.0,-1.0
40.76059167,-73.964275,16.777779,24.185184
40.76615667,-73.97178833,9.888889,14.506173
40.809555,-73.95899333,-1.0,-1.0
40.83522167,-73.91556667,-0.30864197,-0.30864197
40.79784833,-73.961635,-1.0,-1.0
40.78528667,-73.94739333,4.9259257,7.3950615
40.77490333,-73.95279,7.296296,10.753086
40.84354333,-73.919065,0.9259259,1.074074
40.834865,-73.92630833,-1.0,-1.0
40.81882333,-73.95199333,-1.0,-1.0
40.80039333,-73.93536833,0.97530866,1.3703704
40.821185,-73.89158333,-0.4074074,-0.33333334
40.79816,-73.96228333,-1.0,-1.0
40.79293,-73.947745,-0.50617284,-0.4074074
40.81943,-73.89792833,-1.0,-1.0
40.80564167,-73.87980333,2.2592592,2.6666667
40.78076833,-73.95477667,2.2592592,3.7407408
40.77378667,-73.956035,-1.0,-1.0
40.80095333,-73.93538667,0.80246913,1.1604939
40.834035,-73.92721,-1.0,-1.0
40.7632,-73.95703667,-1.0,-1.0
40.76001667,-73.95860333,-1.0,-1.0
40.80231667,-73.962185,-1.0,-1.0
40.77446667,-73.95936,1.4444444,2.5555556
40.82978,-73.91331167,-1.0,-1.0
40.84396167,-73.895245,-1.0,-1.0
40.84424,-73.90502167,-1.0,-1.0
40.799195,-73.96481667,-0.60493827,-0.60493827
40.83182,-73.92139333,0.09876543,0.13580246
40.84626833,-73.91755,1.2469136,1.4197531
40.806315,-73.88854167,-1.0,-1.0
40.794275,-73.95483667,-1.0,-1.0
40.769325,-73.98883667,1.8888888,1.8888888
40.78615167,-73.94841667,-0.7037037,-0.5802469
40.83857333,-73.91302167,0.16049382,0.16049382
40.76429833,-73.95843667,-1.0,-1.0
40.84400167,-73.89597667,-0.5555556,-0.4814815
40.8087,-73.90328,-1.0,-1.0
40.80768,-73.90519333,-1.0,-1.0
40.79783833,-73.93185,-1.0,-1.0
40.81329,-73.88334667,7.0,8.0
40.78349667,-73.98191333,-0.30864197,-0.13580246
40.773545,-73.95489333,-1.0,-1.0
40.76536333,-73.96964,14.209877,17.37037
40.80140333,-73.959795,-1.0,-1.0
40.84560167,-73.91729,2.0493827,2.2839506
40.83541667,-73.92724333,-1.0,-1.0
40.81907833,-73.89827833,-1.0,-1.0
40.83325167,-73.91718167,-0.4814815,-0.4814815
40.844505,-73.91836667,-0.037037037,0.037037037
40.80504,-73.88595,-1.0,-1.0
40.83506167,-73.91238,-1.0,-1.0
40.84372,-73.91654667,8.790123,9.54321
40.79819333,-73.953765,-1.0,-1.0
40.76510667,-73.96897,16.333334,21.654322
40.76930833,-73.98839833,1.6666666,1.6666666
40.80364333,-73.9536,-1.0,-1.0
40.84446,-73.89359333,-1.0,-1.0
40.83859333,-73.92751833,-1.0,-1.0
40.82077167,-73.88758833,4.5308642,5.2222223
40.774565,-73.95790833,-1.0,-1.0
40.78616,-73.94574333,-1.0,-1.0
40.840805,-73.90973,-1.0,-1.0
40.83655833,-73.89895667,-1.0,-1.0
40.79436,-73.948925,0.90123457,1.7654321
40.81886667,-73.89852833,-1.0,-1.0
40.81846333,-73.89892167,-1.0,-1.0
40.80901833,-73.894965,4.1358023,4.7777777
40.81632333,-73.95905167,6.654321,7.123457
40.76966,-73.988065,1.3950617,1.4074074
40.77465667,-73.95814667,-1.0,-1.0
40.80942667,-73.95968167,-1.0,-1.0
40.774715,-73.95230333,2.851852,4.45679
40.80660333,-73.87966833,4.234568,4.888889
40.76518667,-73.96921333,15.888889,20.54321
40.76985833,-73.98791333,1.345679,1.3703704
40.82072333,-73.887645,4.5308642,5.2222223
40.82512667,-73.92759667,-1.0,-1.0
40.79444,-73.95475667,-1.0,-1.0
40.8438,-73.90928667,-0.97530866,-0.97530866
40.80849833,-73.90280667,-1.0,-1.0
40.83876333,-73.896405,-1.0,-1.0
40.79105833,-73.943345,2.5679011,3.6666667
40.809135,-73.89379667,3.5432098,4.111111
40.83860333,-73.92758167,-1.0,-1.0
40.82962667,-73.929355,-1.0,-1.0
40.79442333,-73.94887667,1.9876543,3.345679
40.78071333,-73.95904833,16.074074,19.765432
40.77465167,-73.95209833,1.6666666,2.7777777
40.78222,-73.98273833,-0.654321,-0.56790125
40.769195,-73.98848167,1.6666666,1.6666666
40.81810833,-73.95282333,-1.0,-1.0
40.82505333,-73.92761833,-1.0,-1.0
40.826115,-73.90984333,13.888889,21.333334
40.77417667,-73.98481667,7.6419754,8.259259
40.805795,-73.88612167,-1.0,-1.0
40.81779333,-73.89464333,0.97530866,1.2222222
40.79587667,-73.954065,-1.0,-1.0
40.79487333,-73.94844833,1.4444444,2.5555556
40.80943333,-73.95912167,-1.0,-1.0
40.80831333,-73.96473333,-1.0,-1.0
40.80208333,-73.93796167,3.0246913,3.8271606
40.795215,-73.94821333,1.9876543,3.345679
40.81402333,-73.95698167,-0.27160493,-0.27160493
40.770145,-73.98765833,1.654321,1.7407408
40.77503167,-73.95334333,10.259259,14.950617
40.83627167,-73.89783167,-1.0,-1.0
40.76979667,-73.95161833,-1.0,-1.0
40.8127,-73.88209833,6.8024693,7.7777777
40.83470833,-73.911355,-1.0,-1.0
40.84469167,-73.90652333,-1.0,-1.0
40.81029833,-73.96174333,-1.0,-1.0
40.79424833,-73.954845,-1.0,-1.0
40.85229167,-73.93846833,-1.0,-1.0
40.79610667,-73.93244833,-1.0,-1.0
40.834185,-73.91649,-0.30864197,-0.30864197
40.80401333,-73.95451,-1.0,-1.0
40.80265333,-73.96290333,-0.7037037,-0.7037037
40.76455833,-73.95828167,-1.0,-1.0
40.840695,-73.895195,-1.0,-1.0
40.80008,-73.94478333,-0.6296296,-0.5555556
40.83337667,-73.90266,-1.0,-1.0
40.84419667,-73.89440833,-1.0,-1.0
40.808575,-73.90281667,-1.0,-1.0
40.76869333,-73.95429333,-1.0,-1.0
40.81861,-73.88908167,0.38271606,0.5555556
40.81534,-73.90456667,-1.0,-1.0
40.762765,-73.95658667,-1.0,-1.0
40.81880333,-73.898605,-1.0,-1.0
40.81410333,-73.88737833,-0.33333334,-0.14814815
40.774265,-73.98473833,6.6049385,7.148148
40.82134,-73.927855,-0.97530866,-0.97530866
40.84086667,-73.9097,-1.0,-1.0
40.774745,-73.984385,8.506173,9.185185
40.814255,-73.957215,-0.28395063,-0.28395063
40.79894167,-73.964235,-0.9506173,-0.9506173
40.82690167,-73.91369,-1.0,-1.0
40.82254333,-73.953395,-1.0,-1.0
40.77728833,-73.95733167,2.5308642,4.1358023
40.80421833,-73.91549333,-0.5555556,-0.5308642
40.81152667,-73.880915,3.5432098,4.111111
40.83434333,-73.91990833,4.5061727,4.9012346
40.833665,-73.92032667,0.43209878,0.50617284
40.82685167,-73.91376333,-1.0,-1.0
40.76511333,-73.97042333,15.765432,20.333334
40.79196833,-73.94539667,3.0123458,3.8148148
40.811645,-73.94658833,-1.0,-1.0
40.81815,-73.89910667,-1.0,-1.0
40.80235333,-73.94311667,-0.56790125,-0.4814815
40.801715,-73.96771833,1.8148148,2.5185184
40.83861167,-73.91312333,0.16049382,0.16049382
40.823425,-73.888585,-0.60493827,-0.5555556
40.82608167,-73.92573667,-1.0,-1.0
40.79502333,-73.95396167,-1.0,-1.0
40.82094333,-73.925275,-0.18518518,-0.18518518
40.814165,-73.88828333,2.9753087,4.0493827
40.81237833,-73.90457167,-1.0,-1.0
40.808055,-73.95648833,-1.0,-1.0
40.77775833,-73.95703833,1.7160494,2.9506173
40.81642667,-73.91415667,-1.0,-1.0
40.81249667,-73.88502167,5.617284,6.4444447
40.83907,-73.91440167,3.2345679,3.4691358
40.81158333,-73.91688333,-1.0,-1.0
40.768995,-73.95503667,-1.0,-1.0
40.80872333,-73.89778667,-0.4074074,-0.33333334
40.816435,-73.88768667,-1.0,-1.0
40.81832667,-73.91684167,-1.0,-1.0
40.82156,-73.928015,-1.0,-1.0
40.83239167,-73.90333667,-1.0,-1.0
40.77899667,-73.956075,2.2592592,3.7407408
40.82285333,-73.92338333,-0.50617284,-0.50617284
40.82591333,-73.88873167,-1.0,-1.0
40.822095,-73.95734167,3.5432098,3.8271606
40.80212,-73.94967,-1.0,-1.0
40.77415333,-73.95110833,-1.0,-1.0
40.81819833,-73.916905,-1.0,-1.0
40.82876667,-73.92789,-1.0,-1.0
40.83191,-73.90241833,-1.0,-1.0
40.80067333,-73.94677167,-1.0,-1.0
40.83815,-73.91132167,-1.0,-1.0
40.81517667,-73.88640667,-0.50617284,-0.44444445
40.80516833,-73.88276167,-1.0,-1.0
40.76449167,-73.970955,17.530865,25.28395
40.85323,-73.93840833,-1.0,-1.0
40.828105,-73.95042167,-1.0,-1.0
40.82235,-73.92029667,-1.0,-1.0
40.82775167,-73.95137667,-1.0,-1.0
40.81825833,-73.89914,-1.0,-1.0
40.79999167,-73.94485333,-0.44444445,-0.33333334
40.77068333,-73.95094,-1.0,-1.0
40.828835,-73.928,-1.0,-1.0
40.85694833,-73.93497,-1.0,-1.0
40.84130833,-73.900165,-1.0,-1.0
40.799435,-73.93549,1.2222222,1.6666666
40.80914,-73.94836,-0.17283951,-0.17283951
40.77655,-73.95611333,-1.0,-1.0
40.81604167,-73.958805,5.3950615,5.7777777
40.76301,-73.95662833,-1.0,-1.0
40.80950667,-73.89142667,4.037037,4.6666665
40.81802,-73.91336167,-1.0,-1.0
40.84339167,-73.915845,10.234568,11.098765
40.80934833,-73.94817,-0.25925925,-0.25925925
40.80691833,-73.90655833,-1.0,-1.0
40.83221833,-73.90327333,-1.0,-1.0
40.84225833,-73.92103167,2.5308642,2.8024693
40.82040167,-73.91189833,-1.0,-1.0
40.80402167,-73.90588333,-1.0,-1.0
40.826655,-73.90573167,0.33333334,1.0
40.802315,-73.96764,1.8641975,2.580247
40.82497833,-73.91044667,7.0,11.0
40.810705,-73.89537667,7.0,8.0
40.82158833,-73.91118,-1.0,-1.0
40.83162167,-73.90675333,2.7777777,4.6666665
40.81598167,-73.9144,-1.0,-1.0
40.77648833,-73.95602333,-1.0,-1.0
40.82165333,-73.95771833,5.5185184,5.9259257
40.81915833,-73.95971333,15.0,16.0
40.80439,-73.93966333,1.3209877,1.6666666
40.83409167,-73.91657,-0.30864197,-0.30864197
40.814715,-73.88372333,7.0,8.0
40.82550667,-73.92625333,-1.0,-1.0
40.77490333,-73.958745,0.6296296,1.3703704
40.812295,-73.896195,6.9012346,7.888889
40.81901,-73.90958667,-1.0,-1.0
40.81774,-73.95390833,-0.4074074,-0.37037036
40.80501833,-73.94762833,-1.0,-1.0
40.83684667,-73.92711167,-1.0,-1.0
40.770995,-73.950715,-1.0,-1.0
40.81086667,-73.95317667,-0.17283951,-0.17283951
40.828295,-73.95087,-1.0,-1.0
40.80816,-73.95641667,-1.0,-1.0
40.81243,-73.90501167,-1.0,-1.0
40.83909667,-73.91447333,3.0864198,3.3209877
40.76700667,-73.95641333,-1.0,-1.0
40.79254,-73.94682833,0.8518519,1.2222222
40.83526833,-73.90144833,-1.0,-1.0
40.856515,-73.93510667,-1.0,-1.0
40.82633333,-73.95026,-1.0,-1.0
40.803115,-73.96389833,0.037037037,0.037037037
40.820025,-73.92680833,-0.72839504,-0.72839504
40.82212667,-73.949935,-1.0,-1.0
40.791905,-73.94524667,3.0123458,3.8148148
40.81447167,-73.95747833,-0.2962963,-0.2962963
40.85225667,-73.938315,-1.0,-1.0
40.81508167,-73.886315,0.086419754,0.22222222
40.80809,-73.90274667,-1.0,-1.0
40.80122333,-73.94783333,-1.0,-1.0
40.82135,-73.91785333,-1.0,-1.0
40.82991833,-73.90180167,-1.0,-1.0
40.83694667,-73.92715333,-1.0,-1.0
40.813395,-73.90709,-1.0,-1.0
40.81255667,-73.90569167,-1.0,-1.0
40.77214333,-73.94996833,-1.0,-1.0
40.81817667,-73.95628833,13.222222,14.111111
40.80300167,-73.94262,-0.50617284,-0.4074074
40.80516167,-73.885985,-1.0,-1.0
40.80783667,-73.95663667,-1.0,-1.0
40.80955,-73.89108,3.9382715,4.5555553
40.819325,-73.90856667,-1.0,-1.0
40.80825667,-73.95634833,-1.0,-1.0
40.80397833,-73.905805,-1.0,-1.0
40.77099333,-73.99316333,1.962963,1.962963
40.83135333,-73.91834667,-0.654321,-0.654321
40.81414167,-73.88836667,2.9753087,4.0493827
40.8254,-73.94795,-1.0,-1.0
40.80539333,-73.94740833,-1.0,-1.0
40.81538333,-73.89838333,-1.0,-1.0
40.81696333,-73.88806167,-0.80246913,-0.7777778
40.83609333,-73.92751,-1.0,-1.0
40.82275167,-73.92344167,-0.28395063,-0.28395063
40.82993833,-73.92994333,-1.0,-1.0
40.82039667,-73.892005,0.086419754,0.22222222
40.81598,-73.958745,5.3950615,5.7777777
40.817515,-73.89825,-1.0,-1.0
40.83765167,-73.8973,-1.0,-1.0
40.83061667,-73.907355,4.5555553,7.3333335
40.77056833,-73.99219333,2.0,2.0
40.809575,-73.890005,3.345679,3.8888888
40.825195,-73.88873667,-1.0,-1.0
40.80363167,-73.96696,1.0246913,1.5308642
40.77238,-73.94979667,-1.0,-1.0
40.80240833,-73.967625,1.8641975,2.580247
40.8267,-73.91402,-1.0,-1.0
40.83859667,-73.92663333,-1.0,-1.0
40.80629333,-73.889,-1.0,-1.0
40.840655,-73.90162333,-1.0,-1.0
40.81513667,-73.88382333,7.0,8.0
40.81886667,-73.95991167,15.0,16.0
40.82002667,-73.90819833,-1.0,-1.0
40.82146167,-73.92796333,-0.97530866,-0.97530866
40.813665,-73.94582167,-1.0,-1.0
40.81824167,-73.91688167,-1.0,-1.0
40.81805667,-73.91344833,-1.0,-1.0
40.83864333,-73.91319,0.16049382,0.16049382
40.81979333,-73.90831333,-1.0,-1.0
40.80110833,-73.94402167,-0.38271606,-0.25925925
40.82469667,-73.91057667,3.8888888,6.3333335
40.80343833,-73.96708833,1.4197531,2.0246913
40.83186833,-73.90664667,1.6666666,3.0
40.80724,-73.906675,-1.0,-1.0
40.82268,-73.95321333,-1.0,-1.0
40.768935,-73.95505833,-1.0,-1.0
40.83277167,-73.903065,-1.0,-1.0
40.82208667,-73.910895,-1.0,-1.0
40.8232,-73.92321333,-0.4074074,-0.4074074
40.819245,-73.913715,-1.0,-1.0
40.83648333,-73.92732,-1.0,-1.0
40.83076167,-73.91877,-0.6296296,-0.6296296
40.81623167,-73.89753667,-1.0,-1.0
40.82138167,-73.91799833,-1.0,-1.0
40.80097333,-73.94412833,-0.38271606,-0.25925925
40.806535,-73.88917833,-1.0,-1.0
40.84036333,-73.90180333,-1.0,-1.0
40.81302833,-73.90721167,-1.0,-1.0
40.804805,-73.88511833,-1.0,-1.0
40.83454333,-73.91979,5.345679,5.814815
40.83864667,-73.926155,-1.0,-1.0
40.79501,-73.95398833,-1.0,-1.0
40.80662333,-73.94895833,-0.9876543,-0.9876543
40.81745333,-73.89815667,-1.0,-1.0
40.84501833,-73.91352333,7.987654,8.679012
40.82098,-73.88721,5.419753,6.2222223
40.817855,-73.95652667,13.024692,13.901235
40.79483167,-73.95433667,-1.0,-1.0
40.77713667,-73.957435,1.4444444,2.5555556
40.81925333,-73.90859833,-1.0,-1.0
40.81244,-73.89488,7.0,8.0
40.76173167,-73.96657,-1.0,-1.0
40.82695167,-73.94724833,-1.0,-1.0
40.78497667,-73.94679,9.074074,13.271605
40.8219,-73.888435,3.5432098,4.111111
40.82236,-73.95447667,-1.0,-1.0
40.81788667,-73.95979833,13.222222,14.111111
40.83744,-73.89967667,-1.0,-1.0
40.82527167,-73.888725,-1.0,-1.0
40.84128667,-73.92176167,7.345679,7.987654
40.80174667,-73.949105,-1.0,-1.0
40.84341333,-73.91587667,10.234568,11.098765
40.82013167,-73.88858,3.6419754,4.2222223
40.83858167,-73.92720833,-1.0,-1.0
40.822655,-73.9235,-0.38271606,-0.38271606
40.83583,-73.9024,-1.0,-1.0
40.804945,-73.94767833,-1.0,-1.0
40.82152833,-73.95045333,-1.0,-1.0
40.81788167,-73.91705833,-1.0,-1.0
40.81590167,-73.91444167,-1.0,-1.0
40.76961833,-73.989665,2.0,2.0
40.83799667,-73.9277,-1.0,-1.0
40.82614,-73.88897,-1.0,-1.0
40.83855167,-73.90213833,-1.0,-1.0
40.76470333,-73.97289833,11.432098,17.604939
40.85557833,-73.93567,-1.0,-1.0
40.82728667,-73.92505,-0.654321,-0.654321
40.82537,-73.9076,6.111111,9.666667
40.8224,-73.95227333,-1.0,-1.0
40.84207833,-73.92109333,2.5308642,2.8024693
40.82969667,-73.90787,8.555555,13.333333
40.81185167,-73.925565,1.6666666,1.962963
40.80381,-73.92020333,11.444445,12.135802
40.81133333,-73.91703333,-1.0,-1.0
40.83927167,-73.91502,4.0864196,4.432099
40.81451333,-73.91529833,-1.0,-1.0
40.80464333,-73.95131833,-1.0,-1.0
40.83100833,-73.90041833,-1.0,-1.0
40.804365,-73.90781667,-1.0,-1.0
40.80860167,-73.96556,-1.0,-1.0
40.81764833,-73.91344333,-1.0,-1.0
40.80523167,-73.94750333,-1.0,-1.0
40.814055,-73.91556,-1.0,-1.0
40.80491833,-73.88591667,-1.0,-1.0
40.82062667,-73.91577333,-1.0,-1.0
40.80379833,-73.942,-0.44444445,-0.33333334
40.81059333,-73.92731333,9.222222,10.358025
40.85748,-73.929665,-1.0,-1.0
40.81254,-73.95325333,3.0617285,3.9012346
40.832545,-73.93138833,-1.0,-1.0
40.827805,-73.90421,-1.0,-1.0
40.82658,-73.950725,-1.0,-1.0
40.81372333,-73.90694833,-1.0,-1.0
40.76460167,-73.97295833,9.641975,14.950617
40.82172333,-73.91921833,-1.0,-1.0
40.813085,-73.92314833,-1.0,-1.0
40.81392,-73.88961,9.345679,11.962963
40.76980833,-73.99017,2.0,2.0
40.831875,-73.90232333,-1.0,-1.0
40.81767667,-73.92969667,15.469136,17.28395
40.81320333,-73.94546167,-1.0,-1.0
40.81345333,-73.885275,4.1358023,4.7777777
40.81961667,-73.95940167,15.0,16.0
40.81814,-73.95471,5.5185184,5.9259257
40.81944333,-73.911395,-1.0,-1.0
40.83071167,-73.92000667,0.28395063,0.28395063
40.76987667,-73.99035333,2.0,2.0
40.80345167,-73.94227,-0.69135803,-0.6296296
40.81725667,-73.92993167,15.074074,16.839506
40.83688833,-73.927115,-1.0,-1.0
40.82800833,-73.95013833,-1.0,-1.0
40.83146667,-73.90118833,-1.0,-1.0
40.76247333,-73.96804833,3.0987654,5.1975307
40.82784333,-73.92565667,-1.0,-1.0
40.82799667,-73.95005,-1.0,-1.0
40.84351333,-73.91987667,-0.83950615,-0.8271605
40.812365,-73.91644667,-1.0,-1.0
40.81402833,-73.88888833,5.888889,7.6666665
40.81474,-73.91512167,-1.0,-1.0
40.83737667,-73.92747833,-1.0,-1.0
40.814145,-73.94713667,-1.0,-1.0
40.82126833,-73.95832667,9.864198,10.54321
40.83437667,-73.92855167,-1.0,-1.0
40.80862333,-73.96563667,-1.0,-1.0
40.81327333,-73.92282667,-1.0,-1.0
40.81744,-73.88834167,-0.60493827,-0.5555556
40.82336833,-73.89170167,-1.0,-1.0
40.85924333,-73.932395,-1.0,-1.0
40.814825,-73.919775,-1.0,-1.0
40.81404333,-73.88878,5.888889,7.6666665
40.764625,-73.97295167,9.641975,14.950617
40.80459167,-73.90818667,-1.0,-1.0
40.813245,-73.92286667,-1.0,-1.0
40.81278833,-73.91622,-1.0,-1.0
40.80390167,-73.92041333,12.333333,13.074074
40.81099833,-73.90983333,-1.0,-1.0
40.82724,-73.925075,-0.80246913,-0.80246913
40.83019833,-73.91389667,-1.0,-1.0
40.80953333,-73.94804833,-0.37037036,-0.37037036
40.82303667,-73.891675,-1.0,-1.0
40.83259333,-73.93136167,-1.0,-1.0
40.83463667,-73.92967333,-1.0,-1.0
40.82489667,-73.908085,6.111111,9.666667
40.81839333,-73.95611833,11.839506,12.641975
40.76263,-73.968215,5.2098765,8.419753
40.829785,-73.93088833,-1.0,-1.0
40.7619,-73.96700833,-1.0,-1.0
40.81083,-73.91734333,-1.0,-1.0
40.82111167,-73.88534,7.0,8.0
40.82645,-73.95061333,-1.0,-1.0
40.81158833,-73.92607,3.6666667,4.185185
40.80337,-73.94233333,-0.69135803,-0.6296296
40.83911833,-73.92587,-1.0,-1.0
40.808745,-73.947835,-0.17283951,-0.17283951
40.82117667,-73.88607833,6.6049385,7.5555553
40.81264667,-73.95296333,1.7037038,2.2469137
40.81564,-73.95690833,0.17283951,0.20987654
40.825845,-73.94897667,-1.0,-1.0
40.81370333,-73.94867167,-1.0,-1.0
40.82844833,-73.92735333,-1.0,-1.0
40.81333667,-73.92272167,-1.0,-1.0
40.83042667,-73.91376333,-1.0,-1.0
40.84415667,-73.89739333,4.7777777,5.740741
40.81791833,-73.95433833,1.1728395,1.308642
40.821515,-73.91852333,-1.0,-1.0
40.80163333,-73.94363333,-0.50617284,-0.4074074
40.80132833,-73.943845,-0.25925925,-0.11111111
40.834315,-73.92837667,-1.0,-1.0
40.81921667,-73.91067833,-1.0,-1.0
40.84013167,-73.92539667,-1.0,-1.0
40.81359,-73.88531167,3.8395061,4.4444447
40.82975667,-73.90783333,9.444445,14.666667
40.815735,-73.89806167,-1.0,-1.0
40.81234667,-73.95340167,3.4320989,4.3209877
40.82249167,-73.95271167,-1.0,-1.0
40.814285,-73.89131167,8.45679,10.283951
40.82158333,-73.918755,-1.0,-1.0
40.81678333,-73.93015333,14.827161,16.567902
40.823105,-73.89168,-1.0,-1.0
40.83219333,-73.93154167,-1.0,-1.0
40.76427,-73.97202167,16.88889,25.679012
40.84482833,-73.90945333,-0.5308642,-0.5308642
40.80729333,-73.92837833,14.012345,14.851851
40.80452333,-73.92188333,13.888889,14.716049
40.80339667,-73.93818667,1.5925926,2.0246913
40.81888,-73.91659167,-1.0,-1.0
40.81246833,-73.94955167,-1.0,-1.0
40.81404833,-73.94690333,-1.0,-1.0
40.82136167,-73.92833,-1.0,-1.0
40.80635667,-73.889095,-1.0,-1.0
40.82911,-73.90821167,13.444445,20.666666
40.82586,-73.88949,-1.0,-1.0
40.85877333,-73.93146,-1.0,-1.0
40.81028333,-73.92198167,-1.0,-1.0
40.79804167,-73.95286667,-1.0,-1.0
40.80984,-73.92785833,8.555555,9.555555
40.80361167,-73.95214667,-1.0,-1.0
40.76284333,-73.96785833,4.185185,6.7777777
40.814625,-73.89142833,7.567901,9.283951
40.81647667,-73.887725,-1.0,-1.0
40.83364,-73.89647333,-1.0,-1.0
40.80329833,-73.94238167,-0.69135803,-0.6296296
40.83959167,-73.92559,-1.0,-1.0
40.83264333,-73.931335,-1.0,-1.0
40.82449333,-73.91015167,5.888889,9.333333
40.82129,-73.92834,-1.0,-1.0
40.81275833,-73.90656667,-1.0,-1.0
40.769775,-73.99008833,2.0,2.0
40.82084,-73.9158,-1.0,-1.0
40.82761833,-73.94916167,-1.0,-1.0
40.81524667,-73.95805167,1.0246913,1.1111112
40.81829,-73.92945667,14.333333,16.02469
40.81127667,-73.909725,-1.0,-1.0
40.77451333,-73.95420833,4.9259257,7.3950615
40.80468333,-73.90828667,-1.0,-1.0
40.82680833,-73.94690333,-1.0,-1.0
40.844145,-73.89735667,3.8888888,4.703704
40.82030833,-73.92698667,-0.7037037,-0.7037037
40.839385,-73.91536,4.567901,4.9753084
40.842035,-73.92112333,3.9753087,4.3580246
40.81553333,-73.95826667,2.4814816,2.6666667
40.81315833,-73.88520667,5.0246916,5.7777777
40.81298167,-73.94563,-1.0,-1.0
40.815525,-73.93056167,12.382716,13.827161
40.803695,-73.91987833,10.777778,11.432098
40.80816,-73.90797167,-1.0,-1.0
40.85690667,-73.93263833,-1.0,-1.0
40.82208167,-73.92028833,-1.0,-1.0
40.80601,-73.92541,14.555555,15.419753
40.810435,-73.92186333,-1.0,-1.0
40.809095,-73.91836833,-1.0,-1.0
40.82474667,-73.89153833,-1.0,-1.0
40.81019667,-73.90880333,-1.0,-1.0
40.83842,-73.916895,1.6419753,1.8395061
40.809715,-73.90743667,-1.0,-1.0
40.81009,-73.927665,8.111111,9.111111
40.83448,-73.930355,-1.0,-1.0
40.812825,-73.94932167,-1.0,-1.0
40.80444333,-73.91893833,6.5555553,6.9753084
40.80334667,-73.95302833,-1.0,-1.0
40.82368333,-73.89173,-1.0,-1.0
40.82123,-73.88556,6.9012346,7.888889
40.8046,-73.94143833,0.11111111,0.27160493
40.81237667,-73.949585,-1.0,-1.0
40.80978667,-73.92964,9.716049,10.728395
40.85893667,-73.93136667,-1.0,-1.0
40.82996,-73.93151333,-1.0,-1.0
40.819655,-73.89152167,3.7407408,4.3333335
40.81330167,-73.88524333,4.8271604,5.5555553
40.85518833,-73.93694167,-1.0,-1.0
40.83255833,-73.89838167,-1.0,-1.0
40.81559833,-73.91829333,-1.0,-1.0
40.80924333,-73.91826167,-1.0,-1.0
40.80470333,-73.91885167,3.8888888,4.160494
40.82197333,-73.92003167,-1.0,-1.0
40.815235,-73.95663333,0.024691358,0.12345679
40.85529333,-73.93583333,-1.0,-1.0
40.803095,-73.93839333,1.8641975,2.382716
40.8145,-73.918875,-1.0,-1.0
40.81526667,-73.93057833,11.049383,12.345679
40.80337333,-73.95308667,-1.0,-1.0
40.814035,-73.955765,5.8024693,7.185185
40.82389167,-73.89176333,-1.0,-1.0
40.80461833,-73.91887833,6.5555553,6.9753084
40.83068,-73.91359833,-1.0,-1.0
40.85740833,-73.93059667,-1.0,-1.0
40.83454167,-73.93030167,-1.0,-1.0
40.83276167,-73.89810667,-1.0,-1.0
40.857455,-73.93031667,-1.0,-1.0
40.80481167,-73.91867167,3.8888888,4.160494
40.77010667,-73.99117,2.0,2.0
40.81252333,-73.95107667,-0.97530866,-0.97530866
40.83233667,-73.89868,-1.0,-1.0
40.80829667,-73.94681833,-0.16049382,-0.16049382
40.81456,-73.91882667,-1.0,-1.0
40.81517333,-73.91906333,-1.0,-1.0
40.82887833,-73.908305,13.444445,20.666666
40.85512833,-73.93696833,-1.0,-1.0
40.77016833,-73.99154333,2.0,2.0
40.81960833,-73.913395,-1.0,-1.0
40.81500833,-73.91942333,-1.0,-1.0
40.85722,-73.93105167,-1.0,-1.0
40.85552167,-73.936775,-1.0,-1.0
40.81204167,-73.94990333,-0.97530866,-0.97530866
40.85583333,-73.93666333,-1.0,-1.0
40.828855,-73.90831667,15.444445,23.666666
40.81432167,-73.89132167,8.45679,10.283951
40.85713333,-73.93130333,-1.0,-1.0
40.81675667,-73.89203333,6.6049385,7.5555553
40.80973833,-73.92792667,7.4444447,8.308642
40.80423333,-73.91932333,8.777778,9.320988
40.81467667,-73.91854833,-1.0,-1.0
40.82145,-73.95812833,8.679012,9.283951
40.81442,-73.95597,3.5432098,4.432099
40.856415,-73.93626,-1.0,-1.0
40.77018333,-73.99162667,2.0,2.0
40.82824,-73.9269,-1.0,-1.0
40.80425167,-73.92123667,13.666667,14.481482
40.84107,-73.89917,-1.0,-1.0
40.82164667,-73.88878333,3.4444444,4.0
40.82412667,-73.90921167,7.2222223,11.333333
40.80909833,-73.92884,12.827161,13.962963
40.82503167,-73.89103333,-1.0,-1.0
40.818105,-73.91491,-1.0,-1.0
40.80627833,-73.92616,13.888889,14.716049
40.80845833,-73.94718333,-0.16049382,-0.16049382
40.81610667,-73.91743333,-1.0,-1.0
40.80555833,-73.91445333,-1.0,-1.0
40.817195,-73.91591667,-1.0,-1.0
40.814215,-73.91909667,-1.0,-1.0
40.81357667,-73.93051833,3.3703704,3.8271606
40.80937,-73.90755667,-1.0,-1.0
40.81619667,-73.91728,-1.0,-1.0
40.82432,-73.891795,-1.0,-1.0
40.82969667,-73.93133,-1.0,-1.0
40.85721333,-73.93543667,-1.0,-1.0
40.82498333,-73.89111167,-1.0,-1.0
40.81428833,-73.93073,6.5555553,7.345679
40.82487,-73.89134,-1.0,-1.0
40.818625,-73.89255833,4.1358023,4.7777777
40.857525,-73.93105667,-1.0,-1.0
40.80445,-73.91175833,-1.0,-1.0
40.80843333,-73.94712167,-0.16049382,-0.16049382
40.85603167,-73.933035,-1.0,-1.0
40.813145,-73.909155,-1.0,-1.0
40.81104333,-73.92142333,-1.0,-1.0
40.81352833,-73.9304,2.4814816,2.851852
40.80903667,-73.92879167,11.740741,12.790123
40.80518333,-73.91342167,-1.0,-1.0
40.812905,-73.92964667,5.4444447,6.160494
40.80898833,-73.92874167,11.740741,12.790123
40.81502667,-73.91809667,-1.0,-1.0
40.854865,-73.93569667,-1.0,-1.0
40.81855,-73.89262167,4.1358023,4.7777777
40.81827167,-73.91469833,-1.0,-1.0
40.81395,-73.93084667,5.296296,5.9506173
40.85452333,-73.93458833,-1.0,-1.0
40.80894167,-73.92854167,10.259259,11.098765
40.80492667,-73.912115,-1.0,-1.0
40.82198,-73.911665,-1.0,-1.0
40.81380333,-73.91938833,-1.0,-1.0
40.83317833,-73.93103333,-1.0,-1.0
40.85454167,-73.93464667,-1.0,-1.0
40.81541333,-73.91722333,-1.0,-1.0
40.80440167,-73.911645,-1.0,-1.0
