,zonedist_level1_100,zonedist_level2_100,zonedist_level3_100,residence_100,manufacture_100,commercial_100,park_100
0,3.0,30.0,112.0,1.0,0.0,0.0,0.0
1,3.0,30.0,112.0,1.0,0.0,0.0,0.0
2,3.0,10.0,88.0,1.0,0.0,0.0,1.0
3,0.0,0.0,5.0,1.0,0.0,1.0,0.0
4,3.0,30.0,112.0,1.0,0.0,0.0,0.0
5,3.0,10.0,88.0,1.0,0.0,0.0,1.0
6,3.0,10.0,88.0,1.0,0.0,0.0,1.0
7,3.0,10.0,88.0,1.0,0.0,0.0,1.0
8,0.0,0.0,5.0,1.0,0.0,1.0,0.0
9,2.0,10.0,88.0,0.0,0.0,0.0,1.0
10,2.0,10.0,88.0,1.0,0.0,0.0,1.0
11,3.0,30.0,112.0,1.0,0.0,0.0,0.0
12,0.0,4.0,25.0,0.0,0.0,1.0,0.0
13,2.0,10.0,88.0,0.0,0.0,0.0,1.0
14,3.0,3.0,24.0,1.0,0.0,1.0,1.0
15,2.0,10.0,88.0,0.0,0.0,0.0,1.0
16,0.0,0.0,3.0,1.0,0.0,1.0,0.0
17,3.0,12.0,90.0,1.0,0.0,0.0,0.0
18,2.0,10.0,88.0,0.0,0.0,0.0,1.0
19,3.0,13.0,91.0,1.0,0.0,0.0,0.0
20,0.0,0.0,3.0,1.0,0.0,1.0,0.0
21,3.0,1.0,8.0,1.0,0.0,1.0,0.0
22,3.0,10.0,88.0,1.0,0.0,0.0,1.0
23,0.0,5.0,34.0,1.0,0.0,1.0,0.0
24,3.0,10.0,88.0,1.0,0.0,0.0,1.0
25,3.0,13.0,91.0,1.0,0.0,0.0,0.0
26,2.0,10.0,88.0,1.0,0.0,0.0,1.0
27,3.0,37.0,120.0,1.0,0.0,1.0,0.0
28,0.0,0.0,5.0,1.0,0.0,1.0,0.0
29,3.0,10.0,88.0,1.0,0.0,0.0,1.0
30,0.0,1.0,8.0,0.0,0.0,1.0,0.0
31,0.0,4.0,29.0,0.0,0.0,1.0,0.0
32,3.0,13.0,91.0,1.0,0.0,0.0,0.0
33,3.0,10.0,88.0,1.0,0.0,0.0,1.0
34,0.0,3.0,23.0,1.0,0.0,1.0,0.0
35,2.0,10.0,88.0,0.0,0.0,0.0,1.0
36,3.0,13.0,91.0,1.0,0.0,0.0,0.0
37,3.0,0.0,4.0,1.0,0.0,1.0,0.0
38,2.0,10.0,88.0,0.0,0.0,0.0,1.0
39,3.0,30.0,112.0,1.0,0.0,0.0,0.0
40,2.0,10.0,88.0,1.0,0.0,0.0,1.0
41,0.0,0.0,5.0,1.0,0.0,1.0,0.0
42,3.0,10.0,88.0,1.0,0.0,0.0,1.0
43,0.0,4.0,29.0,0.0,0.0,1.0,0.0
44,2.0,10.0,88.0,0.0,0.0,0.0,1.0
45,3.0,13.0,91.0,1.0,0.0,0.0,0.0
46,0.0,30.0,112.0,1.0,0.0,1.0,0.0
47,2.0,10.0,88.0,0.0,0.0,0.0,1.0
48,0.0,6.0,50.0,1.0,0.0,1.0,0.0
49,0.0,3.0,23.0,1.0,0.0,1.0,0.0
50,3.0,10.0,88.0,1.0,0.0,0.0,1.0
51,3.0,10.0,88.0,1.0,0.0,0.0,1.0
52,0.0,3.0,24.0,1.0,0.0,1.0,1.0
53,2.0,10.0,88.0,0.0,0.0,0.0,1.0
54,2.0,10.0,88.0,0.0,0.0,0.0,1.0
55,0.0,4.0,29.0,0.0,0.0,1.0,0.0
56,3.0,10.0,88.0,1.0,0.0,0.0,1.0
57,2.0,10.0,88.0,0.0,0.0,0.0,1.0
58,0.0,0.0,3.0,1.0,0.0,1.0,0.0
59,2.0,10.0,88.0,1.0,0.0,0.0,1.0
60,0.0,0.0,5.0,1.0,0.0,1.0,0.0
61,2.0,10.0,88.0,0.0,0.0,0.0,1.0
62,2.0,10.0,88.0,0.0,0.0,0.0,1.0
63,3.0,10.0,88.0,1.0,0.0,0.0,1.0
64,2.0,10.0,88.0,0.0,0.0,0.0,1.0
65,3.0,3.0,16.0,1.0,0.0,1.0,0.0
66,1.0,9.0,86.0,0.0,1.0,0.0,0.0
67,3.0,37.0,120.0,1.0,0.0,1.0,0.0
68,3.0,10.0,88.0,1.0,0.0,0.0,1.0
69,3.0,35.0,118.0,1.0,0.0,0.0,0.0
70,3.0,0.0,5.0,1.0,0.0,1.0,0.0
71,0.0,3.0,24.0,0.0,0.0,1.0,0.0
72,2.0,10.0,88.0,0.0,0.0,0.0,1.0
73,3.0,31.0,114.0,1.0,0.0,0.0,0.0
74,0.0,3.0,23.0,1.0,0.0,1.0,0.0
75,3.0,10.0,88.0,1.0,0.0,0.0,1.0
76,3.0,37.0,120.0,1.0,0.0,0.0,0.0
77,2.0,10.0,88.0,1.0,0.0,0.0,1.0
78,0.0,3.0,23.0,1.0,0.0,1.0,0.0
79,3.0,30.0,112.0,1.0,0.0,0.0,0.0
80,3.0,3.0,23.0,1.0,0.0,1.0,0.0
81,3.0,13.0,91.0,1.0,0.0,0.0,0.0
82,3.0,35.0,118.0,1.0,0.0,0.0,0.0
83,0.0,0.0,5.0,1.0,0.0,1.0,0.0
84,2.0,10.0,88.0,1.0,0.0,0.0,1.0
85,0.0,4.0,25.0,0.0,0.0,1.0,0.0
86,3.0,10.0,88.0,1.0,0.0,0.0,1.0
87,2.0,10.0,88.0,1.0,0.0,0.0,1.0
88,1.0,9.0,86.0,0.0,1.0,0.0,0.0
89,3.0,12.0,90.0,1.0,0.0,0.0,0.0
90,2.0,10.0,88.0,0.0,0.0,0.0,1.0
91,0.0,1.0,8.0,1.0,0.0,1.0,0.0
92,2.0,10.0,88.0,0.0,0.0,0.0,1.0
93,0.0,3.0,23.0,1.0,0.0,1.0,0.0
94,3.0,12.0,90.0,1.0,0.0,0.0,0.0
95,0.0,3.0,23.0,1.0,0.0,1.0,0.0
96,3.0,32.0,115.0,1.0,0.0,0.0,0.0
97,0.0,3.0,23.0,1.0,0.0,1.0,0.0
98,3.0,10.0,88.0,1.0,0.0,0.0,1.0
99,0.0,3.0,23.0,1.0,0.0,1.0,0.0
100,3.0,1.0,8.0,1.0,0.0,1.0,0.0
101,0.0,3.0,23.0,1.0,0.0,1.0,0.0
102,0.0,3.0,24.0,0.0,0.0,1.0,0.0
103,3.0,31.0,114.0,1.0,0.0,0.0,0.0
104,2.0,10.0,88.0,1.0,0.0,0.0,1.0
105,2.0,10.0,88.0,1.0,0.0,0.0,1.0
106,0.0,1.0,8.0,1.0,0.0,1.0,0.0
107,3.0,10.0,88.0,1.0,0.0,0.0,1.0
108,3.0,12.0,90.0,1.0,0.0,0.0,0.0
109,0.0,5.0,34.0,1.0,0.0,1.0,0.0
110,3.0,30.0,112.0,1.0,0.0,0.0,0.0
111,3.0,37.0,120.0,1.0,0.0,0.0,0.0
112,0.0,6.0,50.0,0.0,1.0,1.0,0.0
113,3.0,39.0,122.0,1.0,0.0,1.0,0.0
114,1.0,9.0,86.0,0.0,1.0,0.0,0.0
115,0.0,1.0,8.0,1.0,0.0,1.0,0.0
116,0.0,1.0,7.0,1.0,0.0,1.0,0.0
117,3.0,10.0,88.0,1.0,0.0,0.0,1.0
118,1.0,9.0,86.0,0.0,1.0,0.0,0.0
119,2.0,10.0,88.0,0.0,0.0,0.0,1.0
120,3.0,13.0,91.0,1.0,0.0,0.0,0.0
121,2.0,10.0,88.0,1.0,0.0,0.0,1.0
122,3.0,37.0,120.0,1.0,0.0,0.0,0.0
123,2.0,10.0,88.0,1.0,0.0,0.0,1.0
124,0.0,5.0,34.0,1.0,0.0,1.0,0.0
125,3.0,10.0,88.0,1.0,0.0,0.0,1.0
126,2.0,10.0,88.0,0.0,0.0,0.0,1.0
127,3.0,10.0,88.0,1.0,0.0,0.0,1.0
128,3.0,37.0,120.0,1.0,0.0,0.0,0.0
129,3.0,12.0,90.0,1.0,0.0,0.0,0.0
130,3.0,32.0,115.0,1.0,0.0,0.0,0.0
131,2.0,10.0,88.0,0.0,0.0,0.0,1.0
132,1.0,7.0,51.0,1.0,1.0,0.0,0.0
133,2.0,10.0,88.0,0.0,0.0,0.0,1.0
134,3.0,30.0,111.0,1.0,0.0,0.0,0.0
135,1.0,9.0,86.0,0.0,1.0,0.0,0.0
136,0.0,6.0,49.0,1.0,0.0,1.0,0.0
137,0.0,1.0,8.0,1.0,0.0,1.0,0.0
138,3.0,30.0,112.0,1.0,0.0,0.0,0.0
139,3.0,35.0,118.0,1.0,0.0,0.0,0.0
140,2.0,10.0,88.0,0.0,0.0,0.0,1.0
141,3.0,1.0,8.0,1.0,0.0,1.0,0.0
142,0.0,1.0,8.0,1.0,0.0,1.0,0.0
143,3.0,35.0,118.0,1.0,0.0,0.0,0.0
144,3.0,13.0,91.0,1.0,0.0,0.0,0.0
145,1.0,7.0,51.0,1.0,1.0,0.0,0.0
146,3.0,10.0,88.0,1.0,0.0,0.0,1.0
147,3.0,37.0,120.0,1.0,0.0,0.0,0.0
148,3.0,30.0,112.0,1.0,0.0,0.0,0.0
149,3.0,12.0,90.0,1.0,0.0,0.0,0.0
150,0.0,3.0,24.0,0.0,0.0,1.0,0.0
151,2.0,10.0,88.0,1.0,0.0,0.0,1.0
152,2.0,10.0,88.0,0.0,0.0,0.0,1.0
153,2.0,10.0,88.0,1.0,0.0,0.0,1.0
154,3.0,4.0,25.0,1.0,0.0,1.0,0.0
155,2.0,10.0,88.0,1.0,0.0,0.0,1.0
156,3.0,35.0,118.0,1.0,0.0,0.0,0.0
157,0.0,0.0,5.0,1.0,0.0,1.0,0.0
158,2.0,10.0,88.0,0.0,0.0,0.0,1.0
159,0.0,0.0,4.0,1.0,0.0,1.0,0.0
160,1.0,9.0,86.0,0.0,1.0,0.0,0.0
161,3.0,30.0,111.0,1.0,0.0,0.0,0.0
162,0.0,3.0,24.0,1.0,0.0,1.0,1.0
163,3.0,12.0,90.0,1.0,0.0,0.0,0.0
164,0.0,0.0,4.0,1.0,0.0,1.0,0.0
165,3.0,35.0,118.0,1.0,0.0,0.0,0.0
166,1.0,7.0,62.0,1.0,1.0,0.0,0.0
167,3.0,35.0,118.0,1.0,0.0,0.0,0.0
168,3.0,10.0,88.0,1.0,0.0,0.0,1.0
169,3.0,12.0,90.0,1.0,0.0,0.0,0.0
170,0.0,6.0,50.0,1.0,0.0,1.0,0.0
171,3.0,37.0,120.0,1.0,0.0,0.0,0.0
172,3.0,36.0,119.0,1.0,0.0,0.0,0.0
173,3.0,30.0,112.0,1.0,0.0,0.0,0.0
174,3.0,10.0,88.0,1.0,0.0,0.0,1.0
175,3.0,30.0,112.0,1.0,0.0,0.0,0.0
176,3.0,12.0,90.0,1.0,0.0,0.0,0.0
177,0.0,6.0,49.0,1.0,0.0,1.0,0.0
178,3.0,10.0,88.0,1.0,0.0,0.0,1.0
179,3.0,12.0,90.0,1.0,0.0,0.0,0.0
180,3.0,35.0,118.0,1.0,0.0,0.0,0.0
181,0.0,3.0,24.0,1.0,0.0,1.0,0.0
182,1.0,7.0,54.0,0.0,1.0,0.0,0.0
183,3.0,4.0,25.0,1.0,0.0,1.0,1.0
184,3.0,27.0,107.0,1.0,0.0,0.0,0.0
185,2.0,10.0,88.0,0.0,0.0,0.0,1.0
186,1.0,7.0,49.0,1.0,1.0,1.0,1.0
187,3.0,32.0,115.0,1.0,0.0,0.0,0.0
188,3.0,30.0,111.0,1.0,0.0,0.0,0.0
189,3.0,31.0,114.0,1.0,0.0,0.0,0.0
190,3.0,10.0,88.0,1.0,0.0,0.0,1.0
191,1.0,7.0,54.0,0.0,1.0,0.0,0.0
192,3.0,12.0,90.0,1.0,0.0,0.0,0.0
193,3.0,30.0,111.0,1.0,0.0,0.0,0.0
194,3.0,31.0,114.0,1.0,0.0,0.0,0.0
195,3.0,35.0,118.0,1.0,0.0,0.0,0.0
196,0.0,3.0,24.0,1.0,0.0,1.0,0.0
197,1.0,9.0,86.0,0.0,1.0,0.0,0.0
198,2.0,10.0,88.0,1.0,0.0,0.0,1.0
199,3.0,30.0,111.0,1.0,0.0,0.0,0.0
200,3.0,10.0,88.0,1.0,0.0,0.0,1.0
201,3.0,30.0,112.0,1.0,0.0,0.0,0.0
202,3.0,39.0,122.0,1.0,0.0,1.0,0.0
203,1.0,7.0,54.0,0.0,1.0,0.0,0.0
204,3.0,30.0,111.0,1.0,0.0,0.0,0.0
205,1.0,9.0,86.0,0.0,1.0,0.0,0.0
206,0.0,3.0,24.0,0.0,1.0,1.0,1.0
207,3.0,27.0,107.0,1.0,0.0,0.0,0.0
208,3.0,35.0,118.0,1.0,0.0,0.0,0.0
209,0.0,1.0,7.0,1.0,0.0,1.0,0.0
210,3.0,30.0,111.0,1.0,0.0,0.0,0.0
211,2.0,10.0,88.0,1.0,0.0,0.0,1.0
212,3.0,37.0,120.0,1.0,0.0,1.0,0.0
213,3.0,30.0,111.0,1.0,0.0,0.0,0.0
214,1.0,9.0,86.0,0.0,1.0,0.0,0.0
215,3.0,35.0,118.0,1.0,0.0,0.0,0.0
216,3.0,12.0,90.0,1.0,0.0,0.0,0.0
217,3.0,30.0,111.0,1.0,0.0,0.0,0.0
218,3.0,12.0,90.0,1.0,0.0,0.0,0.0
219,0.0,6.0,50.0,1.0,0.0,1.0,0.0
220,2.0,10.0,88.0,1.0,0.0,0.0,1.0
221,3.0,12.0,90.0,1.0,0.0,0.0,0.0
222,3.0,4.0,25.0,1.0,0.0,1.0,1.0
223,3.0,12.0,90.0,1.0,0.0,0.0,0.0
224,0.0,0.0,5.0,1.0,0.0,1.0,0.0
225,1.0,7.0,54.0,0.0,1.0,0.0,0.0
226,3.0,13.0,91.0,1.0,0.0,0.0,0.0
227,3.0,1.0,8.0,1.0,0.0,1.0,0.0
228,3.0,10.0,88.0,1.0,0.0,0.0,1.0
229,3.0,30.0,112.0,1.0,0.0,0.0,0.0
230,3.0,30.0,112.0,1.0,0.0,0.0,0.0
231,3.0,10.0,88.0,1.0,0.0,0.0,1.0
232,3.0,13.0,91.0,1.0,0.0,0.0,0.0
233,2.0,10.0,88.0,1.0,0.0,0.0,1.0
234,3.0,12.0,90.0,1.0,0.0,0.0,0.0
235,2.0,10.0,88.0,0.0,0.0,0.0,1.0
236,3.0,30.0,111.0,1.0,0.0,0.0,0.0
237,3.0,30.0,111.0,1.0,0.0,0.0,0.0
238,1.0,9.0,86.0,0.0,1.0,0.0,0.0
239,0.0,3.0,24.0,0.0,1.0,1.0,1.0
240,3.0,37.0,120.0,1.0,0.0,0.0,0.0
241,3.0,30.0,112.0,1.0,0.0,0.0,0.0
242,3.0,10.0,88.0,1.0,0.0,0.0,1.0
243,2.0,10.0,88.0,1.0,0.0,0.0,1.0
244,3.0,35.0,118.0,1.0,0.0,0.0,0.0
245,3.0,1.0,8.0,1.0,0.0,1.0,0.0
246,2.0,10.0,88.0,0.0,0.0,0.0,1.0
247,3.0,10.0,88.0,1.0,0.0,0.0,1.0
248,3.0,30.0,111.0,1.0,0.0,0.0,0.0
249,3.0,4.0,25.0,1.0,0.0,1.0,1.0
250,3.0,10.0,88.0,1.0,0.0,0.0,1.0
251,3.0,10.0,88.0,1.0,0.0,0.0,1.0
252,3.0,37.0,120.0,1.0,0.0,0.0,0.0
253,3.0,30.0,112.0,1.0,0.0,0.0,0.0
254,3.0,35.0,118.0,1.0,0.0,0.0,0.0
255,2.0,10.0,88.0,0.0,0.0,0.0,1.0
256,3.0,0.0,4.0,1.0,0.0,1.0,0.0
257,3.0,37.0,120.0,1.0,0.0,1.0,0.0
258,1.0,7.0,59.0,0.0,1.0,0.0,0.0
259,3.0,10.0,88.0,1.0,0.0,0.0,1.0
260,1.0,7.0,59.0,0.0,1.0,0.0,0.0
261,3.0,12.0,90.0,1.0,0.0,0.0,0.0
262,3.0,30.0,112.0,1.0,0.0,0.0,0.0
263,3.0,30.0,112.0,1.0,0.0,0.0,0.0
264,3.0,0.0,4.0,1.0,0.0,1.0,0.0
265,0.0,1.0,8.0,1.0,0.0,1.0,0.0
266,3.0,10.0,88.0,1.0,0.0,0.0,1.0
267,3.0,35.0,118.0,1.0,0.0,0.0,0.0
268,0.0,0.0,5.0,1.0,0.0,1.0,0.0
269,3.0,1.0,9.0,1.0,0.0,1.0,0.0
270,3.0,6.0,50.0,1.0,0.0,1.0,0.0
271,0.0,0.0,4.0,1.0,0.0,1.0,0.0
272,3.0,0.0,4.0,1.0,0.0,1.0,0.0
273,3.0,10.0,88.0,1.0,0.0,0.0,1.0
274,1.0,7.0,54.0,0.0,1.0,0.0,0.0
275,3.0,30.0,112.0,1.0,0.0,0.0,0.0
276,3.0,35.0,118.0,1.0,0.0,0.0,0.0
277,3.0,10.0,88.0,1.0,0.0,0.0,1.0
278,2.0,10.0,88.0,0.0,0.0,0.0,1.0
279,3.0,35.0,118.0,1.0,0.0,0.0,0.0
280,3.0,10.0,88.0,1.0,0.0,0.0,1.0
281,3.0,1.0,8.0,1.0,0.0,1.0,0.0
282,1.0,7.0,54.0,0.0,1.0,0.0,0.0
283,3.0,30.0,112.0,1.0,0.0,0.0,0.0
284,0.0,3.0,23.0,1.0,0.0,1.0,0.0
285,3.0,10.0,88.0,1.0,0.0,0.0,1.0
286,3.0,12.0,90.0,1.0,0.0,0.0,0.0
287,2.0,10.0,88.0,1.0,0.0,0.0,1.0
288,3.0,30.0,112.0,1.0,0.0,0.0,0.0
289,3.0,30.0,111.0,1.0,0.0,0.0,0.0
290,0.0,3.0,23.0,1.0,0.0,1.0,0.0
291,3.0,10.0,88.0,1.0,0.0,0.0,1.0
292,3.0,4.0,25.0,1.0,0.0,1.0,1.0
293,3.0,13.0,91.0,1.0,0.0,0.0,0.0
294,3.0,30.0,111.0,1.0,0.0,0.0,0.0
295,2.0,10.0,88.0,1.0,0.0,0.0,1.0
296,2.0,10.0,88.0,0.0,0.0,0.0,1.0
297,3.0,10.0,88.0,1.0,0.0,0.0,1.0
298,3.0,10.0,88.0,1.0,0.0,0.0,1.0
299,1.0,7.0,59.0,0.0,1.0,0.0,0.0
300,3.0,3.0,18.0,1.0,0.0,1.0,0.0
301,3.0,27.0,107.0,1.0,0.0,0.0,0.0
302,2.0,10.0,88.0,1.0,0.0,0.0,1.0
303,3.0,30.0,112.0,1.0,0.0,0.0,0.0
304,3.0,30.0,112.0,1.0,0.0,0.0,0.0
305,1.0,9.0,86.0,0.0,1.0,0.0,0.0
306,3.0,12.0,90.0,1.0,0.0,0.0,0.0
307,3.0,3.0,23.0,1.0,0.0,1.0,0.0
308,3.0,39.0,122.0,1.0,0.0,1.0,0.0
309,1.0,7.0,54.0,0.0,1.0,0.0,0.0
310,3.0,30.0,111.0,1.0,0.0,0.0,0.0
311,1.0,7.0,59.0,0.0,1.0,0.0,0.0
312,3.0,35.0,118.0,1.0,0.0,0.0,0.0
313,3.0,12.0,90.0,1.0,0.0,0.0,0.0
314,1.0,9.0,86.0,0.0,1.0,0.0,1.0
315,3.0,35.0,118.0,1.0,0.0,0.0,0.0
316,2.0,10.0,88.0,1.0,0.0,0.0,1.0
317,2.0,10.0,88.0,0.0,0.0,0.0,1.0
318,3.0,27.0,107.0,1.0,0.0,0.0,0.0
319,2.0,10.0,88.0,0.0,0.0,0.0,1.0
320,3.0,10.0,88.0,1.0,0.0,0.0,1.0
321,3.0,30.0,111.0,1.0,0.0,0.0,0.0
322,0.0,0.0,5.0,1.0,0.0,1.0,0.0
323,3.0,27.0,107.0,1.0,0.0,0.0,0.0
324,3.0,10.0,88.0,1.0,0.0,0.0,1.0
325,3.0,30.0,112.0,1.0,0.0,0.0,0.0
326,0.0,3.0,24.0,1.0,0.0,1.0,0.0
327,3.0,30.0,112.0,1.0,0.0,0.0,0.0
328,3.0,30.0,112.0,1.0,0.0,0.0,0.0
329,1.0,9.0,86.0,0.0,1.0,0.0,0.0
330,3.0,28.0,109.0,1.0,0.0,0.0,0.0
331,3.0,30.0,112.0,1.0,0.0,0.0,0.0
332,3.0,12.0,90.0,1.0,0.0,0.0,0.0
333,3.0,31.0,114.0,1.0,0.0,0.0,0.0
334,3.0,27.0,107.0,1.0,0.0,0.0,0.0
335,2.0,10.0,88.0,1.0,0.0,0.0,1.0
336,0.0,1.0,6.0,1.0,0.0,1.0,0.0
337,3.0,7.0,51.0,1.0,1.0,0.0,1.0
338,3.0,36.0,119.0,1.0,0.0,0.0,0.0
339,3.0,12.0,90.0,1.0,0.0,0.0,0.0
340,3.0,27.0,107.0,1.0,0.0,0.0,0.0
341,1.0,9.0,86.0,0.0,1.0,0.0,0.0
342,2.0,10.0,88.0,1.0,0.0,0.0,1.0
343,1.0,7.0,59.0,0.0,1.0,0.0,0.0
344,1.0,7.0,51.0,1.0,1.0,0.0,0.0
345,3.0,10.0,88.0,1.0,0.0,0.0,1.0
346,3.0,30.0,111.0,1.0,0.0,0.0,0.0
347,3.0,36.0,119.0,1.0,0.0,0.0,0.0
348,3.0,30.0,111.0,1.0,0.0,0.0,0.0
349,3.0,30.0,111.0,1.0,0.0,0.0,0.0
350,3.0,30.0,112.0,1.0,0.0,0.0,0.0
351,0.0,3.0,16.0,0.0,1.0,1.0,0.0
352,0.0,0.0,4.0,1.0,0.0,1.0,0.0
353,2.0,10.0,88.0,1.0,0.0,0.0,1.0
354,2.0,10.0,88.0,1.0,0.0,0.0,1.0
355,3.0,30.0,111.0,1.0,0.0,0.0,0.0
356,0.0,3.0,16.0,0.0,0.0,1.0,0.0
357,3.0,30.0,111.0,1.0,0.0,0.0,0.0
358,3.0,10.0,88.0,1.0,0.0,0.0,1.0
359,1.0,7.0,51.0,0.0,1.0,0.0,0.0
360,0.0,5.0,35.0,1.0,0.0,1.0,0.0
361,3.0,27.0,107.0,1.0,0.0,0.0,0.0
362,3.0,30.0,111.0,1.0,0.0,0.0,0.0
363,3.0,6.0,49.0,1.0,0.0,1.0,0.0
364,3.0,30.0,112.0,1.0,0.0,0.0,0.0
365,2.0,10.0,88.0,1.0,0.0,0.0,1.0
366,3.0,6.0,49.0,1.0,1.0,1.0,0.0
367,2.0,10.0,88.0,1.0,0.0,0.0,1.0
368,3.0,35.0,118.0,1.0,0.0,0.0,0.0
369,2.0,10.0,88.0,0.0,0.0,0.0,1.0
370,3.0,30.0,112.0,1.0,0.0,0.0,0.0
371,2.0,10.0,88.0,1.0,0.0,0.0,1.0
372,2.0,10.0,88.0,1.0,0.0,0.0,1.0
373,1.0,7.0,62.0,1.0,1.0,0.0,1.0
374,3.0,30.0,111.0,1.0,0.0,0.0,0.0
375,3.0,10.0,88.0,1.0,0.0,0.0,1.0
376,3.0,0.0,4.0,1.0,0.0,1.0,0.0
377,3.0,3.0,22.0,1.0,0.0,1.0,0.0
378,3.0,36.0,119.0,1.0,0.0,0.0,0.0
379,0.0,0.0,5.0,1.0,0.0,1.0,1.0
380,1.0,7.0,54.0,0.0,1.0,0.0,0.0
381,2.0,10.0,88.0,1.0,0.0,0.0,1.0
382,1.0,9.0,86.0,0.0,1.0,0.0,0.0
383,0.0,1.0,6.0,0.0,1.0,1.0,0.0
384,1.0,7.0,59.0,0.0,1.0,0.0,0.0
385,3.0,30.0,111.0,1.0,0.0,0.0,0.0
386,3.0,10.0,88.0,1.0,0.0,0.0,1.0
387,3.0,0.0,5.0,1.0,0.0,1.0,0.0
388,0.0,6.0,50.0,1.0,0.0,1.0,0.0
389,3.0,35.0,118.0,1.0,0.0,0.0,0.0
390,3.0,31.0,114.0,1.0,0.0,0.0,0.0
391,3.0,27.0,107.0,1.0,0.0,0.0,0.0
392,2.0,10.0,88.0,1.0,0.0,0.0,1.0
393,3.0,10.0,88.0,1.0,0.0,0.0,1.0
394,3.0,7.0,51.0,1.0,1.0,0.0,1.0
395,1.0,7.0,62.0,0.0,1.0,0.0,0.0
396,3.0,10.0,88.0,1.0,0.0,0.0,1.0
397,0.0,0.0,5.0,1.0,0.0,1.0,0.0
398,2.0,10.0,88.0,1.0,0.0,0.0,1.0
399,0.0,6.0,49.0,1.0,0.0,1.0,0.0
400,1.0,7.0,54.0,0.0,1.0,0.0,0.0
401,1.0,7.0,59.0,0.0,1.0,0.0,0.0
402,0.0,6.0,49.0,1.0,0.0,1.0,0.0
403,3.0,30.0,112.0,1.0,0.0,0.0,0.0
404,0.0,3.0,16.0,0.0,0.0,1.0,0.0
405,3.0,0.0,5.0,1.0,0.0,1.0,1.0
406,0.0,3.0,21.0,1.0,0.0,1.0,0.0
407,3.0,35.0,118.0,1.0,0.0,0.0,0.0
408,3.0,30.0,112.0,1.0,0.0,0.0,0.0
409,0.0,0.0,5.0,1.0,0.0,1.0,0.0
410,3.0,10.0,88.0,1.0,0.0,0.0,1.0
411,3.0,35.0,118.0,1.0,0.0,0.0,0.0
412,3.0,30.0,111.0,1.0,0.0,0.0,0.0
413,3.0,35.0,118.0,1.0,0.0,0.0,0.0
414,3.0,1.0,8.0,1.0,0.0,1.0,0.0
415,0.0,0.0,5.0,1.0,0.0,1.0,0.0
416,2.0,10.0,88.0,1.0,0.0,0.0,1.0
417,2.0,10.0,88.0,1.0,0.0,0.0,1.0
418,3.0,10.0,88.0,1.0,0.0,0.0,1.0
419,3.0,10.0,88.0,1.0,0.0,0.0,1.0
420,0.0,3.0,16.0,1.0,0.0,1.0,0.0
421,3.0,30.0,112.0,1.0,0.0,0.0,0.0
422,0.0,6.0,50.0,1.0,0.0,1.0,0.0
423,2.0,10.0,88.0,1.0,0.0,0.0,1.0
424,1.0,7.0,54.0,0.0,1.0,0.0,0.0
425,0.0,0.0,4.0,1.0,0.0,1.0,0.0
426,3.0,37.0,120.0,1.0,0.0,1.0,0.0
427,3.0,31.0,114.0,1.0,0.0,0.0,0.0
428,2.0,10.0,88.0,1.0,0.0,0.0,1.0
429,3.0,12.0,90.0,1.0,0.0,0.0,0.0
430,0.0,6.0,50.0,1.0,0.0,1.0,1.0
431,3.0,30.0,112.0,1.0,0.0,0.0,0.0
432,3.0,0.0,4.0,1.0,0.0,1.0,0.0
433,3.0,30.0,111.0,1.0,0.0,0.0,0.0
434,2.0,10.0,88.0,1.0,0.0,0.0,1.0
435,3.0,30.0,111.0,1.0,0.0,0.0,0.0
436,3.0,36.0,119.0,1.0,0.0,0.0,0.0
437,3.0,35.0,118.0,1.0,0.0,0.0,0.0
438,3.0,30.0,111.0,1.0,0.0,0.0,0.0
439,1.0,9.0,86.0,0.0,1.0,0.0,1.0
440,2.0,10.0,88.0,0.0,0.0,0.0,1.0
441,0.0,1.0,6.0,0.0,1.0,1.0,0.0
442,3.0,12.0,90.0,1.0,0.0,0.0,0.0
443,3.0,30.0,111.0,1.0,0.0,0.0,0.0
444,0.0,0.0,5.0,1.0,0.0,1.0,1.0
445,2.0,10.0,88.0,1.0,0.0,0.0,1.0
446,1.0,9.0,86.0,0.0,1.0,0.0,0.0
447,1.0,9.0,86.0,0.0,1.0,0.0,0.0
448,3.0,30.0,112.0,1.0,0.0,0.0,0.0
449,1.0,7.0,54.0,0.0,1.0,0.0,0.0
450,3.0,13.0,91.0,1.0,0.0,0.0,0.0
451,3.0,0.0,5.0,1.0,0.0,1.0,0.0
452,0.0,4.0,25.0,1.0,0.0,1.0,0.0
453,3.0,0.0,5.0,1.0,0.0,1.0,1.0
454,3.0,10.0,88.0,1.0,0.0,0.0,1.0
455,2.0,10.0,88.0,1.0,0.0,0.0,1.0
456,2.0,10.0,88.0,1.0,0.0,0.0,1.0
457,3.0,30.0,111.0,1.0,0.0,0.0,0.0
458,2.0,10.0,88.0,1.0,0.0,0.0,1.0
459,1.0,9.0,86.0,0.0,1.0,0.0,0.0
460,3.0,30.0,111.0,1.0,0.0,0.0,0.0
461,3.0,10.0,88.0,1.0,0.0,0.0,1.0
462,3.0,10.0,88.0,1.0,0.0,0.0,1.0
463,3.0,4.0,25.0,1.0,0.0,1.0,0.0
464,0.0,1.0,6.0,1.0,0.0,1.0,0.0
465,3.0,30.0,112.0,1.0,0.0,0.0,0.0
466,2.0,10.0,88.0,1.0,0.0,0.0,1.0
467,2.0,10.0,88.0,1.0,0.0,0.0,1.0
468,1.0,7.0,54.0,1.0,1.0,0.0,0.0
469,3.0,0.0,5.0,1.0,0.0,1.0,0.0
470,3.0,30.0,112.0,1.0,0.0,0.0,0.0
471,2.0,10.0,88.0,1.0,0.0,0.0,1.0
472,2.0,10.0,88.0,1.0,0.0,0.0,1.0
473,3.0,30.0,112.0,1.0,0.0,0.0,0.0
474,2.0,10.0,88.0,1.0,0.0,0.0,1.0
475,2.0,10.0,88.0,1.0,0.0,0.0,1.0
476,1.0,7.0,54.0,0.0,1.0,0.0,0.0
477,0.0,5.0,31.0,1.0,0.0,1.0,0.0
478,0.0,1.0,6.0,0.0,1.0,1.0,0.0
479,3.0,0.0,5.0,1.0,0.0,1.0,0.0
480,3.0,35.0,118.0,1.0,0.0,0.0,0.0
481,0.0,0.0,5.0,1.0,0.0,1.0,0.0
482,1.0,7.0,54.0,0.0,1.0,0.0,0.0
483,0.0,4.0,25.0,1.0,0.0,1.0,0.0
484,0.0,1.0,6.0,0.0,1.0,1.0,0.0
485,1.0,7.0,54.0,1.0,1.0,0.0,0.0
486,0.0,5.0,35.0,1.0,0.0,1.0,1.0
487,2.0,10.0,88.0,0.0,0.0,0.0,1.0
488,3.0,35.0,118.0,1.0,0.0,0.0,0.0
489,1.0,9.0,86.0,0.0,1.0,0.0,0.0
490,2.0,10.0,88.0,1.0,0.0,0.0,1.0
491,3.0,30.0,112.0,1.0,0.0,0.0,0.0
492,1.0,7.0,54.0,0.0,1.0,0.0,0.0
493,2.0,10.0,88.0,1.0,0.0,0.0,1.0
494,2.0,10.0,88.0,1.0,0.0,0.0,1.0
495,3.0,30.0,112.0,1.0,0.0,0.0,0.0
496,3.0,4.0,25.0,1.0,0.0,1.0,0.0
497,0.0,0.0,5.0,1.0,0.0,1.0,0.0
498,3.0,13.0,91.0,1.0,0.0,0.0,0.0
499,0.0,1.0,6.0,1.0,0.0,1.0,0.0
500,3.0,10.0,88.0,1.0,0.0,0.0,1.0
501,0.0,5.0,35.0,1.0,0.0,1.0,1.0
502,0.0,3.0,16.0,0.0,1.0,1.0,0.0
503,0.0,3.0,24.0,1.0,0.0,1.0,0.0
504,1.0,9.0,86.0,0.0,1.0,0.0,0.0
505,3.0,30.0,111.0,1.0,0.0,0.0,0.0
506,2.0,10.0,88.0,0.0,0.0,0.0,1.0
507,3.0,30.0,112.0,1.0,0.0,0.0,0.0
508,3.0,35.0,118.0,1.0,0.0,0.0,0.0
509,3.0,35.0,118.0,1.0,0.0,0.0,0.0
510,3.0,3.0,22.0,1.0,0.0,1.0,0.0
511,3.0,30.0,112.0,1.0,0.0,0.0,0.0
512,3.0,30.0,112.0,1.0,0.0,0.0,0.0
513,0.0,1.0,6.0,1.0,0.0,1.0,0.0
514,0.0,0.0,5.0,1.0,0.0,1.0,0.0
515,2.0,10.0,88.0,1.0,0.0,0.0,1.0
516,3.0,37.0,120.0,1.0,0.0,0.0,0.0
517,1.0,7.0,54.0,0.0,1.0,0.0,0.0
518,3.0,30.0,111.0,1.0,0.0,0.0,0.0
519,3.0,10.0,88.0,1.0,0.0,0.0,1.0
520,3.0,35.0,118.0,1.0,0.0,0.0,0.0
521,2.0,10.0,88.0,0.0,0.0,0.0,1.0
522,2.0,10.0,88.0,1.0,0.0,0.0,1.0
523,3.0,31.0,114.0,1.0,0.0,0.0,0.0
524,3.0,30.0,111.0,1.0,0.0,0.0,0.0
525,3.0,31.0,114.0,1.0,0.0,0.0,0.0
526,3.0,30.0,112.0,1.0,0.0,0.0,0.0
527,0.0,0.0,5.0,1.0,0.0,1.0,1.0
528,2.0,10.0,88.0,1.0,0.0,0.0,1.0
529,3.0,30.0,112.0,1.0,0.0,0.0,0.0
530,3.0,10.0,88.0,1.0,0.0,0.0,1.0
531,2.0,10.0,88.0,1.0,0.0,0.0,1.0
532,1.0,9.0,86.0,0.0,1.0,0.0,0.0
533,3.0,37.0,120.0,1.0,0.0,0.0,0.0
534,3.0,27.0,107.0,1.0,0.0,0.0,0.0
535,3.0,27.0,107.0,1.0,0.0,0.0,0.0
536,3.0,12.0,90.0,1.0,0.0,0.0,0.0
537,2.0,10.0,88.0,1.0,0.0,0.0,1.0
538,3.0,27.0,107.0,1.0,0.0,0.0,0.0
539,0.0,3.0,24.0,1.0,0.0,1.0,0.0
540,2.0,10.0,88.0,1.0,1.0,0.0,1.0
541,2.0,10.0,88.0,1.0,0.0,0.0,1.0
542,0.0,3.0,24.0,1.0,0.0,1.0,0.0
543,3.0,30.0,112.0,1.0,0.0,0.0,0.0
544,3.0,30.0,112.0,1.0,0.0,0.0,0.0
545,1.0,7.0,51.0,1.0,1.0,0.0,0.0
546,3.0,31.0,114.0,1.0,0.0,0.0,0.0
547,0.0,0.0,4.0,1.0,0.0,1.0,0.0
548,1.0,7.0,54.0,1.0,1.0,0.0,1.0
549,1.0,7.0,51.0,0.0,1.0,0.0,0.0
550,3.0,35.0,118.0,1.0,0.0,0.0,0.0
551,3.0,35.0,118.0,1.0,0.0,0.0,0.0
552,1.0,7.0,51.0,1.0,1.0,0.0,0.0
553,0.0,4.0,25.0,1.0,0.0,1.0,0.0
554,3.0,10.0,88.0,1.0,0.0,0.0,1.0
555,2.0,10.0,88.0,1.0,0.0,0.0,1.0
556,2.0,10.0,88.0,1.0,0.0,0.0,1.0
557,3.0,30.0,112.0,1.0,0.0,0.0,0.0
558,3.0,1.0,9.0,1.0,0.0,1.0,0.0
559,3.0,30.0,111.0,1.0,0.0,0.0,0.0
560,3.0,30.0,111.0,1.0,0.0,0.0,0.0
561,3.0,35.0,118.0,1.0,0.0,0.0,0.0
562,2.0,10.0,88.0,0.0,0.0,0.0,1.0
563,0.0,3.0,16.0,1.0,0.0,1.0,1.0
564,1.0,7.0,58.0,1.0,1.0,0.0,0.0
565,3.0,30.0,111.0,1.0,0.0,0.0,0.0
566,3.0,10.0,88.0,1.0,0.0,0.0,1.0
567,0.0,0.0,4.0,1.0,0.0,1.0,0.0
568,0.0,3.0,16.0,0.0,1.0,1.0,0.0
569,1.0,7.0,54.0,1.0,1.0,0.0,0.0
570,3.0,35.0,118.0,1.0,0.0,0.0,0.0
571,3.0,27.0,107.0,1.0,0.0,0.0,0.0
572,3.0,37.0,120.0,1.0,0.0,1.0,0.0
573,1.0,9.0,86.0,0.0,1.0,0.0,0.0
574,3.0,27.0,107.0,1.0,0.0,0.0,0.0
575,0.0,3.0,16.0,1.0,0.0,1.0,0.0
576,1.0,7.0,54.0,1.0,1.0,0.0,0.0
577,3.0,30.0,88.0,1.0,0.0,0.0,1.0
578,0.0,0.0,4.0,1.0,0.0,1.0,0.0
579,3.0,35.0,118.0,1.0,0.0,0.0,0.0
580,2.0,10.0,88.0,1.0,0.0,0.0,1.0
581,1.0,7.0,51.0,1.0,1.0,0.0,1.0
582,0.0,3.0,21.0,1.0,0.0,1.0,0.0
583,0.0,0.0,5.0,1.0,0.0,1.0,0.0
584,0.0,3.0,16.0,1.0,0.0,1.0,0.0
585,2.0,10.0,88.0,1.0,0.0,0.0,1.0
586,3.0,27.0,107.0,1.0,0.0,0.0,0.0
587,0.0,3.0,21.0,1.0,0.0,1.0,0.0
588,2.0,10.0,88.0,1.0,0.0,0.0,1.0
589,3.0,27.0,107.0,1.0,0.0,0.0,0.0
590,1.0,9.0,86.0,0.0,1.0,0.0,0.0
591,0.0,4.0,25.0,1.0,0.0,1.0,0.0
592,2.0,10.0,88.0,1.0,0.0,0.0,1.0
593,3.0,35.0,118.0,1.0,0.0,0.0,1.0
594,3.0,35.0,118.0,1.0,0.0,0.0,0.0
595,3.0,35.0,118.0,1.0,0.0,0.0,1.0
596,2.0,10.0,88.0,1.0,0.0,0.0,1.0
597,3.0,30.0,112.0,1.0,0.0,0.0,0.0
598,3.0,12.0,90.0,1.0,0.0,0.0,0.0
599,2.0,10.0,88.0,1.0,0.0,0.0,1.0
600,2.0,10.0,88.0,1.0,0.0,0.0,1.0
601,1.0,7.0,62.0,1.0,1.0,0.0,0.0
602,3.0,10.0,88.0,1.0,0.0,0.0,1.0
603,0.0,3.0,24.0,1.0,0.0,1.0,0.0
604,3.0,37.0,120.0,1.0,0.0,1.0,0.0
605,0.0,5.0,31.0,1.0,0.0,1.0,0.0
606,3.0,12.0,90.0,1.0,0.0,0.0,0.0
607,1.0,7.0,54.0,0.0,1.0,0.0,0.0
608,0.0,3.0,16.0,0.0,0.0,1.0,0.0
609,3.0,31.0,114.0,1.0,0.0,0.0,0.0
610,0.0,3.0,24.0,1.0,0.0,1.0,0.0
611,1.0,7.0,59.0,0.0,1.0,0.0,0.0
612,3.0,30.0,88.0,1.0,0.0,0.0,1.0
613,3.0,30.0,111.0,1.0,0.0,0.0,0.0
614,3.0,10.0,88.0,1.0,0.0,0.0,1.0
615,1.0,9.0,86.0,0.0,1.0,0.0,0.0
616,3.0,27.0,107.0,1.0,0.0,0.0,0.0
617,3.0,1.0,9.0,1.0,0.0,1.0,0.0
618,0.0,3.0,16.0,0.0,1.0,1.0,0.0
619,1.0,7.0,54.0,0.0,1.0,0.0,0.0
620,3.0,3.0,16.0,1.0,0.0,1.0,1.0
621,1.0,7.0,52.0,1.0,1.0,0.0,0.0
622,0.0,3.0,16.0,0.0,1.0,1.0,0.0
623,3.0,37.0,120.0,1.0,0.0,1.0,0.0
624,1.0,7.0,51.0,1.0,1.0,0.0,1.0
625,0.0,5.0,31.0,0.0,1.0,1.0,0.0
626,0.0,3.0,37.0,1.0,1.0,1.0,0.0
627,3.0,30.0,111.0,1.0,0.0,0.0,0.0
628,1.0,7.0,54.0,0.0,1.0,0.0,0.0
629,2.0,10.0,88.0,1.0,0.0,1.0,1.0
630,3.0,0.0,4.0,1.0,0.0,1.0,0.0
631,1.0,7.0,54.0,0.0,1.0,0.0,0.0
632,3.0,27.0,107.0,1.0,0.0,0.0,0.0
633,3.0,30.0,112.0,1.0,0.0,0.0,0.0
634,3.0,30.0,112.0,1.0,0.0,0.0,0.0
635,3.0,30.0,111.0,1.0,0.0,0.0,0.0
636,3.0,12.0,90.0,1.0,0.0,0.0,0.0
637,0.0,3.0,18.0,0.0,0.0,1.0,0.0
638,3.0,35.0,118.0,1.0,0.0,0.0,1.0
639,3.0,10.0,88.0,1.0,0.0,0.0,1.0
640,3.0,30.0,111.0,1.0,0.0,0.0,0.0
641,3.0,35.0,118.0,1.0,0.0,0.0,0.0
642,3.0,1.0,8.0,1.0,0.0,1.0,0.0
643,3.0,6.0,50.0,1.0,0.0,1.0,0.0
644,3.0,27.0,107.0,1.0,0.0,0.0,0.0
645,3.0,30.0,112.0,1.0,0.0,0.0,0.0
646,3.0,5.0,36.0,1.0,0.0,1.0,0.0
647,3.0,30.0,112.0,1.0,0.0,0.0,0.0
648,0.0,3.0,16.0,1.0,0.0,1.0,0.0
649,3.0,28.0,109.0,1.0,0.0,0.0,0.0
650,3.0,10.0,88.0,1.0,0.0,0.0,1.0
651,3.0,30.0,112.0,1.0,0.0,0.0,0.0
652,2.0,10.0,88.0,1.0,0.0,0.0,1.0
653,3.0,27.0,107.0,1.0,0.0,0.0,0.0
654,1.0,9.0,86.0,0.0,1.0,0.0,0.0
655,0.0,3.0,21.0,0.0,0.0,1.0,0.0
656,3.0,27.0,107.0,1.0,0.0,0.0,0.0
657,3.0,27.0,107.0,1.0,0.0,0.0,0.0
658,3.0,30.0,111.0,1.0,0.0,0.0,0.0
659,3.0,30.0,111.0,1.0,0.0,0.0,0.0
660,3.0,30.0,111.0,1.0,0.0,0.0,0.0
661,3.0,12.0,90.0,1.0,0.0,0.0,0.0
662,0.0,5.0,31.0,0.0,0.0,1.0,0.0
663,2.0,10.0,88.0,1.0,0.0,0.0,1.0
664,1.0,9.0,86.0,0.0,1.0,0.0,0.0
665,3.0,10.0,88.0,1.0,0.0,0.0,1.0
666,1.0,7.0,54.0,0.0,1.0,0.0,0.0
667,3.0,27.0,107.0,1.0,0.0,0.0,0.0
668,3.0,10.0,88.0,1.0,0.0,0.0,1.0
669,1.0,9.0,86.0,0.0,1.0,0.0,0.0
670,0.0,3.0,24.0,0.0,1.0,1.0,0.0
671,3.0,30.0,111.0,1.0,0.0,0.0,0.0
672,1.0,7.0,58.0,1.0,1.0,0.0,0.0
673,3.0,31.0,114.0,1.0,0.0,0.0,0.0
674,3.0,30.0,112.0,1.0,0.0,0.0,0.0
675,0.0,6.0,49.0,1.0,0.0,1.0,0.0
676,3.0,27.0,107.0,1.0,0.0,0.0,0.0
677,3.0,30.0,111.0,1.0,0.0,0.0,0.0
678,3.0,33.0,116.0,1.0,0.0,0.0,0.0
679,2.0,10.0,88.0,1.0,0.0,0.0,1.0
680,0.0,3.0,16.0,1.0,0.0,1.0,0.0
681,0.0,5.0,31.0,1.0,0.0,1.0,0.0
682,3.0,30.0,111.0,1.0,0.0,0.0,0.0
683,2.0,10.0,88.0,1.0,0.0,0.0,1.0
684,1.0,7.0,51.0,1.0,1.0,0.0,0.0
685,0.0,3.0,24.0,0.0,0.0,1.0,0.0
686,1.0,7.0,54.0,0.0,1.0,0.0,0.0
687,3.0,30.0,111.0,1.0,0.0,0.0,0.0
688,3.0,35.0,118.0,1.0,0.0,0.0,0.0
689,3.0,12.0,90.0,1.0,0.0,0.0,0.0
690,3.0,1.0,9.0,1.0,0.0,1.0,0.0
691,1.0,7.0,51.0,1.0,1.0,0.0,0.0
692,2.0,10.0,88.0,1.0,0.0,0.0,1.0
693,1.0,9.0,86.0,0.0,1.0,0.0,0.0
694,1.0,7.0,62.0,0.0,1.0,0.0,0.0
695,1.0,7.0,54.0,0.0,1.0,0.0,0.0
696,0.0,5.0,31.0,0.0,1.0,1.0,0.0
697,3.0,27.0,107.0,1.0,0.0,0.0,0.0
698,1.0,7.0,54.0,1.0,1.0,0.0,0.0
699,3.0,30.0,112.0,1.0,0.0,0.0,0.0
700,0.0,3.0,16.0,1.0,0.0,1.0,0.0
701,0.0,3.0,16.0,0.0,0.0,1.0,0.0
702,3.0,30.0,111.0,1.0,0.0,0.0,0.0
703,3.0,27.0,107.0,1.0,0.0,0.0,0.0
704,3.0,30.0,112.0,1.0,0.0,0.0,0.0
705,2.0,10.0,88.0,1.0,1.0,1.0,1.0
706,3.0,35.0,118.0,1.0,0.0,0.0,0.0
707,1.0,7.0,52.0,1.0,1.0,0.0,0.0
708,1.0,7.0,59.0,0.0,1.0,0.0,0.0
709,3.0,31.0,114.0,1.0,0.0,0.0,0.0
710,3.0,37.0,120.0,1.0,0.0,1.0,0.0
711,3.0,30.0,88.0,1.0,0.0,0.0,1.0
712,3.0,3.0,16.0,1.0,0.0,1.0,1.0
713,3.0,6.0,49.0,1.0,0.0,1.0,0.0
714,0.0,3.0,16.0,1.0,0.0,1.0,0.0
715,3.0,30.0,111.0,1.0,0.0,0.0,0.0
716,3.0,30.0,111.0,1.0,0.0,0.0,0.0
717,3.0,30.0,111.0,1.0,0.0,0.0,0.0
718,3.0,27.0,107.0,1.0,0.0,0.0,0.0
719,3.0,30.0,112.0,1.0,0.0,0.0,0.0
720,1.0,9.0,86.0,0.0,1.0,0.0,0.0
721,1.0,7.0,62.0,0.0,1.0,0.0,0.0
722,3.0,30.0,111.0,1.0,0.0,0.0,0.0
723,1.0,9.0,86.0,0.0,1.0,0.0,0.0
724,3.0,35.0,118.0,1.0,0.0,0.0,0.0
725,2.0,10.0,88.0,1.0,0.0,0.0,1.0
726,2.0,10.0,88.0,0.0,0.0,0.0,1.0
727,3.0,30.0,112.0,1.0,0.0,0.0,0.0
728,3.0,30.0,111.0,1.0,0.0,0.0,0.0
729,3.0,10.0,88.0,1.0,0.0,0.0,1.0
730,1.0,7.0,54.0,1.0,1.0,0.0,0.0
731,0.0,5.0,31.0,0.0,0.0,1.0,0.0
732,2.0,10.0,88.0,0.0,0.0,0.0,1.0
733,0.0,0.0,4.0,1.0,0.0,1.0,0.0
734,3.0,27.0,107.0,1.0,0.0,0.0,0.0
735,1.0,7.0,54.0,0.0,1.0,0.0,0.0
736,0.0,0.0,5.0,0.0,0.0,1.0,0.0
737,3.0,28.0,109.0,1.0,0.0,0.0,0.0
738,3.0,1.0,8.0,1.0,0.0,1.0,0.0
739,1.0,7.0,54.0,1.0,1.0,0.0,0.0
740,3.0,28.0,109.0,1.0,0.0,0.0,0.0
741,0.0,5.0,31.0,0.0,1.0,1.0,0.0
742,2.0,10.0,88.0,1.0,0.0,0.0,1.0
743,3.0,30.0,111.0,1.0,0.0,0.0,0.0
744,3.0,30.0,111.0,1.0,0.0,0.0,0.0
745,0.0,3.0,21.0,1.0,0.0,1.0,0.0
746,3.0,31.0,114.0,1.0,0.0,0.0,0.0
747,1.0,7.0,54.0,1.0,1.0,0.0,0.0
748,2.0,10.0,88.0,1.0,0.0,0.0,1.0
749,3.0,33.0,116.0,1.0,0.0,0.0,0.0
750,3.0,30.0,111.0,1.0,0.0,0.0,0.0
751,3.0,30.0,112.0,1.0,0.0,0.0,0.0
752,3.0,30.0,112.0,1.0,0.0,0.0,0.0
753,0.0,3.0,16.0,1.0,0.0,1.0,0.0
754,0.0,3.0,16.0,0.0,1.0,1.0,0.0
755,1.0,7.0,32.0,0.0,1.0,1.0,0.0
756,3.0,30.0,111.0,1.0,0.0,0.0,0.0
757,2.0,10.0,88.0,1.0,0.0,0.0,1.0
758,3.0,7.0,62.0,1.0,1.0,0.0,0.0
759,2.0,10.0,88.0,1.0,0.0,1.0,1.0
760,3.0,30.0,112.0,1.0,0.0,0.0,0.0
761,0.0,5.0,35.0,1.0,0.0,1.0,0.0
762,1.0,7.0,52.0,1.0,1.0,0.0,0.0
763,3.0,31.0,114.0,1.0,0.0,0.0,0.0
764,3.0,30.0,111.0,1.0,0.0,0.0,0.0
765,1.0,7.0,51.0,1.0,1.0,0.0,0.0
766,3.0,27.0,107.0,1.0,0.0,0.0,0.0
767,1.0,7.0,54.0,0.0,1.0,0.0,0.0
768,3.0,27.0,107.0,1.0,0.0,0.0,0.0
769,3.0,35.0,118.0,1.0,0.0,0.0,0.0
770,0.0,3.0,16.0,1.0,0.0,1.0,0.0
771,3.0,30.0,112.0,1.0,0.0,0.0,0.0
772,3.0,27.0,107.0,1.0,0.0,0.0,0.0
773,1.0,9.0,86.0,0.0,1.0,0.0,0.0
774,3.0,35.0,118.0,1.0,0.0,0.0,0.0
775,0.0,5.0,32.0,1.0,1.0,1.0,0.0
776,3.0,30.0,112.0,1.0,0.0,0.0,0.0
777,3.0,27.0,107.0,1.0,0.0,0.0,0.0
778,1.0,9.0,86.0,0.0,1.0,0.0,0.0
779,3.0,27.0,107.0,1.0,0.0,0.0,0.0
780,2.0,10.0,88.0,1.0,0.0,0.0,1.0
781,1.0,7.0,65.0,1.0,1.0,0.0,1.0
782,3.0,30.0,112.0,1.0,0.0,0.0,0.0
783,1.0,7.0,74.0,1.0,1.0,0.0,0.0
784,1.0,7.0,71.0,1.0,1.0,0.0,0.0
785,3.0,27.0,107.0,1.0,0.0,0.0,0.0
786,3.0,35.0,118.0,1.0,0.0,1.0,0.0
787,3.0,30.0,111.0,1.0,0.0,0.0,0.0
788,2.0,10.0,88.0,1.0,0.0,1.0,1.0
789,3.0,27.0,107.0,1.0,0.0,0.0,0.0
790,3.0,27.0,107.0,1.0,0.0,0.0,0.0
791,1.0,7.0,54.0,1.0,1.0,0.0,0.0
792,1.0,7.0,32.0,0.0,1.0,1.0,0.0
793,3.0,27.0,107.0,1.0,0.0,0.0,0.0
794,0.0,3.0,16.0,0.0,1.0,1.0,0.0
795,3.0,30.0,112.0,1.0,0.0,0.0,0.0
796,1.0,7.0,54.0,1.0,1.0,0.0,0.0
797,0.0,5.0,31.0,0.0,1.0,1.0,1.0
798,3.0,5.0,31.0,1.0,0.0,1.0,0.0
799,3.0,27.0,107.0,1.0,0.0,0.0,0.0
800,3.0,35.0,118.0,1.0,0.0,0.0,0.0
801,1.0,7.0,32.0,0.0,1.0,1.0,0.0
802,2.0,10.0,88.0,1.0,0.0,0.0,1.0
803,1.0,7.0,68.0,0.0,1.0,0.0,0.0
804,3.0,30.0,111.0,1.0,0.0,0.0,0.0
805,3.0,28.0,109.0,1.0,0.0,0.0,0.0
806,3.0,27.0,107.0,1.0,0.0,0.0,0.0
807,0.0,4.0,27.0,1.0,0.0,1.0,0.0
808,0.0,5.0,35.0,1.0,0.0,1.0,1.0
809,3.0,28.0,109.0,1.0,0.0,0.0,0.0
810,2.0,10.0,88.0,1.0,0.0,0.0,1.0
811,3.0,27.0,107.0,1.0,0.0,0.0,0.0
812,1.0,7.0,58.0,1.0,1.0,0.0,0.0
813,0.0,3.0,16.0,1.0,0.0,1.0,0.0
814,3.0,30.0,111.0,1.0,0.0,0.0,0.0
815,3.0,30.0,112.0,1.0,0.0,0.0,0.0
816,1.0,7.0,51.0,1.0,1.0,0.0,0.0
817,3.0,30.0,111.0,1.0,0.0,0.0,0.0
818,3.0,35.0,118.0,1.0,0.0,0.0,0.0
819,3.0,27.0,107.0,1.0,0.0,0.0,0.0
820,3.0,27.0,107.0,1.0,0.0,0.0,0.0
821,0.0,3.0,16.0,0.0,0.0,1.0,0.0
822,2.0,10.0,88.0,1.0,0.0,0.0,1.0
823,3.0,3.0,16.0,1.0,0.0,1.0,0.0
824,1.0,7.0,58.0,1.0,1.0,0.0,0.0
825,2.0,10.0,88.0,1.0,0.0,1.0,1.0
826,1.0,9.0,86.0,0.0,1.0,0.0,0.0
827,3.0,27.0,107.0,1.0,0.0,0.0,0.0
828,3.0,27.0,107.0,1.0,0.0,0.0,0.0
829,1.0,7.0,54.0,0.0,1.0,0.0,0.0
830,3.0,30.0,111.0,1.0,0.0,0.0,0.0
831,0.0,5.0,35.0,1.0,0.0,1.0,0.0
832,3.0,30.0,111.0,1.0,0.0,0.0,0.0
833,0.0,3.0,24.0,1.0,0.0,1.0,0.0
834,0.0,3.0,16.0,0.0,0.0,1.0,0.0
835,1.0,7.0,71.0,1.0,1.0,0.0,0.0
836,3.0,30.0,111.0,1.0,0.0,0.0,0.0
837,1.0,7.0,52.0,1.0,1.0,0.0,0.0
838,0.0,5.0,31.0,0.0,0.0,1.0,0.0
839,0.0,4.0,27.0,1.0,0.0,1.0,0.0
840,2.0,10.0,88.0,1.0,0.0,0.0,1.0
841,0.0,0.0,5.0,0.0,0.0,1.0,0.0
842,3.0,27.0,107.0,1.0,0.0,0.0,0.0
843,1.0,7.0,54.0,0.0,1.0,0.0,0.0
844,3.0,5.0,36.0,1.0,0.0,1.0,0.0
845,3.0,27.0,107.0,1.0,0.0,0.0,0.0
846,2.0,10.0,88.0,1.0,0.0,0.0,1.0
847,2.0,10.0,88.0,1.0,0.0,0.0,1.0
848,0.0,3.0,16.0,0.0,0.0,1.0,0.0
849,1.0,7.0,54.0,1.0,1.0,0.0,0.0
850,1.0,7.0,74.0,1.0,1.0,0.0,0.0
851,3.0,10.0,88.0,1.0,0.0,0.0,1.0
852,3.0,31.0,114.0,1.0,0.0,0.0,0.0
853,3.0,30.0,112.0,1.0,0.0,0.0,0.0
854,2.0,10.0,88.0,1.0,0.0,0.0,1.0
855,3.0,27.0,107.0,1.0,0.0,0.0,0.0
856,3.0,30.0,111.0,1.0,0.0,0.0,0.0
857,1.0,7.0,62.0,1.0,1.0,0.0,1.0
858,3.0,30.0,112.0,1.0,0.0,0.0,0.0
859,3.0,27.0,107.0,1.0,0.0,0.0,0.0
860,3.0,30.0,112.0,1.0,0.0,0.0,0.0
861,3.0,30.0,112.0,1.0,0.0,0.0,0.0
862,3.0,30.0,111.0,1.0,0.0,0.0,0.0
863,3.0,27.0,107.0,1.0,0.0,0.0,0.0
864,3.0,30.0,111.0,1.0,0.0,0.0,0.0
865,1.0,7.0,54.0,1.0,1.0,0.0,0.0
866,1.0,7.0,51.0,1.0,1.0,0.0,0.0
867,0.0,6.0,49.0,1.0,0.0,1.0,0.0
868,1.0,7.0,74.0,1.0,1.0,0.0,0.0
869,3.0,31.0,114.0,1.0,0.0,0.0,0.0
870,1.0,7.0,54.0,1.0,1.0,0.0,0.0
871,3.0,27.0,107.0,1.0,0.0,0.0,0.0
872,1.0,7.0,68.0,0.0,1.0,0.0,0.0
873,0.0,3.0,16.0,0.0,0.0,1.0,0.0
874,1.0,7.0,51.0,1.0,1.0,0.0,0.0
875,0.0,4.0,25.0,1.0,0.0,1.0,0.0
876,2.0,10.0,88.0,1.0,0.0,0.0,1.0
877,1.0,7.0,57.0,1.0,1.0,0.0,0.0
878,1.0,7.0,57.0,0.0,1.0,0.0,0.0
879,3.0,30.0,112.0,1.0,0.0,0.0,0.0
880,3.0,27.0,107.0,1.0,0.0,0.0,0.0
881,3.0,30.0,112.0,1.0,0.0,0.0,0.0
882,3.0,30.0,112.0,1.0,0.0,0.0,0.0
883,1.0,7.0,54.0,1.0,1.0,0.0,0.0
884,1.0,9.0,86.0,0.0,1.0,0.0,0.0
885,1.0,7.0,52.0,0.0,1.0,0.0,0.0
886,3.0,30.0,111.0,1.0,0.0,0.0,0.0
887,2.0,10.0,88.0,1.0,0.0,0.0,1.0
888,3.0,27.0,107.0,1.0,0.0,0.0,0.0
889,2.0,10.0,88.0,0.0,0.0,0.0,1.0
890,1.0,7.0,62.0,1.0,1.0,0.0,0.0
891,3.0,30.0,112.0,1.0,0.0,0.0,0.0
892,0.0,4.0,27.0,1.0,0.0,1.0,0.0
893,1.0,7.0,54.0,1.0,1.0,0.0,0.0
894,3.0,27.0,107.0,1.0,0.0,0.0,0.0
895,3.0,27.0,107.0,1.0,0.0,0.0,0.0
896,2.0,10.0,88.0,1.0,0.0,0.0,1.0
897,2.0,10.0,88.0,1.0,0.0,0.0,1.0
898,1.0,7.0,71.0,1.0,1.0,0.0,0.0
899,2.0,10.0,88.0,1.0,1.0,1.0,1.0
900,1.0,7.0,54.0,1.0,1.0,0.0,0.0
901,3.0,30.0,111.0,1.0,0.0,0.0,0.0
902,1.0,7.0,32.0,0.0,1.0,1.0,0.0
903,3.0,27.0,107.0,1.0,0.0,0.0,0.0
904,3.0,28.0,109.0,1.0,0.0,0.0,0.0
905,3.0,5.0,31.0,1.0,0.0,1.0,0.0
906,1.0,7.0,68.0,0.0,1.0,0.0,0.0
907,3.0,30.0,111.0,1.0,0.0,0.0,0.0
908,3.0,37.0,120.0,1.0,0.0,1.0,0.0
909,1.0,9.0,86.0,0.0,1.0,0.0,0.0
910,3.0,28.0,109.0,1.0,0.0,0.0,0.0
911,1.0,7.0,62.0,1.0,1.0,0.0,1.0
912,0.0,3.0,16.0,1.0,0.0,1.0,0.0
913,3.0,35.0,118.0,1.0,0.0,0.0,0.0
914,3.0,30.0,111.0,1.0,0.0,0.0,0.0
915,3.0,5.0,31.0,1.0,0.0,1.0,0.0
916,1.0,7.0,54.0,1.0,1.0,0.0,0.0
917,3.0,30.0,112.0,1.0,0.0,0.0,0.0
918,1.0,7.0,63.0,1.0,1.0,0.0,0.0
919,1.0,7.0,54.0,0.0,1.0,0.0,0.0
920,1.0,7.0,59.0,0.0,1.0,0.0,0.0
921,3.0,30.0,112.0,1.0,0.0,0.0,0.0
922,3.0,27.0,107.0,1.0,0.0,0.0,0.0
923,1.0,7.0,57.0,0.0,1.0,0.0,1.0
924,3.0,27.0,107.0,1.0,0.0,0.0,0.0
925,3.0,27.0,107.0,1.0,0.0,0.0,0.0
926,0.0,3.0,16.0,1.0,0.0,1.0,0.0
927,1.0,7.0,54.0,1.0,1.0,0.0,0.0
928,3.0,35.0,118.0,1.0,0.0,0.0,0.0
929,1.0,7.0,54.0,1.0,1.0,0.0,0.0
930,1.0,7.0,65.0,1.0,1.0,0.0,1.0
931,3.0,30.0,111.0,1.0,0.0,0.0,0.0
932,3.0,30.0,112.0,1.0,0.0,0.0,0.0
933,1.0,7.0,57.0,1.0,1.0,0.0,0.0
934,3.0,30.0,112.0,1.0,0.0,0.0,0.0
935,0.0,3.0,16.0,0.0,0.0,1.0,0.0
936,1.0,7.0,54.0,0.0,1.0,0.0,0.0
937,0.0,3.0,17.0,1.0,0.0,1.0,1.0
938,3.0,30.0,112.0,1.0,0.0,0.0,0.0
939,1.0,7.0,61.0,0.0,1.0,0.0,0.0
940,2.0,10.0,88.0,1.0,0.0,0.0,1.0
941,2.0,10.0,88.0,1.0,0.0,0.0,1.0
942,0.0,3.0,21.0,1.0,1.0,1.0,0.0
943,1.0,7.0,54.0,1.0,1.0,0.0,0.0
944,3.0,30.0,112.0,1.0,0.0,0.0,0.0
945,3.0,27.0,107.0,1.0,0.0,0.0,0.0
946,0.0,3.0,16.0,1.0,0.0,1.0,0.0
947,3.0,27.0,107.0,1.0,0.0,0.0,0.0
948,3.0,27.0,107.0,1.0,0.0,0.0,0.0
949,3.0,27.0,107.0,1.0,0.0,0.0,0.0
950,3.0,10.0,88.0,1.0,0.0,0.0,1.0
951,3.0,30.0,112.0,1.0,0.0,0.0,0.0
952,3.0,30.0,112.0,1.0,0.0,0.0,0.0
953,3.0,3.0,16.0,1.0,0.0,1.0,0.0
954,1.0,7.0,63.0,1.0,1.0,0.0,0.0
955,3.0,30.0,112.0,1.0,0.0,0.0,0.0
956,3.0,7.0,74.0,1.0,1.0,0.0,0.0
957,0.0,3.0,16.0,0.0,0.0,1.0,0.0
958,3.0,27.0,107.0,1.0,0.0,0.0,0.0
959,3.0,30.0,111.0,1.0,0.0,0.0,0.0
960,3.0,30.0,112.0,1.0,0.0,0.0,0.0
961,3.0,30.0,111.0,1.0,0.0,0.0,0.0
962,3.0,27.0,107.0,1.0,0.0,0.0,0.0
963,3.0,30.0,112.0,1.0,0.0,0.0,0.0
964,3.0,27.0,107.0,1.0,0.0,0.0,0.0
965,1.0,7.0,71.0,0.0,1.0,0.0,0.0
966,3.0,10.0,88.0,1.0,0.0,0.0,1.0
967,3.0,27.0,107.0,1.0,0.0,0.0,0.0
968,0.0,3.0,18.0,0.0,0.0,1.0,0.0
969,3.0,3.0,16.0,1.0,0.0,1.0,0.0
970,0.0,3.0,16.0,1.0,0.0,1.0,0.0
971,1.0,7.0,51.0,0.0,1.0,0.0,0.0
972,3.0,30.0,112.0,1.0,0.0,0.0,0.0
973,1.0,7.0,24.0,0.0,1.0,1.0,0.0
974,3.0,3.0,16.0,1.0,0.0,1.0,0.0
975,0.0,3.0,16.0,1.0,0.0,1.0,0.0
976,3.0,30.0,112.0,1.0,0.0,0.0,0.0
977,3.0,30.0,112.0,1.0,0.0,0.0,0.0
978,3.0,30.0,112.0,1.0,0.0,0.0,0.0
979,3.0,30.0,112.0,1.0,0.0,0.0,0.0
980,1.0,7.0,51.0,0.0,1.0,0.0,0.0
981,1.0,7.0,54.0,1.0,1.0,0.0,0.0
982,3.0,30.0,112.0,1.0,0.0,0.0,0.0
983,1.0,7.0,54.0,1.0,1.0,0.0,0.0
984,1.0,7.0,62.0,1.0,1.0,0.0,0.0
985,1.0,7.0,54.0,1.0,1.0,0.0,0.0
986,3.0,3.0,16.0,1.0,0.0,1.0,0.0
987,1.0,7.0,51.0,1.0,1.0,0.0,1.0
988,3.0,7.0,74.0,1.0,1.0,0.0,1.0
989,3.0,30.0,112.0,1.0,0.0,0.0,0.0
990,1.0,7.0,24.0,0.0,1.0,1.0,0.0
991,0.0,10.0,88.0,1.0,0.0,1.0,1.0
992,1.0,7.0,57.0,0.0,1.0,0.0,0.0
993,3.0,7.0,62.0,1.0,1.0,0.0,0.0
994,1.0,7.0,54.0,1.0,1.0,0.0,0.0
995,1.0,7.0,52.0,1.0,1.0,0.0,0.0
996,1.0,7.0,57.0,1.0,1.0,0.0,0.0
997,0.0,3.0,16.0,1.0,0.0,1.0,1.0
998,0.0,3.0,16.0,1.0,0.0,1.0,0.0
999,1.0,7.0,57.0,0.0,1.0,0.0,0.0
1000,0.0,3.0,18.0,0.0,0.0,1.0,0.0
1001,0.0,3.0,16.0,1.0,0.0,1.0,0.0
1002,3.0,27.0,107.0,1.0,0.0,0.0,0.0
1003,0.0,3.0,16.0,0.0,0.0,1.0,0.0
1004,3.0,3.0,16.0,1.0,0.0,1.0,0.0
1005,0.0,5.0,33.0,1.0,1.0,1.0,0.0
1006,1.0,7.0,54.0,0.0,1.0,0.0,0.0
1007,0.0,3.0,16.0,1.0,0.0,1.0,0.0
1008,0.0,3.0,16.0,1.0,0.0,1.0,0.0
1009,2.0,10.0,88.0,1.0,0.0,0.0,1.0
1010,3.0,30.0,112.0,1.0,0.0,0.0,0.0
1011,0.0,3.0,16.0,1.0,0.0,1.0,1.0
1012,3.0,5.0,33.0,1.0,1.0,1.0,0.0
1013,0.0,3.0,16.0,1.0,0.0,1.0,0.0
1014,1.0,7.0,54.0,1.0,1.0,0.0,0.0
1015,3.0,30.0,112.0,1.0,0.0,0.0,0.0
1016,1.0,7.0,54.0,0.0,1.0,0.0,0.0
1017,0.0,3.0,18.0,0.0,0.0,1.0,0.0
1018,2.0,10.0,88.0,1.0,0.0,0.0,1.0
1019,3.0,30.0,111.0,1.0,0.0,0.0,0.0
1020,3.0,27.0,107.0,1.0,0.0,0.0,0.0
1021,0.0,5.0,33.0,1.0,1.0,1.0,0.0
1022,1.0,7.0,57.0,1.0,1.0,0.0,0.0
1023,1.0,7.0,54.0,1.0,1.0,0.0,0.0
1024,1.0,7.0,33.0,0.0,1.0,1.0,1.0
1025,1.0,7.0,57.0,1.0,1.0,0.0,0.0
1026,0.0,3.0,16.0,1.0,0.0,1.0,0.0
1027,3.0,30.0,112.0,1.0,0.0,0.0,0.0
1028,1.0,7.0,54.0,1.0,1.0,0.0,0.0
1029,0.0,3.0,16.0,1.0,0.0,1.0,0.0
1030,3.0,5.0,33.0,1.0,1.0,1.0,0.0
1031,0.0,6.0,49.0,1.0,0.0,1.0,0.0
1032,1.0,7.0,57.0,1.0,1.0,0.0,0.0
1033,1.0,7.0,54.0,0.0,1.0,0.0,0.0
1034,3.0,3.0,16.0,1.0,0.0,1.0,1.0
1035,3.0,27.0,107.0,1.0,0.0,0.0,0.0
1036,1.0,7.0,71.0,1.0,1.0,0.0,0.0
1037,0.0,6.0,49.0,1.0,0.0,1.0,0.0
1038,0.0,3.0,16.0,0.0,0.0,1.0,0.0
1039,1.0,7.0,54.0,0.0,1.0,0.0,0.0
