,street_width,street_traffic,street_lane,street_orientation
0,30.0,4.0,3.0,3.0
1,30.0,4.0,3.0,3.0
2,0.0,-1.0,0.0,-1.0
3,30.0,4.0,3.0,3.0
4,32.0,4.0,3.0,3.0
5,62.0,3.0,6.0,2.0
6,48.42857,3.0,4.428571,2.0
7,63.0,3.0,6.0,2.0
8,30.0,4.0,3.0,3.0
9,24.5,2.0,1.5,2.0
10,38.25,1.0,3.0,2.0
11,28.0,1.0,3.0,2.0
12,72.85714,1.0,5.142857,3.0
13,24.5,2.0,1.5,2.0
14,63.0,3.0,6.0,2.0
15,43.0,4.0,2.0,3.0
16,30.0,1.0,3.0,3.0
17,30.0,4.0,3.0,3.0
18,28.0,3.0,2.0,3.0
19,31.0,1.0,3.0,3.0
20,30.0,1.0,3.0,3.0
21,70.0,4.0,6.0,2.0
22,0.0,-1.0,0.0,-1.0
23,27.5,3.0,2.0,3.0
24,44.5,3.0,4.0,2.0
25,40.5,1.0,3.6666667,3.0
26,28.0,1.0,3.0,2.0
27,70.0,4.0,6.0,2.0
28,30.0,4.0,3.0,3.0
29,61.0,3.0,6.0,2.0
30,50.666668,1.0,4.5,2.0
31,68.0,1.0,5.0,3.0
32,30.0,4.0,3.0,2.0
33,39.642857,1.0,2.7142856,2.0
34,30.0,1.0,3.0,3.0
35,36.0,3.0,2.0,3.0
36,0.0,-1.0,0.0,-1.0
37,30.0,4.0,3.0,3.0
38,24.166666,1.0,1.3333334,2.0
39,60.0,3.0,6.0,3.0
40,38.25,1.0,3.0,2.0
41,0.0,-1.0,0.0,-1.0
42,61.0,3.0,6.0,2.0
43,48.45,1.0,3.4,2.0
44,33.0,3.0,1.8181819,3.0
45,30.0,1.0,3.0,3.0
46,0.0,-1.0,0.0,-1.0
47,43.0,4.0,1.3333334,2.0
48,35.0,3.0,3.0,3.0
49,35.0,1.0,3.5,2.0
50,55.833332,3.0,5.5,2.0
51,0.0,-1.0,0.0,-1.0
52,61.0,4.0,4.0,2.0
53,28.0,3.0,2.0,3.0
54,29.0,1.0,2.0,3.0
55,48.45,1.0,3.4,2.0
56,0.0,-1.0,0.0,-1.0
57,28.0,2.0,1.75,0.0
58,30.0,1.0,3.0,3.0
59,44.5,3.0,4.0,2.0
60,40.0,4.0,4.0,2.0
61,0.0,-1.0,0.0,-1.0
62,36.0,3.0,2.0,3.0
63,30.0,4.0,3.0,3.0
64,36.0,3.0,2.0,2.0
65,59.0,3.0,4.0,2.0
66,34.5,3.0,3.0,1.0
67,45.5,1.0,4.0,2.0
68,0.0,-1.0,0.0,-1.0
69,23.0,4.0,2.0,1.0
70,56.75,1.0,4.5,2.0
71,40.0,1.0,4.0,1.0
72,43.0,4.0,1.0,2.0
73,60.0,3.0,6.0,3.0
74,0.0,-1.0,0.0,-1.0
75,30.0,4.0,3.0,3.0
76,40.666668,1.0,3.3333333,3.0
77,29.75,1.0,1.75,1.0
78,35.25,1.0,3.25,1.0
79,56.666668,4.0,5.0,2.0
80,40.0,1.0,4.0,2.0
81,0.0,-1.0,0.0,-1.0
82,31.0,1.0,3.0,3.0
83,60.0,4.0,5.0,2.0
84,50.666668,3.0,5.0,2.0
85,72.75,1.0,4.25,2.0
86,0.0,-1.0,0.0,-1.0
87,32.0,3.0,4.0,2.0
88,34.5,3.0,3.0,1.0
89,46.0,3.0,4.8333335,2.0
90,43.0,4.0,1.0,2.0
91,70.0,4.0,6.0,2.0
92,0.0,-1.0,0.0,-1.0
93,35.0,1.0,3.25,2.0
94,35.2,1.0,3.0,3.0
95,36.0,1.0,3.5,2.0
96,59.0,3.0,4.0,2.0
97,35.25,1.0,3.25,1.0
98,39.5,2.0,2.5,0.0
99,35.0,1.0,3.25,2.0
100,70.0,4.0,6.0,2.0
101,35.25,1.0,3.25,2.0
102,35.0,1.0,3.5,1.0
103,60.0,3.0,6.0,3.0
104,39.0,3.0,3.25,2.0
105,59.0,3.0,4.0,2.0
106,31.0,1.0,3.0,3.0
107,30.0,4.0,3.0,3.0
108,53.0,4.0,5.0,2.0
109,35.0,3.0,3.0,3.0
110,47.0,3.0,4.3333335,3.0
111,30.0,4.0,3.0,3.0
112,33.42857,4.0,3.0714285,3.0
113,60.0,4.0,5.0,2.0
114,34.5,3.0,3.0,1.0
115,32.0,1.0,3.0,3.0
116,32.0,1.0,3.0,3.0
117,40.666668,3.0,3.6666667,2.0
118,0.0,-1.0,0.0,-1.0
119,37.5,4.0,1.0,2.0
120,58.0,3.0,4.0,2.0
121,23.0,1.0,1.0,1.0
122,45.0,3.0,4.5,2.0
123,29.75,1.0,1.75,1.0
124,20.0,4.0,1.0,3.0
125,46.0,3.0,4.0,3.0
126,43.0,4.0,1.0,2.0
127,0.0,-1.0,0.0,-1.0
128,41.5,4.0,4.0,2.0
129,30.0,1.0,3.0,3.0
130,51.2,3.0,3.8,2.0
131,43.0,4.0,1.0,2.0
132,32.75,1.0,2.0,2.0
133,37.5,4.0,1.0,2.0
134,31.333334,3.0,3.6666667,2.0
135,49.0,3.0,4.0,1.0
136,51.5,3.0,5.0,2.0
137,65.71429,4.0,5.285714,2.0
138,32.0,1.0,3.0,3.0
139,60.0,3.0,4.0,3.0
140,43.0,4.0,1.0,2.0
141,50.285713,4.0,4.142857,2.0
142,0.0,-1.0,0.0,-1.0
143,31.0,1.0,3.0,3.0
144,0.0,-1.0,0.0,-1.0
145,35.625,1.0,2.5,2.0
146,40.833332,3.0,3.6666667,2.0
147,37.75,1.0,3.5,3.0
148,70.0,4.0,6.0,2.0
149,30.0,4.0,3.0,3.0
150,35.0,1.0,3.5,1.0
151,59.0,3.0,4.0,2.0
152,43.0,4.0,1.0,2.0
153,25.454546,2.0,2.2727273,3.0
154,53.0,4.0,5.0,2.0
155,28.0,1.0,3.0,1.0
156,32.0,1.0,3.0,2.0
157,50.0,1.0,4.5,2.0
158,36.0,3.0,2.0,2.0
159,51.0,1.0,5.0,2.0
160,0.0,-1.0,0.0,-1.0
161,30.0,3.0,3.0,1.0
162,61.0,4.0,4.0,2.0
163,30.0,1.0,3.0,3.0
164,38.4,1.0,3.8,3.0
165,31.0,1.0,3.0,3.0
166,60.0,3.0,6.0,2.0
167,40.0,4.0,3.6666667,3.0
168,34.5,4.0,2.0,3.0
169,43.0,1.0,4.0,2.0
170,35.0,3.0,3.0,3.0
171,40.666668,1.0,3.3333333,3.0
172,0.0,-1.0,0.0,-1.0
173,48.4,4.0,4.6,2.0
174,30.0,4.0,3.0,3.0
175,59.75,3.0,5.0,2.0
176,70.0,4.0,7.0,2.0
177,60.0,1.0,4.0,0.0
178,41.0,3.0,4.0,1.0
179,29.5,1.0,2.5,0.0
180,28.0,1.0,3.0,2.0
181,58.0,4.0,5.0,2.0
182,38.5,1.0,3.0,1.0
183,45.0,1.0,4.0,2.0
184,30.0,4.0,3.0,2.0
185,0.0,-1.0,0.0,-1.0
186,48.0,3.0,4.0,1.0
187,60.0,3.0,6.0,3.0
188,42.0,3.0,4.0,3.0
189,60.0,3.0,6.0,3.0
190,33.0,3.0,4.0,2.0
191,34.5,3.0,3.0,0.0
192,60.0,3.0,6.0,2.0
193,30.0,4.0,3.0,2.0
194,60.0,3.0,6.0,3.0
195,33.0,1.0,3.0,2.0
196,58.0,4.0,5.0,2.0
197,0.0,-1.0,0.0,-1.0
198,41.0,3.0,4.0,2.0
199,0.0,-1.0,0.0,-1.0
200,0.0,-1.0,0.0,-1.0
201,60.0,3.0,6.0,3.0
202,60.0,3.0,6.0,3.0
203,46.2,3.0,3.8,0.0
204,35.3,3.0,3.7,0.0
205,60.0,3.0,4.0,1.0
206,60.0,3.0,6.0,2.0
207,51.0,4.0,3.0,1.0
208,32.5,4.0,2.75,2.0
209,30.0,1.0,3.0,3.0
210,42.666668,3.0,4.0,0.0
211,35.333332,1.0,3.3333333,2.0
212,40.5,1.0,4.0,2.0
213,30.0,4.0,3.0,2.0
214,49.0,3.0,4.0,1.0
215,28.0,1.0,3.0,2.0
216,60.0,3.0,6.0,2.0
217,29.0,4.0,3.0,2.0
218,60.0,3.0,6.0,2.0
219,35.0,3.0,3.0,3.0
220,44.0,3.0,4.0,2.0
221,50.0,3.0,5.0,3.0
222,45.0,1.0,4.0,2.0
223,60.0,3.0,6.0,2.0
224,37.5,4.0,2.0,3.0
225,40.0,1.0,3.0,0.0
226,60.0,3.0,4.0,2.0
227,66.0,1.0,5.0,2.0
228,41.0,3.0,4.0,1.0
229,60.0,3.0,6.0,3.0
230,30.0,1.0,3.0,3.0
231,60.0,3.0,6.0,3.0
232,64.0,3.0,6.0,3.0
233,31.0,1.0,3.0,3.0
234,50.333332,3.0,4.6666665,3.0
235,43.0,4.0,1.0,1.0
236,39.444443,4.0,2.7777777,3.0
237,32.0,1.0,3.0,3.0
238,60.0,3.0,4.0,1.0
239,60.0,3.0,6.0,2.0
240,30.0,4.0,3.0,3.0
241,60.0,3.0,6.0,2.0
242,0.0,-1.0,0.0,-1.0
243,30.0,4.0,3.0,0.0
244,45.0,3.0,3.5,2.0
245,66.0,1.0,5.0,2.0
246,37.5,4.0,1.0,2.0
247,0.0,-1.0,0.0,-1.0
248,0.0,-1.0,0.0,-1.0
249,45.0,1.0,4.0,2.0
250,44.5,1.0,4.0,2.0
251,32.75,4.0,3.5,3.0
252,30.0,4.0,3.0,3.0
253,53.0,4.0,5.0,2.0
254,45.5,1.0,4.0,2.0
255,43.0,4.0,1.0,2.0
256,51.0,1.0,5.0,2.0
257,40.25,1.0,4.0,2.0
258,31.25,1.0,2.25,2.0
259,0.0,-1.0,0.0,-1.0
260,30.666666,4.0,2.6666667,2.0
261,40.4,4.0,3.8,3.0
262,30.0,1.0,3.0,3.0
263,21.0,2.0,1.0,0.0
264,51.0,1.0,5.0,2.0
265,60.0,4.0,5.0,2.0
266,0.0,-1.0,0.0,-1.0
267,50.5,1.0,5.0,2.0
268,30.0,1.0,3.0,3.0
269,41.0,1.0,4.0,1.0
270,46.0,1.0,4.5,2.0
271,51.0,1.0,5.0,2.0
272,51.0,1.0,5.0,2.0
273,32.5,4.0,3.3333333,0.0
274,34.5,3.0,3.0,0.0
275,0.0,-1.0,0.0,-1.0
276,30.0,4.0,3.0,3.0
277,46.0,3.0,4.0,3.0
278,37.5,4.0,1.0,2.0
279,40.727272,1.0,4.0,2.0
280,45.0,3.0,3.5,0.0
281,44.666668,4.0,4.3333335,2.0
282,0.0,-1.0,0.0,-1.0
283,60.0,3.0,6.0,3.0
284,56.5,4.0,4.5,2.0
285,0.0,-1.0,0.0,-1.0
286,29.5,1.0,2.5,0.0
287,64.0,3.0,6.0,3.0
288,0.0,-1.0,0.0,-1.0
289,30.0,4.0,3.0,2.0
290,34.6,4.0,3.2,3.0
291,60.0,3.0,5.0,2.0
292,41.714287,1.0,3.7142856,2.0
293,30.0,4.0,3.0,3.0
294,30.0,3.0,4.0,0.0
295,44.0,3.0,4.0,3.0
296,27.8,3.0,2.2,2.0
297,33.0,3.0,4.0,2.0
298,0.0,-1.0,0.0,-1.0
299,27.0,1.0,2.0,2.0
300,46.833332,1.0,4.0,3.0
301,30.0,4.0,3.0,2.0
302,31.0,1.0,3.0,3.0
303,61.0,3.0,6.0,2.0
304,32.0,1.0,3.0,3.0
305,71.0,3.0,6.0,3.0
306,30.0,4.0,3.0,3.0
307,0.0,-1.0,0.0,-1.0
308,60.0,4.0,5.0,2.0
309,66.0,3.0,6.0,0.0
310,36.0,4.0,3.4,0.0
311,34.307693,1.0,2.6153846,2.0
312,40.0,4.0,4.0,2.0
313,53.0,4.0,5.0,2.0
314,71.0,3.0,6.0,0.0
315,40.0,4.0,4.0,2.0
316,28.0,1.0,3.0,1.0
317,0.0,-1.0,0.0,-1.0
318,40.0,3.0,4.0,0.0
319,37.5,4.0,1.0,2.0
320,0.0,-1.0,0.0,-1.0
321,36.0,3.0,4.0,0.0
322,24.0,1.0,2.3333333,3.0
323,41.0,3.0,4.0,0.0
324,0.0,-1.0,0.0,-1.0
325,41.666668,1.0,3.6666667,3.0
326,69.0,4.0,5.0,2.0
327,56.666668,4.0,5.0,2.0
328,24.5,1.0,2.0,2.0
329,69.625,3.0,5.0,0.0
330,29.0,4.0,3.0,3.0
331,30.0,1.0,3.0,3.0
332,50.0,3.0,5.0,3.0
333,60.0,3.0,6.0,3.0
334,46.0,4.0,4.0,0.0
335,29.0,4.0,3.0,0.0
336,58.0,3.0,5.5,2.0
337,30.0,1.0,2.2,2.0
338,31.0,4.0,3.0,3.0
339,30.0,4.0,3.0,3.0
340,41.88889,1.0,3.7777777,0.0
341,34.5,3.0,3.0,1.0
342,51.42857,3.0,3.5714285,0.0
343,0.0,-1.0,0.0,-1.0
344,28.0,1.0,3.0,2.0
345,34.8,1.0,3.4,2.0
346,33.375,1.0,3.0,0.0
347,31.0,4.0,3.0,3.0
348,33.375,1.0,3.0,0.0
349,29.0,4.0,3.0,2.0
350,60.0,3.0,6.0,2.0
351,40.0,1.0,4.0,2.0
352,30.0,4.0,3.0,3.0
353,49.0,1.0,4.0,0.0
354,45.57143,1.0,3.4285715,2.0
355,33.0,4.0,3.0,2.0
356,62.0,3.0,6.0,1.0
357,29.0,4.0,3.0,2.0
358,38.0,1.0,3.0,2.0
359,32.666668,1.0,3.0,2.0
360,34.0,4.0,4.0,2.0
361,40.0,3.0,4.0,0.0
362,0.0,-1.0,0.0,-1.0
363,36.0,4.0,3.0,0.0
364,61.0,3.0,6.0,2.0
365,43.5,1.0,3.5,0.0
366,60.0,3.0,6.0,3.0
367,30.0,3.0,3.0,2.0
368,32.0,3.0,4.0,0.0
369,43.333332,1.0,2.3333333,2.0
370,52.0,3.0,4.0,3.0
371,38.2,3.0,3.0,2.0
372,41.0,3.0,4.0,2.0
373,27.875,1.0,2.25,0.0
374,30.0,4.0,3.0,2.0
375,43.75,3.0,3.5,2.0
376,54.5,3.0,6.0,3.0
377,30.0,4.0,3.0,3.0
378,31.0,4.0,3.0,3.0
379,34.0,1.0,2.0,2.0
380,0.0,-1.0,0.0,-1.0
381,0.0,-1.0,0.0,-1.0
382,34.5,3.0,3.0,1.0
383,0.0,-1.0,0.0,-1.0
384,0.0,-1.0,0.0,-1.0
385,33.4,4.0,3.6,0.0
386,44.0,1.0,4.0,2.0
387,60.0,1.0,5.0,2.0
388,25.0,1.0,2.0,2.0
389,60.0,3.0,6.0,2.0
390,52.4,3.0,5.2,3.0
391,36.0,2.0,2.0,1.0
392,33.0,3.0,3.0,2.0
393,30.0,4.0,3.0,0.0
394,39.0,1.0,4.0,2.0
395,30.0,1.0,3.0,0.0
396,61.0,3.0,5.0,2.0
397,30.0,4.0,3.0,3.0
398,29.4,4.0,2.4,2.0
399,44.5,3.0,4.0,1.0
400,66.0,3.0,6.0,0.0
401,0.0,-1.0,0.0,-1.0
402,52.25,3.0,5.0,1.0
403,24.5,1.0,2.0,2.0
404,62.0,3.0,6.0,1.0
405,80.0,3.0,6.0,3.0
406,60.0,3.0,6.0,3.0
407,40.5,1.0,4.0,2.0
408,42.0,4.0,3.0,0.0
409,44.7,4.0,4.0,2.0
410,39.666668,1.0,3.6666667,2.0
411,60.0,3.0,6.0,2.0
412,33.0,4.0,3.0,2.0
413,30.0,4.0,3.0,3.0
414,50.0,3.0,5.0,3.0
415,30.0,4.0,3.0,3.0
416,40.0,4.0,3.0,2.0
417,37.0,4.0,4.0,2.0
418,30.0,3.0,4.0,3.0
419,63.0,1.0,5.0,2.0
420,62.0,3.0,6.0,1.0
421,30.0,4.0,3.0,3.0
422,51.125,3.0,4.0,0.0
423,41.0,3.0,4.0,2.0
424,35.0,4.0,3.0,0.0
425,40.5,1.0,4.0,2.0
426,54.5,3.0,6.0,3.0
427,30.0,4.0,3.0,3.0
428,33.0,3.0,3.0,2.0
429,33.0,1.0,4.0,3.0
430,60.0,3.0,6.0,2.0
431,52.0,3.0,4.0,3.0
432,38.2,4.0,3.8,3.0
433,34.0,3.0,3.0,0.0
434,27.0,1.0,2.0,0.0
435,0.0,-1.0,0.0,-1.0
436,31.0,4.0,3.0,3.0
437,33.0,1.0,3.0,2.0
438,34.333332,3.0,3.0,2.0
439,0.0,-1.0,0.0,-1.0
440,38.125,4.0,1.25,2.0
441,57.0,3.0,6.0,3.0
442,0.0,-1.0,0.0,-1.0
443,40.0,1.0,3.0,0.0
444,70.0,4.0,6.0,2.0
445,21.0,1.0,1.5,0.0
446,0.0,-1.0,0.0,-1.0
447,33.0,4.0,2.75,2.0
448,51.0,4.0,3.0,3.0
449,36.0,3.0,4.0,1.0
450,60.0,3.0,4.0,2.0
451,60.0,1.0,5.0,2.0
452,0.0,-1.0,0.0,-1.0
453,80.0,3.0,6.0,3.0
454,0.0,-1.0,0.0,-1.0
455,30.0,3.0,3.0,2.0
456,41.0,3.0,4.0,2.0
457,29.0,4.0,3.0,2.0
458,40.0,4.0,3.0,1.0
459,34.5,3.0,4.0,1.0
460,42.0,3.0,4.0,0.0
461,30.6,4.0,3.0,0.0
462,28.833334,1.0,3.0,2.0
463,30.0,4.0,3.0,3.0
464,58.0,4.0,5.0,2.0
465,60.0,3.0,6.0,3.0
466,34.0,3.0,3.0,3.0
467,30.0,3.0,4.0,2.0
468,58.0,3.0,4.0,2.0
469,54.5,3.0,6.0,3.0
470,49.25,1.0,3.6666667,3.0
471,44.0,3.0,4.0,2.0
472,38.0,3.0,2.0,0.0
473,53.0,4.0,5.0,2.0
474,41.0,3.0,4.0,2.0
475,39.833332,3.0,3.8333333,2.0
476,42.0,3.0,4.0,1.0
477,70.0,3.0,6.0,3.0
478,50.714287,4.0,4.428571,2.0
479,54.5,3.0,6.0,3.0
480,60.0,3.0,4.0,3.0
481,30.0,4.0,3.0,3.0
482,38.0,1.0,3.0,1.0
483,30.0,4.0,3.0,3.0
484,32.0,1.0,3.0,3.0
485,58.0,3.0,4.0,2.0
486,41.0,3.0,4.0,2.0
487,43.0,4.0,1.0,2.0
488,42.5,3.0,4.0,0.0
489,49.0,3.0,4.0,1.0
490,42.0,3.0,3.0,2.0
491,60.0,3.0,6.0,3.0
492,54.5,3.0,3.5,0.0
493,30.0,3.0,4.0,2.0
494,38.333332,3.0,3.0,3.0
495,53.0,4.0,5.0,2.0
496,58.25,3.0,5.75,3.0
497,30.0,4.0,3.0,3.0
498,60.0,3.0,4.0,2.0
499,58.0,4.0,5.0,2.0
500,45.5,1.0,4.5,2.0
501,41.0,3.0,4.0,2.0
502,40.0,1.0,4.0,2.0
503,46.214287,1.0,3.5714285,3.0
504,34.5,3.0,4.0,1.0
505,60.0,3.0,6.0,2.0
506,43.0,4.0,1.0,2.0
507,42.166668,4.0,4.0,2.0
508,60.0,3.0,5.3333335,2.0
509,60.0,3.0,6.0,3.0
510,30.0,4.0,3.0,3.0
511,53.0,4.0,5.0,2.0
512,71.0,3.0,6.0,3.0
513,0.0,-1.0,0.0,-1.0
514,30.0,4.0,3.0,3.0
515,46.0,3.0,4.0,1.0
516,60.0,3.0,6.0,2.0
517,41.0,3.0,3.0,1.0
518,42.0,3.0,4.0,0.0
519,31.75,1.0,3.0,0.0
520,60.0,3.0,4.0,3.0
521,38.125,4.0,1.25,2.0
522,0.0,-1.0,0.0,-1.0
523,59.0,3.0,4.0,2.0
524,27.423077,4.0,1.6923077,2.0
525,60.0,3.0,6.0,3.0
526,52.0,3.0,4.0,3.0
527,45.18182,1.0,4.090909,3.0
528,0.0,-1.0,0.0,-1.0
529,54.0,4.0,5.0,2.0
530,30.0,4.0,3.0,2.0
531,53.0,1.0,4.0,2.0
532,49.0,3.0,4.0,1.0
533,32.0,4.0,3.0,3.0
534,35.857143,1.0,2.857143,3.0
535,42.0,4.0,3.25,0.0
536,60.0,3.0,6.0,2.0
537,41.0,3.0,4.0,2.0
538,28.8,4.0,2.2,0.0
539,60.0,4.0,5.0,2.0
540,34.0,3.0,4.0,3.0
541,44.0,3.0,4.0,2.0
542,40.0,4.0,3.6666667,3.0
543,71.0,3.0,6.0,3.0
544,31.0,4.0,3.0,3.0
545,28.25,1.0,3.0,2.0
546,40.0,1.0,4.0,2.0
547,0.0,-1.0,0.0,-1.0
548,42.333332,3.0,4.0,2.0
549,35.5,1.0,3.0,1.0
550,30.333334,1.0,3.3333333,2.0
551,31.5,1.0,3.0,0.0
552,28.25,1.0,3.0,2.0
553,54.0,4.0,6.0,2.0
554,60.0,3.0,6.0,3.0
555,31.0,4.0,3.0,2.0
556,50.5,3.0,5.0,2.0
557,54.0,4.0,5.0,2.0
558,40.0,4.0,4.0,1.0
559,40.0,1.0,3.0,0.0
560,30.333334,1.0,3.0,1.0
561,33.0,4.0,3.0,2.0
562,43.0,4.0,1.0,2.0
563,31.75,4.0,2.5,0.0
564,29.4,1.0,2.3,0.0
565,52.75,3.0,5.0,1.0
566,42.0,1.0,5.3333335,2.0
567,50.0,1.0,5.0,2.0
568,56.4,3.0,4.8,2.0
569,30.0,4.0,4.0,1.0
570,27.666666,1.0,2.0,0.0
571,39.4375,1.0,3.625,2.0
572,51.5,4.0,4.5,2.0
573,34.5,3.0,3.0,1.0
574,30.0,1.0,2.0,3.0
575,40.0,3.0,3.5,0.0
576,33.0,4.0,3.0,1.0
577,30.0,4.0,3.0,2.0
578,35.714287,1.0,3.5714285,3.0
579,0.0,-1.0,0.0,-1.0
580,0.0,-1.0,0.0,-1.0
581,39.0,1.0,4.0,2.0
582,43.125,3.0,3.5,2.0
583,30.0,4.0,3.0,3.0
584,40.0,3.0,3.5,0.0
585,33.0,1.0,3.0,3.0
586,30.0,1.0,3.0,0.0
587,60.0,3.0,6.0,3.0
588,44.5,3.0,4.0,2.0
589,30.9,4.0,2.4,3.0
590,71.0,3.0,6.0,0.0
591,54.0,4.0,6.0,2.0
592,30.0,1.0,3.0,1.0
593,30.0,4.0,3.0,3.0
594,45.0,3.0,4.0,2.0
595,31.4,4.0,2.8,2.0
596,50.5,3.0,5.0,2.0
597,57.25,3.0,5.5,2.0
598,50.0,3.0,5.0,2.0
599,33.0,1.0,3.0,3.0
600,37.5,3.0,4.0,1.0
601,35.0,1.0,2.5,0.0
602,31.3,4.0,3.0,3.0
603,52.1,3.0,4.6,3.0
604,30.0,4.0,3.0,3.0
605,70.0,3.0,6.0,3.0
606,53.25,3.0,5.5,2.0
607,0.0,-1.0,0.0,-1.0
608,36.5,1.0,4.0,0.0
609,0.0,-1.0,0.0,-1.0
610,44.5,1.0,4.0,2.0
611,29.5,4.0,2.5,2.0
612,30.0,1.0,3.0,0.0
613,30.0,4.0,3.0,2.0
614,37.25,1.0,3.25,0.0
615,34.0,3.0,4.0,3.0
616,50.0,3.0,4.0,2.0
617,41.0,4.0,4.0,1.0
618,40.0,1.0,4.0,2.0
619,42.0,3.0,4.0,1.0
620,39.6,3.0,3.8,2.0
621,41.0,1.0,4.0,2.0
622,54.0,3.0,4.0,2.0
623,30.0,4.0,3.0,3.0
624,24.0,1.0,2.0,2.0
625,60.0,3.0,5.5,2.0
626,31.4,4.0,2.4,3.0
627,27.423077,4.0,1.6923077,2.0
628,36.0,3.0,4.0,1.0
629,33.7,3.0,3.6,0.0
630,52.7,3.0,5.6,3.0
631,59.5,3.0,5.0,2.0
632,34.25,1.0,3.0,0.0
633,0.0,-1.0,0.0,-1.0
634,36.0,1.0,3.0,2.0
635,35.0,3.0,4.0,2.0
636,60.0,3.0,6.0,2.0
637,60.0,3.0,6.0,3.0
638,32.0,4.0,2.75,2.0
639,40.5,1.0,4.857143,2.0
640,60.0,3.0,6.0,0.0
641,22.0,1.0,2.0,0.0
642,47.2,1.0,4.2,3.0
643,60.0,3.0,6.0,3.0
644,60.0,4.0,6.0,2.0
645,42.0,3.0,4.0,2.0
646,50.0,3.0,5.0,2.0
647,57.5,3.0,5.0,2.0
648,37.875,1.0,3.5,2.0
649,40.0,1.0,3.6666667,3.0
650,60.0,3.0,6.0,3.0
651,54.333332,3.0,4.3333335,3.0
652,30.0,1.0,3.0,2.0
653,30.0,4.0,2.0,3.0
654,49.0,3.0,4.0,1.0
655,60.0,3.0,6.0,3.0
656,45.75,4.0,3.25,0.0
657,56.0,3.0,4.0,2.0
658,34.0,3.0,4.0,2.0
659,37.0,3.0,4.0,1.0
660,60.0,3.0,6.0,0.0
661,45.0,3.0,4.5,2.0
662,34.8,3.0,2.6,2.0
663,61.0,4.0,4.0,2.0
664,34.5,3.0,4.0,1.0
665,60.0,3.0,6.0,2.0
666,60.0,3.0,5.3333335,0.0
667,32.0,4.0,3.0,2.0
668,40.5,1.0,4.857143,2.0
669,34.0,3.0,4.0,3.0
670,0.0,-1.0,0.0,-1.0
671,32.25,3.0,3.0,0.0
672,29.4,1.0,2.3,0.0
673,60.0,3.0,6.0,3.0
674,35.25,1.0,2.75,2.0
675,33.0,1.0,3.0,3.0
676,30.0,1.0,2.5,3.0
677,40.0,3.0,4.0,2.0
678,31.0,4.0,3.0,2.0
679,51.5,3.0,4.25,0.0
680,61.0,3.0,6.0,2.0
681,70.0,3.0,6.0,3.0
682,60.0,3.0,6.0,3.0
683,31.5,2.0,2.0,2.0
684,41.0,1.0,4.0,2.0
685,60.0,3.0,6.0,3.0
686,64.75,3.0,4.5,0.0
687,31.11111,1.0,3.0,1.0
688,40.0,4.0,4.0,2.0
689,0.0,-1.0,0.0,-1.0
690,41.0,4.0,4.0,1.0
691,26.0,1.0,3.0,2.0
692,30.0,3.0,4.0,2.0
693,0.0,-1.0,0.0,-1.0
694,40.0,1.0,4.0,2.0
695,35.0,3.0,4.0,1.0
696,50.666668,3.0,4.6666665,2.0
697,28.5,1.0,3.0,0.0
698,34.0,3.0,4.0,3.0
699,30.0,1.0,3.0,3.0
700,40.0,3.0,3.5,0.0
701,36.5,1.0,4.0,0.0
702,40.0,1.0,3.0,0.0
703,32.0,4.0,3.0,2.0
704,54.0,4.0,5.0,2.0
705,51.0,3.0,4.0,0.0
706,35.0,4.0,3.25,2.0
707,41.0,1.0,4.0,2.0
708,35.75,1.0,2.75,2.0
709,40.333332,4.0,3.3333333,2.0
710,51.5,4.0,4.5,2.0
711,30.0,4.0,3.0,2.0
712,43.0,3.0,4.0,2.0
713,31.0,4.0,3.0,2.0
714,50.0,3.0,4.0,2.0
715,40.0,3.0,4.0,2.0
716,30.0,4.0,3.0,2.0
717,33.0,4.0,3.0,2.0
718,45.75,4.0,3.25,0.0
719,54.0,4.0,5.0,2.0
720,60.0,3.0,4.0,1.0
721,37.6,1.0,3.6,2.0
722,37.0,3.0,4.0,1.0
723,62.0,3.0,6.0,0.0
724,32.0,1.0,3.0,2.0
725,32.0,3.0,4.0,2.0
726,43.0,4.0,1.0,2.0
727,32.0,1.0,3.0,3.0
728,60.0,3.0,6.0,3.0
729,41.77778,1.0,2.8888888,0.0
730,42.5,4.0,3.3333333,1.0
731,30.0,1.0,3.0,2.0
732,43.0,4.0,1.0,2.0
733,38.2,4.0,3.8,3.0
734,32.0,4.0,3.0,2.0
735,37.0,3.0,4.0,2.0
736,52.5,4.0,4.5,2.0
737,30.0,4.0,3.0,3.0
738,50.2,3.0,4.6,3.0
739,41.2,1.0,3.2,2.0
740,29.0,4.0,3.0,3.0
741,30.0,1.0,3.0,3.0
742,38.0,3.0,2.0,3.0
743,31.11111,1.0,3.0,1.0
744,30.0,4.0,3.0,2.0
745,60.0,3.0,6.0,3.0
746,30.0,4.0,3.0,0.0
747,60.0,3.0,4.0,2.0
748,30.0,3.0,4.0,2.0
749,31.0,4.0,3.0,2.0
750,60.0,3.0,5.0,0.0
751,36.0,1.0,3.0,2.0
752,53.625,3.0,4.5,2.0
753,0.0,-1.0,0.0,-1.0
754,54.0,3.0,4.0,2.0
755,57.0,3.0,6.0,3.0
756,28.666666,3.0,3.6666667,3.0
757,50.5,1.0,4.5,1.0
758,60.0,3.0,6.0,3.0
759,54.0,1.0,5.0,2.0
760,42.0,3.0,4.0,2.0
761,34.0,4.0,2.8,0.0
762,50.0,3.0,4.0,2.0
763,30.0,4.0,3.0,3.0
764,30.0,4.0,3.0,2.0
765,31.0,1.0,3.0,0.0
766,30.0,4.0,3.0,3.0
767,69.0,3.0,6.0,3.0
768,44.5,1.0,4.0,2.0
769,34.5625,3.0,2.5,0.0
770,43.0,1.0,4.0,2.0
771,44.5,1.0,4.0,2.0
772,57.0,3.0,3.0,2.0
773,33.5,4.0,4.0,3.0
774,48.166668,3.0,4.6666665,0.0
775,43.0,1.0,4.0,2.0
776,35.25,1.0,2.75,2.0
777,44.0,1.0,4.0,2.0
778,34.5,3.0,4.0,1.0
779,50.0,3.0,4.0,2.0
780,42.75,4.0,3.0,2.0
781,38.0,4.0,3.0,2.0
782,34.0,3.0,3.0,2.0
783,34.25,3.0,3.5,3.0
784,28.0,4.0,3.0,2.0
785,50.0,3.0,4.0,2.0
786,65.0,3.0,6.0,2.0
787,31.9,4.0,3.4,0.0
788,0.0,-1.0,0.0,-1.0
789,48.5,4.0,3.5,0.0
790,43.875,1.0,3.0,2.0
791,24.5,1.0,2.0,0.0
792,57.0,3.0,6.0,3.0
793,30.0,1.0,3.0,0.0
794,31.6,3.0,3.6,0.0
795,44.5,1.0,4.0,2.0
796,0.0,-1.0,0.0,-1.0
797,50.0,3.0,5.0,2.0
798,50.0,3.0,4.0,2.0
799,42.5,3.0,4.0,0.0
800,74.0,3.0,6.0,0.0
801,57.0,3.0,6.0,3.0
802,60.0,4.0,4.0,2.0
803,32.0,3.0,3.0,0.0
804,35.0,3.0,4.0,2.0
805,30.0,4.0,3.0,3.0
806,30.333334,4.0,2.0,0.0
807,56.0,1.0,5.0,2.0
808,40.0,3.0,3.6666667,0.0
809,30.0,4.0,3.0,3.0
810,33.0,3.0,4.0,2.0
811,39.0,1.0,3.5,0.0
812,0.0,-1.0,0.0,-1.0
813,43.0,1.0,4.0,2.0
814,26.0,3.0,4.0,3.0
815,30.0,1.0,3.0,3.0
816,0.0,-1.0,0.0,-1.0
817,36.5,3.0,4.0,2.0
818,48.166668,3.0,4.6666665,0.0
819,42.333332,3.0,3.3333333,3.0
820,30.0,4.0,2.0,3.0
821,0.0,-1.0,0.0,-1.0
822,33.0,1.0,3.0,2.0
823,50.0,3.0,4.0,2.0
824,0.0,-1.0,0.0,-1.0
825,0.0,-1.0,0.0,-1.0
826,33.5,4.0,4.0,3.0
827,36.0,1.0,2.5,3.0
828,44.0,1.0,4.0,2.0
829,69.0,3.0,6.0,3.0
830,36.0,1.0,3.0,1.0
831,34.0,4.0,4.0,2.0
832,32.2,1.0,3.0,2.0
833,40.75,1.0,3.25,2.0
834,30.0,4.0,3.0,0.0
835,28.0,4.0,3.0,2.0
836,33.0,3.0,4.0,2.0
837,29.6,2.0,2.4,0.0
838,30.0,4.0,3.0,2.0
839,56.0,1.0,5.0,2.0
840,30.8,1.0,2.6,0.0
841,35.0,4.0,3.0,3.0
842,38.5,1.0,3.5,0.0
843,48.25,1.0,4.0,0.0
844,65.0,3.0,6.0,2.0
845,45.0,1.0,3.5,2.0
846,60.0,4.0,4.0,2.0
847,35.0,3.0,3.5,2.0
848,60.0,3.0,6.0,3.0
849,46.5,1.0,3.5,0.0
850,30.0,4.0,3.0,3.0
851,40.11111,4.0,3.2222223,3.0
852,60.0,3.0,6.0,3.0
853,60.0,3.0,6.0,2.0
854,28.0,1.0,2.5,3.0
855,42.333332,3.0,3.3333333,3.0
856,31.0,1.0,3.0,2.0
857,47.53846,3.0,4.6153846,2.0
858,50.0,3.0,4.0,3.0
859,54.0,4.0,4.0,0.0
860,54.0,4.0,5.0,2.0
861,42.0,4.0,4.0,2.0
862,37.2,3.0,3.8,2.0
863,45.625,3.0,4.0,0.0
864,35.0,3.0,4.0,2.0
865,30.0,4.0,4.0,1.0
866,36.8,1.0,3.6,2.0
867,33.0,4.0,3.0,2.0
868,37.0,3.0,4.0,2.0
869,30.0,4.0,3.0,3.0
870,60.0,3.0,4.0,1.0
871,21.0,2.0,1.0,0.0
872,32.0,3.0,3.0,0.0
873,30.0,4.0,3.0,0.0
874,24.666666,4.0,1.6666666,1.0
875,0.0,-1.0,0.0,-1.0
876,45.25,3.0,3.75,0.0
877,69.0,3.0,6.0,3.0
878,69.0,3.0,6.0,3.0
879,38.0,1.0,4.0,2.0
880,36.0,1.0,3.4,0.0
881,60.0,3.0,6.0,2.0
882,0.0,-1.0,0.0,-1.0
883,33.0,4.0,3.0,1.0
884,60.0,3.0,4.0,1.0
885,41.0,1.0,4.0,2.0
886,70.0,3.0,6.0,2.0
887,43.0,1.0,4.0,2.0
888,64.5,3.0,6.0,2.0
889,47.0,3.0,4.0,2.0
890,64.0,3.0,6.0,2.0
891,44.333332,1.0,4.0,2.0
892,45.5,1.0,3.0,2.0
893,60.0,3.0,4.0,1.0
894,30.0,4.0,2.5,3.0
895,60.25,3.0,5.0,2.0
896,60.0,4.0,4.0,2.0
897,40.0,3.0,4.0,2.0
898,26.142857,4.0,2.142857,2.0
899,50.5,4.0,3.6,0.0
900,33.0,4.0,3.0,1.0
901,60.0,3.0,6.0,0.0
902,57.0,3.0,6.0,3.0
903,30.0,4.0,3.0,0.0
904,30.0,4.0,3.0,3.0
905,71.0,3.0,6.0,3.0
906,33.0,4.0,3.0,1.0
907,0.0,-1.0,0.0,-1.0
908,45.0,1.0,4.0,2.0
909,33.5,4.0,4.0,3.0
910,30.0,4.0,3.0,3.0
911,34.75,1.0,3.0,0.0
912,27.0,3.0,3.0,3.0
913,0.0,-1.0,0.0,-1.0
914,30.0,4.0,3.0,2.0
915,55.8125,3.0,3.75,2.0
916,30.0,4.0,4.0,1.0
917,44.5,1.0,4.0,2.0
918,31.25,4.0,2.75,1.0
919,49.8,3.0,3.6,2.0
920,51.0,3.0,5.0,1.0
921,0.0,-1.0,0.0,-1.0
922,49.75,3.0,4.0,2.0
923,48.5,3.0,4.0,0.0
924,37.72222,4.0,3.6666667,3.0
925,31.625,4.0,3.125,3.0
926,70.0,3.0,6.0,2.0
927,30.0,3.0,4.0,0.0
928,29.0,1.0,3.0,0.0
929,60.0,3.0,6.0,1.0
930,33.75,4.0,2.5,2.0
931,27.5,4.0,3.0,2.0
932,48.2,3.0,4.8,2.0
933,40.583332,4.0,3.0,2.0
934,60.0,3.0,6.0,3.0
935,61.0,3.0,6.0,1.0
936,59.0,3.0,4.0,0.0
937,31.0,1.0,3.0,3.0
938,60.0,3.0,6.0,2.0
939,35.333332,1.0,2.6666667,3.0
940,43.0,1.0,4.0,2.0
941,25.166666,4.0,1.3333334,1.0
942,28.0,1.0,2.5,2.0
943,30.0,4.0,4.0,1.0
944,35.25,3.0,3.25,1.0
945,60.0,3.0,6.0,2.0
946,28.0,2.0,2.0,2.0
947,43.0,1.0,4.0,2.0
948,37.333332,1.0,3.0,2.0
949,54.0,4.0,4.0,0.0
950,32.5,4.0,3.0,3.0
951,42.0,3.0,4.0,2.0
952,34.57143,1.0,3.4285715,3.0
953,60.0,3.0,6.0,2.0
954,31.0,4.0,2.8333333,1.0
955,60.0,3.0,6.0,3.0
956,60.0,3.0,6.0,2.0
957,61.0,3.0,6.0,1.0
958,40.583332,4.0,3.0,2.0
959,31.0,1.0,3.0,2.0
960,0.0,-1.0,0.0,-1.0
961,27.4,3.0,3.0,2.0
962,48.25,3.0,4.75,2.0
963,0.0,-1.0,0.0,-1.0
964,37.333332,1.0,3.0,2.0
965,57.0,3.0,6.0,3.0
966,49.5,3.0,3.6,2.0
967,60.0,3.0,6.0,2.0
968,60.0,3.0,6.0,3.0
969,0.0,-1.0,0.0,-1.0
970,50.0,3.0,4.0,2.0
971,41.0,1.0,4.0,2.0
972,35.25,3.0,3.25,1.0
973,69.0,1.0,6.0,2.0
974,51.0,3.0,4.0,2.0
975,44.333332,3.0,3.3333333,2.0
976,30.0,4.0,3.0,2.0
977,42.0,3.0,4.0,2.0
978,46.0,1.0,4.5,2.0
979,0.0,-1.0,0.0,-1.0
980,41.0,1.0,4.0,2.0
981,60.0,3.0,4.0,1.0
982,27.0,4.0,2.3333333,2.0
983,58.0,3.0,4.0,1.0
984,21.0,2.0,1.0,2.0
985,39.5,3.0,3.5,2.0
986,30.2,1.0,2.6,3.0
987,40.5,3.0,2.5714285,2.0
988,32.5,4.0,3.0,3.0
989,42.0,3.0,4.0,2.0
990,69.0,1.0,6.0,2.0
991,28.0,1.0,2.6,0.0
992,69.0,3.0,6.0,3.0
993,43.25,1.0,3.5,0.0
994,37.6,1.0,3.0,2.0
995,61.0,3.0,6.0,0.0
996,36.0,4.0,3.0,3.0
997,54.666668,3.0,5.0,2.0
998,36.0,1.0,2.5,1.0
999,59.0,3.0,6.0,3.0
1000,60.0,3.0,6.0,3.0
1001,54.5,3.0,5.0,2.0
1002,46.25,3.0,4.0,2.0
1003,43.666668,3.0,3.6666667,2.0
1004,50.0,3.0,5.0,2.0
1005,33.0,1.0,3.0,2.0
1006,60.0,3.0,6.0,1.0
1007,54.5,3.0,5.0,2.0
1008,61.0,3.0,6.0,1.0
1009,22.0,1.0,1.0,3.0
1010,41.0,3.0,4.0,2.0
1011,54.666668,3.0,5.0,2.0
1012,27.5,4.0,2.0,1.0
1013,61.0,3.0,5.0,2.0
1014,30.0,1.0,2.5,2.0
1015,30.0,4.0,3.0,2.0
1016,34.555557,4.0,2.5555556,2.0
1017,60.0,3.0,6.0,3.0
1018,60.0,3.0,6.0,2.0
1019,44.0,4.0,4.0,1.0
1020,47.5,1.0,4.4,3.0
1021,32.0,1.0,2.5,2.0
1022,46.5,1.0,3.625,3.0
1023,0.0,-1.0,0.0,-1.0
1024,54.0,3.0,4.0,3.0
1025,46.5,1.0,3.625,3.0
1026,23.0,4.0,2.0,2.0
1027,32.0,3.0,4.0,2.0
1028,30.0,1.0,2.5,2.0
1029,50.0,3.0,4.0,2.0
1030,30.0,4.0,2.0,1.0
1031,32.0,1.0,3.5,2.0
1032,42.666668,1.0,3.3333333,3.0
1033,26.0,1.0,2.0,2.0
1034,40.6,1.0,4.2,2.0
1035,60.0,3.0,6.0,2.0
1036,26.0,2.0,2.5,2.0
1037,32.0,1.0,3.5,2.0
1038,23.0,4.0,2.0,2.0
1039,34.555557,4.0,2.5555556,2.0
