lat,long,building_height_res100,building_height_std_res100,building_year_res100,building_area_res100
40.78876333,-73.971665,54.239,13.979328,1905.65,25276.463
40.788875,-73.97192833,54.239,13.979328,1905.65,25276.463
40.78908,-73.96708,192.14311,43.294136,1921.5,10423.359
40.78908167,-73.97255,56.516773,42.18078,1895.258,35320.945
40.78795333,-73.96969667,59.920982,8.977838,1894.125,37305.29
40.78418333,-73.97021167,85.887,46.614197,1895.6,23820.031
40.78470833,-73.96975167,0.0,-1.0,0.0,0.0
40.78886333,-73.96676667,192.14311,43.294136,1921.5,10423.359
40.788585,-73.97130333,72.5675,26.890852,1952.625,41150.105
40.78418333,-73.966635,13.0,0.0,1932.0,1440.8461
40.78182667,-73.98672167,0.0,-1.0,0.0,0.0
40.81512333,-73.95032333,107.76841,59.915176,1930.0,53737.55
40.76774167,-73.98230833,269.065,66.876396,1935.25,17479.043
40.78370667,-73.96508333,16.0,0.0,1871.0,1514.3195
40.77094667,-73.97968333,201.3325,87.02006,1921.25,31710.096
40.79593833,-73.95570333,0.0,-1.0,0.0,0.0
40.78512667,-73.97289167,61.773846,5.519311,1889.2307,24518.771
40.78309833,-73.95583833,88.40244,83.60422,1900.3704,37117.46
40.781915,-73.96325,0.0,-1.0,0.0,0.0
40.777375,-73.94459,63.655132,35.63806,1918.4375,37710.52
40.78476,-73.97195,60.92,5.6356297,1890.579,33857.29
40.781725,-73.94579667,149.02,112.17821,1942.8,19446.168
40.78740333,-73.98071167,88.6075,44.91938,1904.25,24578.297
40.758905,-73.96015833,485.15,0.0,1975.0,407.0304
40.78264333,-73.98460333,74.85786,42.190563,1905.7142,27112.168
40.79036333,-73.97688333,139.77818,33.102615,1921.1818,28484.414
40.81563833,-73.94998833,171.0,0.0,1930.0,7473.024
40.77889,-73.94784,157.60202,114.01657,1959.5,28609.0
40.78934667,-73.973275,85.87583,47.293156,1927.5,43737.234
40.79867333,-73.95970667,98.092,42.11248,1935.4,7963.175
40.78009,-73.94704833,86.32762,79.76798,1928.8948,27311.994
40.76795333,-73.982415,715.0,0.0,2004.0,56472.367
40.78694667,-73.97984667,70.7987,29.940533,1895.0,41549.44
40.78111,-73.98738167,349.0,0.0,2004.0,9880.02
40.789975,-73.97607667,90.582,52.24685,1915.4,44008.26
40.79138333,-73.96195667,0.0,-1.0,0.0,0.0
40.78667,-73.97963,107.14833,45.95085,1903.6666,28428.855
40.78251333,-73.95438833,76.91044,42.824738,1914.4783,42692.664
40.79177333,-73.96295833,0.0,-1.0,0.0,0.0
40.790355,-73.941705,93.024284,65.94518,1931.7142,14013.709
40.78309667,-73.98581667,0.0,-1.0,0.0,0.0
40.79022,-73.96991,96.415085,89.7124,1941.9,50488.504
40.79833667,-73.95996333,98.092,42.11248,1935.4,7963.175
40.76804,-73.98242,715.0,0.0,2004.0,56472.367
40.77158667,-73.97728333,34.86,0.0,1870.0,6940.69
40.77291833,-73.94637333,156.34166,46.299225,1942.3334,25213.682
40.79016,-73.96973667,250.58022,34.272823,1971.0,28373.87
40.796185,-73.95559167,0.0,-1.0,0.0,0.0
40.75887667,-73.96010333,143.71849,138.74377,1936.75,39578.08
40.78978167,-73.97565,143.58571,64.79819,1935.2858,22781.844
40.79883167,-73.95958667,98.092,42.11248,1935.4,7963.175
40.81433333,-73.95093167,97.82849,17.17151,1965.5,11699.914
40.76942167,-73.98085833,389.0,172.0,1982.5,6446.6113
40.78273833,-73.96359333,16.0,0.0,1871.0,448.16754
40.78117,-73.96236,0.0,-1.0,0.0,0.0
40.76812833,-73.98243167,715.0,0.0,2004.0,56472.367
40.78737833,-73.98065667,85.263336,47.59855,1901.3334,29505.072
40.79151333,-73.96223833,0.0,-1.0,0.0,0.0
40.784905,-73.97228167,60.92,5.6356297,1890.579,33857.29
40.78302333,-73.984475,77.256,54.805008,1914.2,4388.4795
40.78964,-73.97515667,119.205,61.571396,1924.5,38535.516
40.78093667,-73.96217833,0.0,-1.0,0.0,0.0
40.7896,-73.95764833,0.0,-1.0,0.0,0.0
40.84138833,-73.89286,59.32,1.5682049,1931.0,3761.932
40.78989667,-73.95836333,0.0,-1.0,0.0,0.0
40.79522,-73.93310667,54.857742,20.532028,1923.7142,27185.154
40.80721667,-73.898815,26.58,3.42,1983.5,28315.438
40.78651667,-73.975995,81.05765,37.463215,1907.6471,26613.799
40.78789333,-73.98061167,88.6075,44.91938,1904.25,24578.297
40.807085,-73.96706333,112.49019,44.33551,1907.75,28485.273
40.79345333,-73.96702333,155.728,61.042988,1962.8,28494.486
40.77439333,-73.98249667,162.814,106.99598,1966.6,46008.71
40.79726333,-73.95459,0.0,-1.0,0.0,0.0
40.79543,-73.93384167,59.832638,14.420748,1926.0,32826.32
40.78633833,-73.97887167,119.90222,51.605766,1913.6666,44351.04
40.78922667,-73.98053,135.72,44.003452,1913.4445,32990.19
40.79635667,-73.9723,127.4357,38.545715,1915.6,27042.639
40.785675,-73.98471,0.0,-1.0,0.0,0.0
40.77546,-73.98227833,259.7925,185.65369,1941.0,31472.842
40.78637333,-73.94239,120.79018,20.854952,1983.0,29531.674
40.78618,-73.97824333,118.58,49.930946,1922.3334,22611.21
40.78652667,-73.97923667,107.14833,45.95085,1903.6666,28428.855
40.79070667,-73.977965,58.720505,11.029771,1894.119,38677.742
40.78925667,-73.973785,104.543846,53.12421,1930.2307,31265.854
40.79981333,-73.95881833,87.103775,0.0,1900.0,1607.6759
40.76774,-73.98191,269.065,66.876396,1935.25,17479.043
40.78785167,-73.98061833,88.6075,44.91938,1904.25,24578.297
40.84360667,-73.92448833,54.33234,20.357012,1941.6,16605.77
40.80784333,-73.89894667,26.58,3.42,1983.5,28315.438
40.768135,-73.95300667,95.40503,76.92684,1932.4166,29311.586
40.79106833,-73.956465,0.0,-1.0,0.0,0.0
40.78053667,-73.94668333,102.83277,98.13106,1934.1052,39070.504
40.795475,-73.955205,0.0,-1.0,0.0,0.0
40.79209333,-73.97388833,102.30779,72.45313,1920.9,30536.055
40.78605333,-73.95322833,112.70206,70.97483,1924.4286,31275.781
40.78691833,-73.97746833,126.066666,80.79611,1948.0,22304.602
40.79670167,-73.93201,51.102,8.068823,1907.6666,13864.842
40.77552167,-73.982295,259.7925,185.65369,1941.0,31472.842
40.77540667,-73.94437,48.573666,41.59794,1893.2941,8546.909
40.79201333,-73.97374167,102.30779,72.45313,1920.9,30536.055
40.78166,-73.94584167,149.02,112.17821,1942.8,19446.168
40.78687833,-73.97750833,126.066666,80.79611,1948.0,22304.602
40.77422333,-73.98251167,162.814,106.99598,1966.6,46008.71
40.80458667,-73.95585,65.06521,23.34898,1923.6,29202.057
40.84209167,-73.89406167,122.291,55.501,1942.5,1171.2385
40.776545,-73.94356667,118.9,77.72,1880.5,6020.251
40.79146333,-73.97264167,70.222176,23.141478,1915.4706,38137.082
40.78903,-73.980605,102.7675,38.79101,1902.25,17347.191
40.78774167,-73.95382833,104.94949,47.247646,1924.5714,37347.145
40.75905833,-73.96049833,485.15,0.0,1975.0,407.0304
40.79043,-73.94182667,93.024284,65.94518,1931.7142,14013.709
40.78324167,-73.95644,145.396,103.41556,1920.3,29239.63
40.75906667,-73.95949,384.0,0.0,2009.0,15186.418
40.79417333,-73.97020667,103.02889,57.369946,1926.4445,23321.28
40.81011333,-73.89813167,30.0,0.0,2011.0,9948.604
40.77857833,-73.94727833,85.70331,62.040062,1931.3077,45486.7
40.78666,-73.97653167,70.012276,35.496117,1910.591,33687.133
40.78367667,-73.98390167,64.97241,20.14914,1894.6552,37343.46
40.80542167,-73.899475,35.32,0.0,1990.0,20187.066
40.79101833,-73.95653167,0.0,-1.0,0.0,0.0
40.77597333,-73.94396667,91.82445,60.2434,1926.1111,39151.742
40.78499833,-73.98472333,0.0,-1.0,0.0,0.0
40.77330833,-73.94893667,92.96067,71.45298,1928.5333,30054.395
40.78573,-73.98470667,0.0,-1.0,0.0,0.0
40.75916167,-73.96068667,485.15,0.0,1975.0,407.0304
40.79774,-73.951185,75.11,10.13,1911.5,6958.259
40.797615,-73.95443833,0.0,-1.0,0.0,0.0
40.76783,-73.97065667,164.0,31.0,1940.0,5877.4023
40.783335,-73.95697833,145.396,103.41556,1920.3,29239.63
40.78617833,-73.95362833,112.70206,70.97483,1924.4286,31275.781
40.79653667,-73.93213833,51.102,8.068823,1907.6666,13864.842
40.79676667,-73.95492333,0.0,-1.0,0.0,0.0
40.82287167,-73.887255,62.17,0.0,1927.0,1286.2976
40.79073667,-73.95680833,0.0,-1.0,0.0,0.0
40.84343167,-73.92461167,75.86874,31.260036,1938.5714,17391.016
40.80613167,-73.902365,30.37,0.0,1971.0,966.6269
40.81362667,-73.89948167,59.1122,20.192583,1931.2,12928.195
40.78071167,-73.9465,181.04121,97.82034,1966.1666,19648.654
40.805955,-73.947145,61.159233,19.401892,1890.4117,19585.87
40.80953,-73.95983667,119.24,60.739536,1904.2858,32232.877
40.79690667,-73.95479667,0.0,-1.0,0.0,0.0
40.78186167,-73.945695,150.47653,96.44349,1964.0,12334.388
40.791,-73.971625,65.761665,28.49173,1915.25,30087.213
40.7908,-73.97831833,58.720505,11.029771,1894.119,38677.742
40.79080333,-73.97892167,84.3335,40.230278,1903.7,42496.285
40.8226,-73.88750833,62.17,0.0,1927.0,1286.2976
40.78434667,-73.983185,100.69933,51.987854,1910.0,36075.29
40.7966,-73.97217667,127.4357,38.545715,1915.6,27042.639
40.78591667,-73.94266,120.79018,20.854952,1983.0,29531.674
40.77342667,-73.94932167,72.993,57.05717,1918.35,42830.76
40.77396333,-73.98251167,103.965,14.035,1966.0,45110.227
40.77660833,-73.94351667,118.9,77.72,1880.5,6020.251
40.79038833,-73.95702833,0.0,-1.0,0.0,0.0
40.806175,-73.96737333,113.74,39.8,1909.0,2214.11
40.78188,-73.95818167,160.21857,39.426266,1943.8572,33540.48
40.816245,-73.94980333,99.15261,71.84739,1930.0,11354.977
40.83678667,-73.91806833,67.42618,41.018986,1928.5,33845.95
40.77375833,-73.95192833,136.46852,105.62841,1947.0,33027.863
40.79000333,-73.95868167,0.0,-1.0,0.0,0.0
40.773365,-73.96004167,100.581955,58.36211,1925.4706,47745.07
40.806685,-73.89871333,23.16,0.0,1956.0,35910.266
40.843095,-73.92465667,75.86874,31.260036,1938.5714,17391.016
40.76888333,-73.98121,389.0,172.0,1982.5,6446.6113
40.78656667,-73.954495,104.13094,48.486893,1916.25,28881.316
40.77355667,-73.95993833,73.15566,43.072987,1931.0,34220.137
40.790915,-73.97859167,58.720505,11.029771,1894.119,38677.742
40.76849333,-73.95254167,79.562,59.1551,1932.8,25139.465
40.79723333,-73.97175333,125.765,28.640766,1914.7,37949.99
40.79215333,-73.96372167,120.855,49.145,1939.5,2702.6204
40.78659167,-73.95286,113.16138,53.505535,1926.9166,36537.082
40.75933833,-73.961075,192.93437,174.60445,1931.6666,11996.18
40.79645333,-73.97226167,127.4357,38.545715,1915.6,27042.639
40.80002167,-73.96766833,74.71693,48.212097,1928.2307,35202.4
40.79414667,-73.949095,106.62334,62.980896,1947.0,32888.52
40.797535,-73.96059167,81.526665,6.0324473,1940.6666,15344.158
40.795155,-73.93322,52.179443,10.0085945,1920.2222,30498.271
40.78681,-73.94806167,58.98716,46.06309,1920.8334,4001.5046
40.81350667,-73.899135,32.566124,15.961452,1967.1,22789.027
40.84315667,-73.90962667,87.94857,61.665997,1948.7142,15359.644
40.76121,-73.95757833,128.33333,35.74291,1949.3334,11300.065
40.83735333,-73.91770833,54.204544,26.019262,1931.7273,33802.875
40.77075833,-73.98724667,326.05,201.37206,1987.6666,26175.615
40.80615167,-73.87953667,0.0,-1.0,0.0,0.0
40.765805,-73.97206,298.19333,177.78076,1941.3334,15626.045
40.83370667,-73.9024,52.193794,31.77782,1964.2,35142.723
40.79562833,-73.95461833,0.0,-1.0,0.0,0.0
40.811215,-73.90329667,17.914,4.8611794,1953.8,13500.4375
40.79555833,-73.93413833,49.253513,13.812021,1908.129,31002.805
40.81547667,-73.90040833,49.084404,4.9382954,1910.0834,22087.1
40.80417,-73.95488,59.583332,17.16056,1927.3334,29248.557
40.84413333,-73.92372,51.7475,27.85952,1967.0,23968.457
40.80892667,-73.895605,28.895,4.095,1962.5,24239.045
40.7693,-73.95195833,111.53566,76.0496,1957.0,44184.5
40.84142667,-73.92564667,50.830555,24.067087,1938.7778,40117.688
40.79075333,-73.942635,43.509285,18.185406,1929.8572,19795.676
40.83194167,-73.92131667,58.03875,14.8691635,1919.0,33404.03
40.77091833,-73.98715333,326.05,201.37206,1987.6666,26175.615
40.81051333,-73.89874,30.0,0.0,2011.0,38856.383
40.81975,-73.897585,74.06,17.040243,1920.6666,18207.943
40.843665,-73.90627,42.981125,15.397695,1933.1666,25655.398
40.767875,-73.970495,164.0,31.0,1940.0,5877.4023
40.79014833,-73.941085,194.58,0.0,1961.0,5140.564
40.79409667,-73.97013333,103.02889,57.369946,1926.4445,23321.28
40.80541333,-73.88117167,24.09,0.0,1931.0,813.10944
40.84028333,-73.91002833,77.85117,11.743636,1934.8,23879.89
40.80749333,-73.88944167,20.248333,3.5347345,1927.8334,29262.18
40.75951,-73.95901667,127.454765,0.0,1960.0,168.27861
40.817495,-73.90356167,43.33876,12.604495,1916.5186,30625.178
40.807605,-73.96688667,112.49019,44.33551,1907.75,28485.273
40.786255,-73.97541167,61.11474,7.8090262,1903.5264,27851.355
40.835245,-73.912915,47.30875,13.952238,1940.3125,24923.16
40.81892,-73.89614833,43.965,24.264114,1978.0,11274.267
40.78149167,-73.95433333,74.06526,40.246506,1911.3684,34754.09
40.84229167,-73.92512667,64.607254,33.967,1931.1111,35775.527
40.80517667,-73.90222167,33.94,3.57,1951.0,7061.033
40.83730333,-73.917745,54.204544,26.019262,1931.7273,33802.875
40.76218833,-73.95701833,63.4,33.35026,1940.0,21314.418
40.83208833,-73.91789333,66.594,5.485412,1928.4,22856.03
40.76223,-73.956985,63.4,33.35026,1940.0,21314.418
40.75945667,-73.96148333,192.93437,174.60445,1931.6666,11996.18
40.84112667,-73.90956,41.64875,20.468143,1925.875,9685.046
40.7854,-73.94763167,125.16063,116.669365,1943.25,44852.152
40.765855,-73.97201333,298.19333,177.78076,1941.3334,15626.045
40.76086,-73.95799667,128.33333,35.74291,1949.3334,11300.065
40.76041333,-73.96383333,76.91,98.120926,1911.7778,24364.8
40.80545833,-73.88087333,24.09,0.0,1931.0,813.10944
40.782095,-73.98283833,83.91739,45.6747,1896.6522,31136.918
40.785155,-73.94646,220.21638,0.0,1967.0,10519.646
40.84341,-73.90953333,87.94857,61.665997,1948.7142,15359.644
40.793605,-73.969145,57.597393,31.078936,1906.9565,30581.223
40.79004833,-73.94900333,56.79992,12.983621,1913.1305,33880.156
40.80547333,-73.95807667,65.5465,13.757129,1911.2,26030.955
40.780215,-73.98504833,89.10524,47.522133,1908.4762,37573.805
40.84277667,-73.89324667,71.15209,54.5658,1962.2,5875.332
40.786845,-73.95255667,96.438126,47.363987,1931.125,21518.453
40.79237667,-73.95508,0.0,-1.0,0.0,0.0
40.841025,-73.92208333,36.711483,16.192863,1986.75,11490.02
40.842125,-73.892235,40.855984,13.1346035,1934.6111,20376.5
40.80855,-73.88972167,23.736666,6.9174433,1944.6666,21479.95
40.75958833,-73.958945,127.454765,0.0,1960.0,168.27861
40.76490833,-73.96860667,138.129,59.257732,1916.0,20213.615
40.81226,-73.95697833,184.77527,28.54058,1955.25,14081.136
40.76693167,-73.971345,181.38667,87.74662,1897.6666,10565.237
40.82323333,-73.88797,37.97625,16.644373,1927.25,28982.596
40.79340167,-73.97463167,134.61273,61.895527,1915.2,28027.062
40.785135,-73.946495,220.21638,0.0,1967.0,10519.646
40.79158,-73.95584,0.0,-1.0,0.0,0.0
40.84419667,-73.91757833,50.485355,17.321531,1939.6666,23875.158
40.81484833,-73.90011833,58.691956,14.638515,1932.6666,30481.232
40.76595333,-73.97195667,298.19333,177.78076,1941.3334,15626.045
40.767035,-73.97126833,181.38667,87.74662,1897.6666,10565.237
40.7991,-73.93475833,45.346226,3.776764,1919.3334,24016.97
40.76495667,-73.96877667,138.129,59.257732,1916.0,20213.615
40.79514333,-73.94826333,104.763336,63.795128,1972.3334,30709.188
40.79778667,-73.971365,158.28384,81.81472,1927.6666,27414.021
40.79191833,-73.95539167,0.0,-1.0,0.0,0.0
40.7742,-73.95947,73.1328,46.091022,1910.4,32027.908
40.772585,-73.96063833,130.79178,44.963394,1938.75,27826.209
40.80943333,-73.903525,0.0,-1.0,0.0,0.0
40.76733,-73.971035,181.38667,87.74662,1897.6666,10565.237
40.80945167,-73.90302833,0.0,-1.0,0.0,0.0
40.78214667,-73.957995,173.482,21.946964,1935.4,20634.043
40.79019833,-73.949355,62.068817,0.6884859,1907.5,3703.2615
40.81173833,-73.95730833,184.77527,28.54058,1955.25,14081.136
40.77413167,-73.95949333,73.1328,46.091022,1910.4,32027.908
40.79134,-73.97253333,70.222176,23.141478,1915.4706,38137.082
40.76757167,-73.970795,181.38667,87.74662,1897.6666,10565.237
40.80805833,-73.964165,139.96,0.0,1912.0,3535.4502
40.774125,-73.952775,71.03723,43.694714,1930.0435,41749.535
40.800805,-73.96780333,84.475,60.559357,1930.1,21673.234
40.77790333,-73.94580833,139.25667,114.31975,1937.5,33244.715
40.77318667,-73.960155,100.581955,58.36211,1925.4706,47745.07
40.77407667,-73.95950833,73.1328,46.091022,1910.4,32027.908
40.842745,-73.90968333,87.94857,61.665997,1948.7142,15359.644
40.80889833,-73.89594667,34.495,1.505,1989.0,44401.8
40.79741333,-73.93151,53.78909,29.5301,1927.2727,22764.854
40.797755,-73.96144,55.888,35.26528,1929.76,40710.383
40.79770167,-73.95109333,75.11,10.13,1911.5,6958.259
40.79168167,-73.95569667,0.0,-1.0,0.0,0.0
40.80831,-73.96358167,139.96,0.0,1912.0,3535.4502
40.84411,-73.91739333,50.485355,17.321531,1939.6666,23875.158
40.79453667,-73.96988833,71.09,23.766363,1912.7142,37698.27
40.80643333,-73.879635,0.0,-1.0,0.0,0.0
40.79355167,-73.96904,57.597393,31.078936,1906.9565,30581.223
40.775965,-73.983515,208.9478,159.9166,1989.0,28752.195
40.84416833,-73.91753833,50.485355,17.321531,1939.6666,23875.158
40.76125333,-73.95755667,128.33333,35.74291,1949.3334,11300.065
40.78030667,-73.98553167,106.75445,64.05635,1920.5555,18886.662
40.78470667,-73.94354333,167.41782,7.4178104,1990.0,15359.938
40.84131333,-73.92570833,50.830555,24.067087,1938.7778,40117.688
40.78652,-73.97783167,126.066666,80.79611,1948.0,22304.602
40.80602167,-73.95793167,65.5465,13.757129,1911.2,26030.955
40.765515,-73.972215,298.19333,177.78076,1941.3334,15626.045
40.79043667,-73.97948333,84.3335,40.230278,1903.7,42496.285
40.84361667,-73.90565167,42.981125,15.397695,1933.1666,25655.398
40.81940667,-73.89642,43.965,24.264114,1978.0,11274.267
40.76878333,-73.972105,0.0,-1.0,0.0,0.0
40.84403833,-73.92396833,51.7475,27.85952,1967.0,23968.457
40.76729167,-73.97109,181.38667,87.74662,1897.6666,10565.237
40.80930667,-73.90371167,0.0,-1.0,0.0,0.0
40.81096833,-73.95429833,84.94334,42.920807,1935.6666,6385.491
40.83376333,-73.90236333,52.193794,31.77782,1964.2,35142.723
40.84268,-73.89312667,71.15209,54.5658,1962.2,5875.332
40.81085833,-73.95801667,74.038574,50.80635,1925.8572,14582.747
40.806325,-73.94812,49.490395,12.591955,1887.4642,33648.504
40.80256,-73.90793333,31.183332,21.300543,1960.0,54318.54
40.77346333,-73.94937833,72.993,57.05717,1918.35,42830.76
40.78015333,-73.98492333,142.59084,55.99599,1919.5,23361.742
40.794275,-73.970135,103.02889,57.369946,1926.4445,23321.28
40.809025,-73.89464833,35.13309,10.333092,1963.0,20265.34
40.81426333,-73.899735,58.691956,14.638515,1932.6666,30481.232
40.809555,-73.90311167,0.0,-1.0,0.0,0.0
40.809115,-73.96292,99.903336,73.447525,1940.0,8661.553
40.78233333,-73.95783,173.482,21.946964,1935.4,20634.043
40.806415,-73.88759333,19.276667,2.2291005,1966.0,12103.167
40.80860333,-73.96336167,92.97667,12.040239,1901.0,21265.143
40.81740667,-73.95013333,0.0,-1.0,0.0,0.0
40.79564833,-73.954585,0.0,-1.0,0.0,0.0
40.817455,-73.903075,43.33876,12.604495,1916.5186,30625.178
40.79130833,-73.95623667,0.0,-1.0,0.0,0.0
40.84535833,-73.91732667,45.952812,17.241852,1928.8334,16341.462
40.84362,-73.90507833,43.862938,14.425028,1919.2727,25077.885
40.77346667,-73.951195,136.46852,105.62841,1947.0,33027.863
40.81729167,-73.90236167,39.87432,12.912519,1908.6154,15161.727
40.80168167,-73.96040833,0.0,-1.0,0.0,0.0
40.78727667,-73.944875,110.76794,40.74606,1942.6,9351.882
40.77126667,-73.98692,326.05,201.37206,1987.6666,26175.615
40.78649167,-73.94251333,120.79018,20.854952,1983.0,29531.674
40.79031333,-73.95009667,62.068817,0.6884859,1907.5,3703.2615
40.804875,-73.884795,25.695,0.445,1960.0,14179.355
40.82247167,-73.95473333,51.66138,15.878403,1908.4828,38192.617
40.78921333,-73.947025,48.36191,18.132685,1915.7646,25967.355
40.78557667,-73.94809667,125.16063,116.669365,1943.25,44852.152
40.80473,-73.95631167,65.06521,23.34898,1923.6,29202.057
40.81544167,-73.906315,45.17797,12.634765,1949.7778,16819.506
40.84464833,-73.906095,39.516285,15.40236,1933.3334,13577.173
40.76914833,-73.98854333,77.460846,61.865288,1918.5714,29252.09
40.82298167,-73.95643167,42.0,0.0,1926.0,434.50565
40.799075,-73.96454833,64.32231,17.591541,1938.091,33942.664
40.77375167,-73.95014667,72.993,57.05717,1918.35,42830.76
40.83540667,-73.90134833,62.6,12.169351,1936.0,14826.603
40.80789833,-73.89738667,0.0,-1.0,0.0,0.0
40.845115,-73.91745,49.717937,16.710045,1928.6666,13383.288
40.80801667,-73.904615,0.0,-1.0,0.0,0.0
40.827285,-73.91316,33.215,13.955,1942.0,827.7178
40.83562167,-73.914005,56.4975,22.955347,1926.0,19569.645
40.82942333,-73.91233667,54.94,7.9792137,1932.0,27697.74
40.79915667,-73.96472333,64.32231,17.591541,1938.091,33942.664
40.82940167,-73.91226833,54.94,7.9792137,1932.0,27697.74
40.83290167,-73.91735333,68.46,3.8780894,1930.4445,44105.93
40.81755667,-73.953495,61.227432,34.991127,1910.7646,23934.414
40.82632333,-73.90972167,61.034,32.349987,1975.8,19730.049
40.77681833,-73.95696333,65.689964,33.933968,1914.091,36063.977
40.80412167,-73.91689667,140.98,0.0,1961.0,11.554167
40.84391667,-73.894685,59.03,6.5283585,1923.0,11472.698
40.83496167,-73.91581333,62.63,6.025038,1923.9,36528.418
40.82145833,-73.89158833,38.692223,21.232668,1934.2222,44226.6
40.83334167,-73.91717,68.46,3.8780894,1930.4445,44105.93
40.79961667,-73.93579667,45.94408,5.026839,1899.8235,13215.282
40.82669667,-73.909525,52.625,33.118954,1952.8334,15664.795
40.826975,-73.925235,36.242,22.144201,1937.4,52181.04
40.81751,-73.90352,43.33876,12.604495,1916.5186,30625.178
40.83936333,-73.91058667,52.851955,31.986639,1973.3334,23155.33
40.82338833,-73.92255,88.9325,75.175735,1962.75,30592.102
40.818075,-73.95286,64.291084,8.122882,1926.2667,29779.283
40.84474833,-73.9122,74.01,9.994762,1930.0,13730.269
40.81188,-73.903805,37.941105,18.765408,1927.8,11777.484
40.83529333,-73.92686333,32.996014,3.0379083,1971.2222,11167.594
40.843765,-73.90882667,42.4845,21.228466,1928.1,28789.992
40.77586333,-73.99138833,0.0,-1.0,0.0,0.0
40.80243333,-73.962415,110.205,47.27595,1941.5,24104.834
40.84425667,-73.893215,45.038,16.867588,1969.5,6936.8145
40.81923333,-73.89811667,66.35,0.0,1910.0,393.5168
40.84407833,-73.89667833,0.0,-1.0,0.0,0.0
40.84127,-73.92572833,50.830555,24.067087,1938.7778,40117.688
40.84387167,-73.89257667,45.266666,22.881018,1974.6666,3436.6753
40.774705,-73.95827667,77.230125,54.383663,1919.8334,34088.902
40.80229333,-73.93841,42.293026,12.300617,1914.0435,25138.406
40.79930667,-73.96528333,64.32231,17.591541,1938.091,33942.664
40.79698333,-73.94929167,133.03,79.97,1974.0,1240.1643
40.81553333,-73.88392667,20.22,5.4546494,1974.6666,37290.324
40.83639,-73.89794333,0.0,-1.0,0.0,0.0
40.80842,-73.896715,0.0,-1.0,0.0,0.0
40.76938833,-73.98891833,58.259144,31.602566,1926.2667,35839.01
40.808115,-73.90439333,0.0,-1.0,0.0,0.0
40.83536667,-73.91538833,62.63,6.025038,1923.9,36528.418
40.766505,-73.97155833,123.05287,52.635326,1917.4445,28574.678
40.77345667,-73.95496167,115.29577,97.81821,1949.4445,23439.824
40.79310667,-73.94806667,41.95,10.7,1952.5,2627.5833
40.79474167,-73.97364167,86.0625,37.58802,1942.25,28973.072
40.80499,-73.95694833,57.16124,13.652449,1904.2778,26087.92
40.81585833,-73.90419833,62.573784,46.281498,1930.1666,16897.8
40.83408,-73.92742833,58.673416,10.729217,1922.7142,32062.236
40.844005,-73.91715167,50.485355,17.321531,1939.6666,23875.158
40.82223833,-73.957195,42.0,0.0,1926.0,434.50565
40.8415,-73.90078,27.993292,1.9339916,1982.5,33824.406
40.80716333,-73.95710667,72.46172,12.792159,1918.2,12191.343
40.77551333,-73.95403167,58.934715,28.793657,1921.1724,42037.203
40.80406833,-73.91676667,140.98,0.0,1961.0,11.554167
40.81758333,-73.89541,50.395515,24.567442,1941.7142,25888.803
40.80907833,-73.894235,35.13309,10.333092,1963.0,20265.34
40.80835167,-73.90390667,0.0,-1.0,0.0,0.0
40.81734,-73.89524667,50.395515,24.567442,1941.7142,25888.803
40.78876833,-73.95109833,133.9,0.0,1954.0,6669.0654
40.82153167,-73.891595,38.692223,21.232668,1934.2222,44226.6
40.801385,-73.95975,128.54018,79.61959,1944.5,13719.298
40.80167,-73.94890167,71.096306,27.120226,1949.5,49326.574
40.80389833,-73.96678333,79.53125,51.519688,1943.5,23169.51
40.79813333,-73.93246333,57.07344,24.065842,1936.9166,31876.883
40.76059167,-73.964275,76.91,98.120926,1911.7778,24364.8
40.76615667,-73.97178833,0.0,-1.0,0.0,0.0
40.809555,-73.95899333,101.52143,29.19553,1924.4286,27820.51
40.83522167,-73.91556667,62.63,6.025038,1923.9,36528.418
40.79784833,-73.961635,55.888,35.26528,1929.76,40710.383
40.78528667,-73.94739333,105.88864,111.07452,1945.2,12728.604
40.77490333,-73.95279,71.03723,43.694714,1930.0435,41749.535
40.84354333,-73.919065,40.508408,20.051098,1928.8,10533.349
40.834865,-73.92630833,32.996014,3.0379083,1971.2222,11167.594
40.81882333,-73.95199333,62.606155,14.090918,1909.6154,23023.035
40.80039333,-73.93536833,47.134205,17.042679,1920.5454,13695.719
40.821185,-73.89158333,41.692932,27.691647,1952.4,15263.596
40.79816,-73.96228333,56.282425,21.173714,1904.9395,36963.1
40.79293,-73.947745,41.95,10.7,1952.5,2627.5833
40.81943,-73.89792833,66.35,0.0,1910.0,393.5168
40.80564167,-73.87980333,0.0,-1.0,0.0,0.0
40.78076833,-73.95477667,113.89,91.5643,1927.0769,41368.855
40.77378667,-73.956035,84.1384,53.599434,1933.1,36907.465
40.80095333,-73.93538667,154.51425,139.92355,1949.0,28450.248
40.834035,-73.92721,58.673416,10.729217,1922.7142,32062.236
40.7632,-73.95703667,94.34594,60.174232,1926.7142,16604.074
40.76001667,-73.95860333,213.10738,81.39769,1978.0,25814.803
40.80231667,-73.962185,110.205,47.27595,1941.5,24104.834
40.77446667,-73.95936,73.1328,46.091022,1910.4,32027.908
40.82978,-73.91331167,52.01875,10.165875,1927.125,29399.979
40.84396167,-73.895245,0.0,-1.0,0.0,0.0
40.84424,-73.90502167,43.862938,14.425028,1919.2727,25077.885
40.799195,-73.96481667,64.32231,17.591541,1938.091,33942.664
40.83182,-73.92139333,50.448822,16.958467,1911.2941,24796.492
40.84626833,-73.91755,46.171867,17.811207,1915.7858,30869.447
40.806315,-73.88854167,26.713333,8.98133,1959.0,18610.97
40.794275,-73.95483667,0.0,-1.0,0.0,0.0
40.769325,-73.98883667,58.259144,31.602566,1926.2667,35839.01
40.78615167,-73.94841667,190.39346,74.41411,1983.3334,14361.928
40.83857333,-73.91302167,55.52625,16.250238,1931.875,29270.443
40.76429833,-73.95843667,114.014435,85.9567,1936.625,16932.236
40.84400167,-73.89597667,0.0,-1.0,0.0,0.0
40.8087,-73.90328,0.0,-1.0,0.0,0.0
40.80768,-73.90519333,0.0,-1.0,0.0,0.0
40.79783833,-73.93185,53.78909,29.5301,1927.2727,22764.854
40.81329,-73.88334667,20.5575,4.9113665,1942.5,29549.186
40.78349667,-73.98191333,86.0739,46.61143,1900.6666,24815.975
40.773545,-73.95489333,115.29577,97.81821,1949.4445,23439.824
40.76536333,-73.96964,83.71426,38.157238,1901.0952,42851.652
40.80140333,-73.959795,128.54018,79.61959,1944.5,13719.298
40.84560167,-73.91729,45.952812,17.241852,1928.8334,16341.462
40.83541667,-73.92724333,53.2573,14.69417,1921.1111,23966.623
40.81907833,-73.89827833,66.35,0.0,1910.0,393.5168
40.83325167,-73.91718167,68.46,3.8780894,1930.4445,44105.93
40.844505,-73.91836667,36.39685,6.0650563,1928.0,6139.3774
40.80504,-73.88595,0.0,-1.0,0.0,0.0
40.83506167,-73.91238,31.163914,10.526915,1918.0869,22059.102
40.84372,-73.91654667,38.67282,27.016012,1961.2858,29656.586
40.79819333,-73.953765,80.08314,10.916862,1910.5,167.42741
40.76510667,-73.96897,131.92143,63.839848,1923.9166,43663.09
40.76930833,-73.98839833,77.460846,61.865288,1918.5714,29252.09
40.80364333,-73.9536,74.66911,35.488705,1912.0,26869.303
40.84446,-73.89359333,46.51,15.394192,1959.7858,22868.719
40.83859333,-73.92751833,39.826633,13.903629,1966.5,28034.834
40.82077167,-73.88758833,31.265,12.719303,1914.5834,29706.06
40.774565,-73.95790833,106.825615,72.48846,1923.5625,34109.52
40.78616,-73.94574333,162.61244,28.700687,1958.3334,8169.8813
40.840805,-73.90973,36.68714,11.649408,1953.6428,19944.393
40.83655833,-73.89895667,0.0,-1.0,0.0,0.0
40.79436,-73.948925,106.62334,62.980896,1947.0,32888.52
40.81886667,-73.89852833,49.25,17.1,1948.0,24559.166
40.81846333,-73.89892167,27.678837,0.78639984,1992.0,4608.104
40.80901833,-73.894965,28.895,4.095,1962.5,24239.045
40.81632333,-73.95905167,86.22,0.0,1907.0,18.79306
40.76966,-73.988065,75.444435,17.508291,1930.0,35178.863
40.77465667,-73.95814667,106.825615,72.48846,1923.5625,34109.52
40.80942667,-73.95968167,119.24,60.739536,1904.2858,32232.877
40.774715,-73.95230333,71.03723,43.694714,1930.0435,41749.535
40.80660333,-73.87966833,21.063334,5.9407425,1992.0,13034.583
40.76518667,-73.96921333,83.71426,38.157238,1901.0952,42851.652
40.76985833,-73.98791333,75.444435,17.508291,1930.0,35178.863
40.82072333,-73.887645,31.265,12.719303,1914.5834,29706.06
40.82512667,-73.92759667,73.85,0.0,1928.0,528.8708
40.79444,-73.95475667,0.0,-1.0,0.0,0.0
40.8438,-73.90928667,45.91143,20.744076,1931.9286,33006.58
40.80849833,-73.90280667,13.91186,0.0,2001.0,259.67838
40.83876333,-73.896405,16.11672,0.0,2015.0,1083.486
40.79105833,-73.943345,118.83775,78.48295,1952.6666,16831.254
40.809135,-73.89379667,45.466183,0.0,1962.0,29973.455
40.83860333,-73.92758167,39.826633,13.903629,1966.5,28034.834
40.82962667,-73.929355,29.373875,0.0,2009.0,4189.2095
40.79442333,-73.94887667,106.62334,62.980896,1947.0,32888.52
40.78071333,-73.95904833,181.88142,26.985313,1941.8572,23477.768
40.77465167,-73.95209833,71.03723,43.694714,1930.0435,41749.535
40.78222,-73.98273833,83.91739,45.6747,1896.6522,31136.918
40.769195,-73.98848167,77.460846,61.865288,1918.5714,29252.09
40.81810833,-73.95282333,60.149082,13.299595,1919.25,18610.121
40.82505333,-73.92761833,73.85,0.0,1928.0,528.8708
40.826115,-73.90984333,61.034,32.349987,1975.8,19730.049
40.77417667,-73.98481667,298.61,198.88394,1971.5,33593.812
40.805795,-73.88612167,36.53,0.0,1939.0,6459.4395
40.81779333,-73.89464333,35.833,13.3638935,1950.4,16120.933
40.79587667,-73.954065,0.0,-1.0,0.0,0.0
40.79487333,-73.94844833,82.770836,40.66523,1930.4166,29938.545
40.80943333,-73.95912167,119.24,60.739536,1904.2858,32232.877
40.80831333,-73.96473333,119.715454,40.19112,1915.3636,23304.557
40.80208333,-73.93796167,42.293026,12.300617,1914.0435,25138.406
40.795215,-73.94821333,104.763336,63.795128,1972.3334,30709.188
40.81402333,-73.95698167,94.99834,70.51181,1939.8334,17188.58
40.770145,-73.98765833,130.115,76.965,1973.5,49894.25
40.77503167,-73.95334333,53.174004,10.379275,1924.762,24738.773
40.83627167,-73.89783167,0.0,-1.0,0.0,0.0
40.76979667,-73.95161833,86.00769,74.40765,1938.3077,27895.52
40.8127,-73.88209833,16.472042,1.2842396,1953.0,4331.4575
40.83470833,-73.911355,30.790367,6.387739,1913.5862,26989.203
40.84469167,-73.90652333,32.140778,12.958614,1916.5555,15958.0625
40.81029833,-73.96174333,145.37,36.632874,1905.5,27454.385
40.79424833,-73.954845,0.0,-1.0,0.0,0.0
40.85229167,-73.93846833,65.917496,4.3229866,1926.4286,26293.326
40.79610667,-73.93244833,59.16024,12.244435,1917.0,26449.578
40.834185,-73.91649,47.41857,18.957132,1930.2858,27406.965
40.80401333,-73.95451,62.3128,11.271295,1918.8,41714.53
40.80265333,-73.96290333,76.0,0.0,1900.0,9559.667
40.76455833,-73.95828167,114.014435,85.9567,1936.625,16932.236
40.840695,-73.895195,19.69,0.0,1975.0,2289.1938
40.80008,-73.94478333,64.24875,14.029451,1965.25,27400.354
40.83337667,-73.90266,40.874,15.609667,1934.0,20097.895
40.84419667,-73.89440833,59.03,6.5283585,1923.0,11472.698
40.808575,-73.90281667,13.91186,0.0,2001.0,259.67838
40.76869333,-73.95429333,74.0993,50.764862,1923.7142,47230.94
40.81861,-73.88908167,35.465237,14.784942,1909.9524,32466.916
40.81534,-73.90456667,62.573784,46.281498,1930.1666,16897.8
40.762765,-73.95658667,94.34594,60.174232,1926.7142,16604.074
40.81880333,-73.898605,49.25,17.1,1948.0,24559.166
40.81410333,-73.88737833,33.328094,15.068738,1928.381,27317.717
40.774265,-73.98473833,298.61,198.88394,1971.5,33593.812
40.82134,-73.927855,52.405388,45.49638,1958.4,21724.828
40.84086667,-73.9097,41.64875,20.468143,1925.875,9685.046
40.774745,-73.984385,298.61,198.88394,1971.5,33593.812
40.814255,-73.957215,55.284286,40.817837,1934.7858,47508.965
40.79894167,-73.964235,61.404,5.1280713,1915.2667,39808.09
40.82690167,-73.91369,54.7,7.53,1946.5,13267.754
40.82254333,-73.953395,64.54222,11.783532,1912.1111,19569.816
40.77728833,-73.95733167,70.524414,32.280483,1924.2,44071.953
40.80421833,-73.91549333,102.945,38.035,1943.5,10209.108
40.81152667,-73.880915,0.0,-1.0,0.0,0.0
40.83434333,-73.91990833,62.74625,6.028078,1936.75,36697.395
40.833665,-73.92032667,65.19,4.69906,1933.1666,20366.457
40.82685167,-73.91376333,54.7,7.53,1946.5,13267.754
40.76511333,-73.97042333,131.72058,103.374245,1917.1765,42259.24
40.79196833,-73.94539667,50.968666,3.940158,1913.7667,35592.457
40.811645,-73.94658833,61.38297,15.050437,1955.1111,13219.747
40.81815,-73.89910667,27.678837,0.78639984,1992.0,4608.104
40.80235333,-73.94311667,74.07485,8.369147,1977.0,13346.694
40.801715,-73.96771833,121.41428,59.296806,1938.7142,23514.883
40.83861167,-73.91312333,55.52625,16.250238,1931.875,29270.443
40.823425,-73.888585,43.782524,15.822455,1940.0,32373.533
40.82608167,-73.92573667,66.77,12.661222,1932.125,32301.53
40.79502333,-73.95396167,0.0,-1.0,0.0,0.0
40.82094333,-73.925275,103.94,0.0,1940.0,27388.49
40.814165,-73.88828333,29.966,9.969069,1932.3,10325.857
40.81237833,-73.90457167,33.33127,14.688625,1955.0,19798.969
40.808055,-73.95648833,0.0,-1.0,0.0,0.0
40.77775833,-73.95703833,93.386665,33.08927,1932.0834,37033.64
40.81642667,-73.91415667,38.05,0.0,1993.0,5789.885
40.81249667,-73.88502167,23.584974,6.853668,1946.8572,36904.715
40.83907,-73.91440167,61.717144,18.470951,1920.7142,35147.414
40.81158333,-73.91688333,33.919765,8.062808,1986.5625,19461.066
40.768995,-73.95503667,59.9415,29.199871,1915.1,32169.203
40.80872333,-73.89778667,30.0,0.0,2011.0,50651.73
40.816435,-73.88768667,44.333076,15.611149,1932.0769,18254.254
40.81832667,-73.91684167,38.086205,15.459117,1958.2632,32260.17
40.82156,-73.928015,17.84,2.3122175,1946.25,4835.47
40.83239167,-73.90333667,43.492725,21.48187,1936.4546,16605.238
40.77899667,-73.956075,76.414406,49.31968,1929.2,36198.97
40.82285333,-73.92338333,36.62,0.0,1970.0,20928.309
40.82591333,-73.88873167,57.178333,13.078667,1932.0,22798.637
40.822095,-73.95734167,42.0,0.0,1926.0,6493.37
40.80212,-73.94967,59.14375,24.589384,1953.875,16131.326
40.77415333,-73.95110833,70.332855,47.780045,1927.2778,40760.445
40.81819833,-73.916905,38.086205,15.459117,1958.2632,32260.17
40.82876667,-73.92789,0.0,-1.0,0.0,0.0
40.83191,-73.90241833,57.62375,30.02823,1917.625,21989.357
40.80067333,-73.94677167,92.0675,21.878428,1973.5,25987.932
40.83815,-73.91132167,55.39,10.668533,1953.0,15687.8
40.81517667,-73.88640667,47.915455,23.724152,1929.5454,34228.18
40.80516833,-73.88276167,0.0,-1.0,0.0,0.0
40.76449167,-73.970955,262.05374,136.85071,1924.625,48365.74
40.85323,-73.93840833,0.0,-1.0,0.0,0.0
40.828105,-73.95042167,47.825733,15.3313875,1908.4642,28295.754
40.82235,-73.92029667,217.0,0.0,1964.0,1118.7179
40.82775167,-73.95137667,65.085,1.185,1919.5,1137.3076
40.81825833,-73.89914,27.678837,0.78639984,1992.0,4608.104
40.79999167,-73.94485333,65.603,10.396817,1956.4,30002.576
40.77068333,-73.95094,86.9825,44.313267,1920.125,15314.673
40.828835,-73.928,0.0,-1.0,0.0,0.0
40.85694833,-73.93497,74.73573,4.740091,1960.6,40200.37
40.84130833,-73.900165,24.863293,1.6259918,1984.5,32612.656
40.799435,-73.93549,45.94408,5.026839,1899.8235,13215.282
40.80914,-73.94836,140.19333,108.59099,1925.0,10040.151
40.77655,-73.95611333,120.26041,99.405304,1936.7273,20421.072
40.81604167,-73.958805,86.22,0.0,1907.0,18.79306
40.76301,-73.95662833,94.34594,60.174232,1926.7142,16604.074
40.80950667,-73.89142667,37.4,12.3865795,1956.0,18568.393
40.81802,-73.91336167,91.86185,80.96226,1971.6666,3473.9204
40.84339167,-73.915845,56.23,42.77,1965.0,36463.1
40.80934833,-73.94817,140.19333,108.59099,1925.0,10040.151
40.80691833,-73.90655833,68.415,52.615,1930.0,7935.4033
40.83221833,-73.90327333,43.492725,21.48187,1936.4546,16605.238
40.84225833,-73.92103167,45.585114,18.415821,1977.6,30093.764
40.82040167,-73.91189833,44.47578,22.43278,1975.9,13243.481
40.80402167,-73.90588333,32.59857,16.451603,1942.7142,16504.826
40.826655,-73.90573167,47.414116,17.38748,1949.1333,23434.621
40.802315,-73.96764,121.41428,59.296806,1938.7142,23514.883
40.82497833,-73.91044667,18.555,5.284224,1969.75,8723.347
40.810705,-73.89537667,39.06333,17.260347,1945.6666,14499.818
40.82158833,-73.91118,40.01,27.748514,1964.8572,6717.5654
40.83162167,-73.90675333,63.0149,15.192718,1969.2,18847.893
40.81598167,-73.9144,38.05,0.0,1993.0,5789.885
40.77648833,-73.95602333,120.26041,99.405304,1936.7273,20421.072
40.82165333,-73.95771833,42.0,0.0,1926.0,6493.37
40.81915833,-73.95971333,27.575,7.649714,1930.5,14319.519
40.80439,-73.93966333,51.899136,16.732027,1941.3334,10355.365
40.83409167,-73.91657,47.41857,18.957132,1930.2858,27406.965
40.814715,-73.88372333,23.606667,4.7536254,1952.5,42136.11
40.82550667,-73.92625333,70.548,1.8094463,1927.6,30987.951
40.77490333,-73.958745,77.230125,54.383663,1919.8334,34088.902
40.812295,-73.896195,26.177502,6.8538346,1955.6666,32983.81
40.81901,-73.90958667,36.02,10.8133,1933.1666,13574.744
40.81774,-73.95390833,87.76063,46.74109,1924.9166,26627.963
40.80501833,-73.94762833,55.413113,10.503777,1894.3529,23333.652
40.83684667,-73.92711167,37.31923,16.081665,1934.75,7382.2573
40.770995,-73.950715,86.9825,44.313267,1920.125,15314.673
40.81086667,-73.95317667,61.77667,27.869396,1923.0834,35815.664
40.828295,-73.95087,47.825733,15.3313875,1908.4642,28295.754
40.80816,-73.95641667,54.935223,7.483145,1912.5333,22526.146
40.81243,-73.90501167,33.919968,17.689285,1966.9,24257.867
40.83909667,-73.91447333,44.298,22.816711,1931.2,34004.914
40.76700667,-73.95641333,167.41333,86.26322,1952.1666,34439.7
40.79254,-73.94682833,57.87154,14.386318,1916.4615,36700.22
40.83526833,-73.90144833,62.6,12.169351,1936.0,14826.603
40.856515,-73.93510667,71.61,9.209336,1938.8,41782.086
40.82633333,-73.95026,48.984,16.955763,1915.2,20634.457
40.803115,-73.96389833,93.16428,30.54487,1911.0,17530.39
40.820025,-73.92680833,42.438,12.461647,1935.4,14337.376
40.82212667,-73.949935,57.675335,13.454721,1910.8,27018.537
40.791905,-73.94524667,50.968666,3.940158,1913.7667,35592.457
40.81447167,-73.95747833,106.684,71.17705,1938.8,21076.414
40.85225667,-73.938315,65.917496,4.3229866,1926.4286,26293.326
40.81508167,-73.886315,47.915455,23.724152,1929.5454,34228.18
40.80809,-73.90274667,13.91186,0.0,2001.0,259.67838
40.80122333,-73.94783333,107.21,30.379044,1975.8334,42073.99
40.82135,-73.91785333,88.96,49.55,1961.0,14304.22
40.82991833,-73.90180167,51.77421,14.767129,1928.3158,33088.445
40.83694667,-73.92715333,37.31923,16.081665,1934.75,7382.2573
40.813395,-73.90709,32.881554,21.442936,1936.5555,24242.064
40.81255667,-73.90569167,41.060303,19.031006,1975.6,20385.068
40.77214333,-73.94996833,172.43225,68.648865,1962.8572,31016.717
40.81817667,-73.95628833,45.47695,35.403942,1952.3334,33216.55
40.80300167,-73.94262,81.653244,44.346756,1975.5,15574.411
40.80516167,-73.885985,0.0,-1.0,0.0,0.0
40.80783667,-73.95663667,72.46172,12.792159,1918.2,12191.343
40.80955,-73.89108,31.545,12.977373,1953.5,2707.9067
40.819325,-73.90856667,31.220715,13.048718,1978.6428,22039.35
40.80825667,-73.95634833,54.935223,7.483145,1912.5333,22526.146
40.80397833,-73.905805,32.59857,16.451603,1942.7142,16504.826
40.77099333,-73.99316333,171.4175,158.68063,1976.5,52486.36
40.83135333,-73.91834667,62.851112,6.760145,1923.6666,32601.004
40.81414167,-73.88836667,29.966,9.969069,1932.3,10325.857
40.8254,-73.94795,57.373333,6.498579,1913.6666,29343.803
40.80539333,-73.94740833,61.159233,19.401892,1890.4117,19585.87
40.81538333,-73.89838333,55.76183,9.470268,1933.5385,31315.27
40.81696333,-73.88806167,37.217007,16.327509,1960.3334,28296.549
40.83609333,-73.92751,45.99164,17.172924,1919.4286,22684.36
40.82275167,-73.92344167,68.755,31.840025,1966.0,21734.168
40.82993833,-73.92994333,29.373875,0.0,2009.0,34262.332
40.82039667,-73.892005,41.692932,27.691647,1952.4,15263.596
40.81598,-73.958745,86.22,0.0,1907.0,18.79306
40.817515,-73.89825,47.65357,14.870213,1917.5834,28107.213
40.83765167,-73.8973,0.0,-1.0,0.0,0.0
40.83061667,-73.907355,41.061283,17.164658,1945.5714,22200.512
40.77056833,-73.99219333,292.0,172.98169,2010.6666,46319.695
40.809575,-73.890005,20.801666,4.9155855,1936.6666,25101.545
40.825195,-73.88873667,41.22,16.927416,1962.0,12904.644
40.80363167,-73.96696,79.53125,51.519688,1943.5,23169.51
40.77238,-73.94979667,113.18757,109.854904,1928.9,27322.451
40.80240833,-73.967625,121.41428,59.296806,1938.7142,23514.883
40.8267,-73.91402,54.7,7.53,1946.5,13267.754
40.83859667,-73.92663333,44.592987,15.68865,1942.2,12128.612
40.80629333,-73.889,28.97,7.2979,1957.0,22149.021
40.840655,-73.90162333,33.428642,3.5013583,1985.0,37285.81
40.81513667,-73.88382333,20.22,5.4546494,1974.6666,37290.324
40.81886667,-73.95991167,27.575,7.649714,1930.5,14319.519
40.82002667,-73.90819833,27.936035,8.077382,1976.4828,18547.457
40.82146167,-73.92796333,17.84,2.3122175,1946.25,4835.47
40.813665,-73.94582167,44.715332,7.6155543,1911.3778,33588.223
40.81824167,-73.91688167,38.086205,15.459117,1958.2632,32260.17
40.81805667,-73.91344833,91.86185,80.96226,1971.6666,3473.9204
40.83864333,-73.91319,55.52625,16.250238,1931.875,29270.443
40.81979333,-73.90831333,45.89499,9.868365,1923.8572,7442.6934
40.80110833,-73.94402167,40.05909,11.256675,1994.3636,19823.504
40.82469667,-73.91057667,130.05263,3.142217,2008.0,11916.447
40.80343833,-73.96708833,79.53125,51.519688,1943.5,23169.51
40.83186833,-73.90664667,63.0149,15.192718,1969.2,18847.893
40.80724,-73.906675,0.0,-1.0,0.0,0.0
40.82268,-73.95321333,64.54222,11.783532,1912.1111,19569.816
40.768935,-73.95505833,59.9415,29.199871,1915.1,32169.203
40.83277167,-73.903065,43.492725,21.48187,1936.4546,16605.238
40.82208667,-73.910895,40.01,27.748514,1964.8572,6717.5654
40.8232,-73.92321333,88.9325,75.175735,1962.75,30592.102
40.819245,-73.913715,42.828777,10.988415,1938.4166,38351.715
40.83648333,-73.92732,37.31923,16.081665,1934.75,7382.2573
40.83076167,-73.91877,63.406666,5.346345,1921.1666,30312.479
40.81623167,-73.89753667,44.50708,12.783219,1909.579,36873.9
40.82138167,-73.91799833,88.96,49.55,1961.0,14304.22
40.80097333,-73.94412833,40.05909,11.256675,1994.3636,19823.504
40.806535,-73.88917833,28.97,7.2979,1957.0,22149.021
40.84036333,-73.90180333,33.428642,3.5013583,1985.0,37285.81
40.81302833,-73.90721167,52.050316,14.205412,1926.5714,24014.693
40.804805,-73.88511833,17.043333,5.5783052,1968.6666,10476.258
40.83454333,-73.91979,56.83311,14.147644,1922.8182,38875.098
40.83864667,-73.926155,44.592987,15.68865,1942.2,12128.612
40.79501,-73.95398833,0.0,-1.0,0.0,0.0
40.80662333,-73.94895833,51.306507,6.535575,1889.4445,40678.996
40.81745333,-73.89815667,47.65357,14.870213,1917.5834,28107.213
40.84501833,-73.91352333,54.216667,17.345436,1937.0,19268.807
40.82098,-73.88721,31.265,12.719303,1914.5834,29706.06
40.817855,-73.95652667,53.002857,16.04569,1913.4286,27235.9
40.79483167,-73.95433667,0.0,-1.0,0.0,0.0
40.77713667,-73.957435,70.524414,32.280483,1924.2,44071.953
40.81925333,-73.90859833,31.220715,13.048718,1978.6428,22039.35
40.81244,-73.89488,23.837143,4.0201516,1945.5714,37520.36
40.76173167,-73.96657,305.756,262.29718,1968.2,43621.82
40.82695167,-73.94724833,59.674286,5.7692657,1925.3334,40198.56
40.78497667,-73.94679,105.88864,111.07452,1945.2,12728.604
40.8219,-73.888435,0.0,-1.0,0.0,0.0
40.82236,-73.95447667,56.295776,14.00018,1908.36,38631.5
40.81788667,-73.95979833,0.0,-1.0,0.0,0.0
40.83744,-73.89967667,30.32,0.8,1995.0,3034.973
40.82527167,-73.888725,41.22,16.927416,1962.0,12904.644
40.84128667,-73.92176167,36.711483,16.192863,1986.75,11490.02
40.80174667,-73.949105,71.096306,27.120226,1949.5,49326.574
40.84341333,-73.91587667,56.23,42.77,1965.0,36463.1
40.82013167,-73.88858,31.717691,14.593642,1911.7693,17567.06
40.83858167,-73.92720833,39.826633,13.903629,1966.5,28034.834
40.822655,-73.9235,68.755,31.840025,1966.0,21734.168
40.83583,-73.9024,38.205906,17.288889,1949.0,15348.599
40.804945,-73.94767833,55.413113,10.503777,1894.3529,23333.652
40.82152833,-73.95045333,59.236427,18.044344,1916.3572,35293.32
40.81788167,-73.91705833,38.086205,15.459117,1958.2632,32260.17
40.81590167,-73.91444167,38.05,0.0,1993.0,5789.885
40.76961833,-73.989665,179.2412,74.123024,1965.1666,45212.75
40.83799667,-73.9277,44.12519,19.199738,1946.2727,21795.938
40.82614,-73.88897,57.178333,13.078667,1932.0,22798.637
40.83855167,-73.90213833,29.617,6.631611,1988.05,21204.318
40.76470333,-73.97289833,361.03,169.87,1945.0,7308.804
40.85557833,-73.93567,77.476,8.373514,1946.4,15437.618
40.82728667,-73.92505,39.863335,19.097843,1933.5555,31408.85
40.82537,-73.9076,44.2698,10.383826,1974.0667,20774.809
40.8224,-73.95227333,54.65,13.436453,1918.9231,37934.438
40.84207833,-73.92109333,45.585114,18.415821,1977.6,30093.764
40.82969667,-73.90787,43.052895,14.836413,1946.3077,30663.172
40.81185167,-73.925565,39.656,15.982245,1931.2,21501.848
40.80381,-73.92020333,40.684444,14.27898,1940.6666,25010.434
40.81133333,-73.91703333,71.69703,53.61661,1965.125,16713.59
40.83927167,-73.91502,44.298,22.816711,1931.2,34004.914
40.81451333,-73.91529833,41.28159,20.845955,1968.9231,28915.63
40.80464333,-73.95131833,62.56484,5.8394413,1916.2667,19530.184
40.83100833,-73.90041833,40.034065,13.907333,1928.7693,30779.545
40.804365,-73.90781667,32.28,6.195418,1957.3334,31240.916
40.80860167,-73.96556,98.641884,40.92072,1914.25,31952.576
40.81764833,-73.91344333,0.0,-1.0,0.0,0.0
40.80523167,-73.94750333,52.65222,9.272121,1893.8334,28650.959
40.814055,-73.91556,42.897896,17.279997,1967.6842,23416.6
40.80491833,-73.88591667,0.0,-1.0,0.0,0.0
40.82062667,-73.91577333,52.934,20.299486,1949.7,22448.184
40.80379833,-73.942,91.92134,34.078655,1991.5,26045.61
40.81059333,-73.92731333,48.57,15.860301,1931.0,6490.3726
40.85748,-73.929665,83.22143,46.7447,1926.8572,20355.7
40.81254,-73.95325333,53.49565,12.953047,1911.3478,28872.215
40.832545,-73.93138833,55.991756,24.133648,1953.5,29927.379
40.827805,-73.90421,53.635,17.9234,1915.5,14751.902
40.82658,-73.950725,52.76861,20.31529,1916.7858,27732.025
40.81372333,-73.90694833,32.881554,21.442936,1936.5555,24242.064
40.76460167,-73.97295833,361.03,169.87,1945.0,7308.804
40.82172333,-73.91921833,133.98334,8.177491,1957.3334,11053.561
40.813085,-73.92314833,82.87,80.476425,1944.0,10089.754
40.81392,-73.88961,42.47286,22.533808,1955.8572,21929.594
40.76980833,-73.99017,179.2412,74.123024,1965.1666,45212.75
40.831875,-73.90232333,57.62375,30.02823,1917.625,21989.357
40.81767667,-73.92969667,115.5,4.5,2017.0,15571.537
40.81320333,-73.94546167,58.66413,15.413646,1924.3846,28757.053
40.81345333,-73.885275,27.142612,5.862458,1930.6842,20565.332
40.81961667,-73.95940167,38.745,4.091946,1931.5,24441.428
40.81814,-73.95471,73.71429,53.569057,1927.5714,15739.833
40.81944333,-73.911395,98.01,61.99,1985.5,18105.39
40.83071167,-73.92000667,109.245,96.445,1962.0,21183.281
40.76987667,-73.99035333,179.2412,74.123024,1965.1666,45212.75
40.80345167,-73.94227,0.0,-1.0,0.0,0.0
40.81725667,-73.92993167,139.8,0.0,1923.0,7889.21
40.83688833,-73.927115,37.31923,16.081665,1934.75,7382.2573
40.82800833,-73.95013833,53.31106,25.986586,1921.2,27475.36
40.83146667,-73.90118833,39.17154,20.83562,1934.2307,27951.576
40.76247333,-73.96804833,128.92,116.79625,1926.9166,40876.34
40.82784333,-73.92565667,21.453333,9.3786955,1971.5,9938.658
40.82799667,-73.95005,53.31106,25.986586,1921.2,27475.36
40.84351333,-73.91987667,49.520218,22.06574,1924.75,18215.459
40.812365,-73.91644667,30.562414,4.5777993,1984.2413,19008.717
40.81402833,-73.88888833,42.93834,19.765518,1949.091,28808.074
40.81474,-73.91512167,41.28159,20.845955,1968.9231,28915.63
40.83737667,-73.92747833,44.12519,19.199738,1946.2727,21795.938
40.814145,-73.94713667,49.158485,15.100596,1912.9395,32763.967
40.82126833,-73.95832667,35.657368,0.0,1939.0,531.56146
40.83437667,-73.92855167,39.71593,17.682732,1915.5,18080.715
40.80862333,-73.96563667,98.641884,40.92072,1914.25,31952.576
40.81327333,-73.92282667,66.874,39.938488,1934.4,14364.344
40.81744,-73.88834167,37.217007,16.327509,1960.3334,28296.549
40.82336833,-73.89170167,46.365383,13.618579,1920.9231,35584.535
40.85924333,-73.932395,59.0,0.5,1951.0,1540.6765
40.814825,-73.919775,30.36158,16.11952,1937.4736,33746.316
40.81404333,-73.88878,42.93834,19.765518,1949.091,28808.074
40.764625,-73.97295167,361.03,169.87,1945.0,7308.804
40.80459167,-73.90818667,32.28,6.195418,1957.3334,31240.916
40.813245,-73.92286667,66.874,39.938488,1934.4,14364.344
40.81278833,-73.91622,41.034706,18.485144,1978.7059,24858.246
40.80390167,-73.92041333,40.684444,14.27898,1940.6666,25010.434
40.81099833,-73.90983333,34.45,0.0,1965.0,48528.81
40.82724,-73.925075,39.863335,19.097843,1933.5555,31408.85
40.83019833,-73.91389667,60.768234,1.1718423,1920.2354,32038.178
40.80953333,-73.94804833,140.19333,108.59099,1925.0,10040.151
40.82303667,-73.891675,46.365383,13.618579,1920.9231,35584.535
40.83259333,-73.93136167,55.991756,24.133648,1953.5,29927.379
40.83463667,-73.92967333,53.32798,33.978348,1947.7142,12897.237
40.82489667,-73.908085,44.2698,10.383826,1974.0667,20774.809
40.81839333,-73.95611833,45.47695,35.403942,1952.3334,33216.55
40.76263,-73.968215,128.92,116.79625,1926.9166,40876.34
40.829785,-73.93088833,29.373875,0.0,2009.0,2484.8423
40.7619,-73.96700833,305.756,262.29718,1968.2,43621.82
40.81083,-73.91734333,66.566605,36.449158,1960.7142,20894.879
40.82111167,-73.88534,18.575714,4.6798162,1944.7142,38755.82
40.82645,-73.95061333,48.984,16.955763,1915.2,20634.457
40.81158833,-73.92607,39.656,15.982245,1931.2,21501.848
40.80337,-73.94233333,81.653244,44.346756,1975.5,15574.411
40.83911833,-73.92587,46.212982,14.734641,1964.75,32403.105
40.808745,-73.947835,69.09433,28.659105,1920.5,39821.258
40.82117667,-73.88607833,27.91062,8.337524,1931.6,19324.805
40.81264667,-73.95296333,53.49565,12.953047,1911.3478,28872.215
40.81564,-73.95690833,47.36786,15.724493,1916.9286,24444.104
40.825845,-73.94897667,58.478573,13.731192,1919.1428,36525.74
40.81370333,-73.94867167,134.34386,82.06823,1930.4286,13923.07
40.82844833,-73.92735333,0.0,-1.0,0.0,0.0
40.81333667,-73.92272167,66.874,39.938488,1934.4,14364.344
40.83042667,-73.91376333,60.768234,1.1718423,1920.2354,32038.178
40.84415667,-73.89739333,0.0,-1.0,0.0,0.0
40.81791833,-73.95433833,87.76063,46.74109,1924.9166,26627.963
40.821515,-73.91852333,134.70334,7.159396,1957.3334,13123.337
40.80163333,-73.94363333,43.714237,13.920974,1996.8572,32741.031
40.80132833,-73.943845,43.714237,13.920974,1996.8572,32741.031
40.834315,-73.92837667,39.71593,17.682732,1915.5,18080.715
40.81921667,-73.91067833,33.89722,7.9398165,1952.7778,14220.97
40.84013167,-73.92539667,71.83791,17.419796,1939.6666,19072.023
40.81359,-73.88531167,27.142612,5.862458,1930.6842,20565.332
40.82975667,-73.90783333,43.052895,14.836413,1946.3077,30663.172
40.815735,-73.89806167,55.76183,9.470268,1933.5385,31315.27
40.81234667,-73.95340167,53.49565,12.953047,1911.3478,28872.215
40.82249167,-73.95271167,54.65,13.436453,1918.9231,37934.438
40.814285,-73.89131167,19.163,3.9601011,1935.4,27330.018
40.82158333,-73.918755,134.70334,7.159396,1957.3334,13123.337
40.81678333,-73.93015333,139.8,0.0,1923.0,7889.21
40.823105,-73.89168,46.365383,13.618579,1920.9231,35584.535
40.83219333,-73.93154167,86.971436,33.64238,1929.0,1957.2903
40.76427,-73.97202167,265.33444,157.57542,1935.4445,50591.574
40.84482833,-73.90945333,67.4775,3.7682648,1927.0,16988.318
40.80729333,-73.92837833,60.872,25.97764,1946.0,20686.762
40.80452333,-73.92188333,43.960464,25.680233,1966.0,20578.195
40.80339667,-73.93818667,53.759884,8.847588,1907.5,14950.628
40.81888,-73.91659167,35.81371,18.665085,1966.7858,25150.062
40.81246833,-73.94955167,58.98882,37.08358,1933.2,21957.348
40.81404833,-73.94690333,45.535908,15.92852,1909.9714,24272.324
40.82136167,-73.92833,17.84,2.3122175,1946.25,4835.47
40.80635667,-73.889095,28.97,7.2979,1957.0,22149.021
40.82911,-73.90821167,39.723763,16.980988,1931.2,13719.464
40.82586,-73.88949,60.634167,2.9537334,1913.4166,36167.336
40.85877333,-73.93146,57.7,18.16779,1950.8572,20389.936
40.81028333,-73.92198167,38.991764,10.585825,1926.6471,22741.883
40.79804167,-73.95286667,0.0,-1.0,0.0,0.0
40.80984,-73.92785833,36.439,17.981983,1938.7,22993.484
40.80361167,-73.95214667,87.42735,11.35112,1907.75,7985.003
40.76284333,-73.96785833,128.983,111.27428,1929.4,29625.83
40.814625,-73.89142833,19.163,3.9601011,1935.4,27330.018
40.81647667,-73.887725,44.333076,15.611149,1932.0769,18254.254
40.83364,-73.89647333,43.69909,13.097483,1913.091,17215.625
40.80329833,-73.94238167,81.653244,44.346756,1975.5,15574.411
40.83959167,-73.92559,46.212982,14.734641,1964.75,32403.105
40.83264333,-73.931335,55.991756,24.133648,1953.5,29927.379
40.82449333,-73.91015167,130.05263,3.142217,2008.0,11916.447
40.82129,-73.92834,17.84,2.3122175,1946.25,4835.47
40.81275833,-73.90656667,52.050316,14.205412,1926.5714,24014.693
40.769775,-73.99008833,179.2412,74.123024,1965.1666,45212.75
40.82084,-73.9158,52.934,20.299486,1949.7,22448.184
40.82761833,-73.94916167,69.28874,9.620556,1926.6666,31385.025
40.81524667,-73.95805167,54.6675,18.624184,1913.75,33411.97
40.81829,-73.92945667,38.745,32.607357,1949.3334,55485.65
40.81127667,-73.909725,34.45,0.0,1965.0,48528.81
40.77451333,-73.95420833,59.229553,27.039074,1920.7142,21465.648
40.80468333,-73.90828667,29.13,6.257776,1944.2,26454.11
40.82680833,-73.94690333,59.674286,5.7692657,1925.3334,40198.56
40.844145,-73.89735667,0.0,-1.0,0.0,0.0
40.82030833,-73.92698667,35.10294,5.6849084,1907.1177,29512.207
40.839385,-73.91536,39.731113,19.454279,1937.9,41138.637
40.842035,-73.92112333,45.585114,18.415821,1977.6,30093.764
40.81553333,-73.95826667,65.31164,24.608517,1927.5,13971.919
40.81315833,-73.88520667,23.584974,6.853668,1946.8572,36904.715
40.81298167,-73.94563,58.66413,15.413646,1924.3846,28757.053
40.815525,-73.93056167,26.24,0.0,1930.0,3091.4646
40.803695,-73.91987833,40.684444,14.27898,1940.6666,25010.434
40.80816,-73.90797167,59.22333,17.09593,1921.6666,29463.326
40.85690667,-73.93263833,73.389915,4.9665,1944.875,37426.25
40.82208167,-73.92028833,37.0,0.0,1952.0,15806.6
40.80601,-73.92541,116.23363,9.234965,2009.0,25861.094
40.810435,-73.92186333,38.991764,10.585825,1926.6471,22741.883
40.809095,-73.91836833,39.26386,17.549486,1960.6666,16426.914
40.82474667,-73.89153833,35.502502,16.013144,1921.875,31963.11
40.81019667,-73.90880333,24.363636,5.5035596,1910.4546,24354.633
40.83842,-73.916895,64.12,7.2227125,1931.7778,31478.162
40.809715,-73.90743667,28.768888,14.815262,1925.6666,37963.95
40.81009,-73.927665,149.63,0.0,1964.0,6281.786
40.83448,-73.930355,37.70798,14.501334,1950.75,27057.014
40.812825,-73.94932167,58.98882,37.08358,1933.2,21957.348
40.80444333,-73.91893833,42.23,6.38,1955.0,610.7826
40.80334667,-73.95302833,78.4275,31.528997,1916.4166,40020.414
40.82368333,-73.89173,46.365383,13.618579,1920.9231,35584.535
40.82123,-73.88556,18.575714,4.6798162,1944.7142,38755.82
40.8046,-73.94143833,76.9037,3.9662948,1956.0,1619.1381
40.81237667,-73.949585,58.98882,37.08358,1933.2,21957.348
40.80978667,-73.92964,29.591429,13.775316,1955.7142,29656.113
40.85893667,-73.93136667,51.614,22.37392,1939.2,27391.691
40.82996,-73.93151333,0.0,-1.0,0.0,0.0
40.819655,-73.89152167,39.355,16.696228,1946.625,26928.453
40.81330167,-73.88524333,27.142612,5.862458,1930.6842,20565.332
40.85518833,-73.93694167,49.271427,27.1808,1932.2858,41078.61
40.83255833,-73.89838167,54.95662,9.82764,1920.5385,27099.56
40.81559833,-73.91829333,48.203636,24.721897,1924.7273,25424.639
40.80924333,-73.91826167,39.26386,17.549486,1960.6666,16426.914
40.80470333,-73.91885167,143.2489,0.0,1961.0,7743.4346
40.82197333,-73.92003167,37.0,0.0,1952.0,15806.6
40.815235,-73.95663333,47.36786,15.724493,1916.9286,24444.104
40.85529333,-73.93583333,77.476,8.373514,1946.4,15437.618
40.803095,-73.93839333,53.759884,8.847588,1907.5,14950.628
40.8145,-73.918875,46.628887,15.299149,1948.7778,22175.766
40.81526667,-73.93057833,26.24,0.0,1930.0,3091.4646
40.80337333,-73.95308667,78.4275,31.528997,1916.4166,40020.414
40.814035,-73.955765,42.82895,16.005196,1919.3158,29358.094
40.82389167,-73.89176333,46.365383,13.618579,1920.9231,35584.535
40.80461833,-73.91887833,143.2489,0.0,1961.0,7743.4346
40.83068,-73.91359833,60.768234,1.1718423,1920.2354,32038.178
40.85740833,-73.93059667,54.173126,11.857319,1927.1875,29275.125
40.83454167,-73.93030167,37.70798,14.501334,1950.75,27057.014
40.83276167,-73.89810667,54.95662,9.82764,1920.5385,27099.56
40.857455,-73.93031667,83.22143,46.7447,1926.8572,20355.7
40.80481167,-73.91867167,143.2489,0.0,1961.0,7743.4346
40.77010667,-73.99117,195.20523,117.27477,1954.0,43459.02
40.81252333,-73.95107667,66.22765,8.781838,1911.4445,19245.596
40.83233667,-73.89868,44.583076,15.897387,1936.0,20018.709
40.80829667,-73.94681833,63.383335,49.17282,1971.8334,44675.7
40.81456,-73.91882667,46.628887,15.299149,1948.7778,22175.766
40.81517333,-73.91906333,33.49497,11.568813,1940.9333,25174.61
40.82887833,-73.908305,39.078762,19.346416,1933.6,7806.379
40.85512833,-73.93696833,49.271427,27.1808,1932.2858,41078.61
40.77016833,-73.99154333,158.13011,165.32196,1953.25,31479.025
40.81960833,-73.913395,46.452045,26.106953,1966.3,41729.48
40.81500833,-73.91942333,33.49497,11.568813,1940.9333,25174.61
40.85722,-73.93105167,54.173126,11.857319,1927.1875,29275.125
40.85552167,-73.936775,66.002,18.06479,1934.8,25214.412
40.81204167,-73.94990333,83.134,45.85739,1945.2,12862.355
40.85583333,-73.93666333,66.002,18.06479,1934.8,25214.412
40.828855,-73.90831667,39.078762,19.346416,1933.6,7806.379
40.81432167,-73.89132167,19.163,3.9601011,1935.4,27330.018
40.85713333,-73.93130333,54.173126,11.857319,1927.1875,29275.125
40.81675667,-73.89203333,53.856667,53.808147,1956.6666,12892.996
40.80973833,-73.92792667,36.439,17.981983,1938.7,22993.484
40.80423333,-73.91932333,34.313,14.319406,1944.9,27392.31
40.81467667,-73.91854833,46.628887,15.299149,1948.7778,22175.766
40.82145,-73.95812833,42.0,0.0,1926.0,6493.37
40.81442,-73.95597,46.81214,15.111703,1918.3572,24432.053
40.856415,-73.93626,84.528336,31.899893,1935.0,21639.367
40.77018333,-73.99162667,158.13011,165.32196,1953.25,31479.025
40.82824,-73.9269,0.0,-1.0,0.0,0.0
40.80425167,-73.92123667,26.076975,11.905093,1931.0,13447.786
40.84107,-73.89917,61.17437,37.93707,1950.0,27730.783
40.82164667,-73.88878333,93.874466,0.0,1924.0,3715.1682
40.82412667,-73.90921167,88.266365,48.837566,1977.625,20988.191
40.80909833,-73.92884,32.822727,12.051224,1928.6364,17174.844
40.82503167,-73.89103333,45.092857,25.29589,1922.5714,13764.119
40.818105,-73.91491,40.16373,22.073105,1933.4546,31058.32
40.80627833,-73.92616,53.291367,24.715,1926.0476,22461.855
40.80845833,-73.94718333,63.383335,49.17282,1971.8334,44675.7
40.81610667,-73.91743333,52.105,23.265825,1925.5,23608.9
40.80555833,-73.91445333,35.3475,17.520773,1929.0834,26137.393
40.817195,-73.91591667,45.404037,19.796335,1931.0,41560.594
40.814215,-73.91909667,30.36158,16.11952,1937.4736,33746.316
40.81357667,-73.93051833,0.0,-1.0,0.0,0.0
40.80937,-73.90755667,34.81,22.92334,1926.0834,25044.285
40.81619667,-73.91728,52.105,23.265825,1925.5,23608.9
40.82432,-73.891795,35.502502,16.013144,1921.875,31963.11
40.82969667,-73.93133,29.373875,0.0,2009.0,2484.8423
40.85721333,-73.93543667,66.532646,2.2138076,1943.0,24058.588
40.82498333,-73.89111167,45.092857,25.29589,1922.5714,13764.119
40.81428833,-73.93073,61.006077,0.0,2006.0,4848.5786
40.82487,-73.89134,28.347143,11.369096,1941.0,14746.789
40.818625,-73.89255833,41.776154,15.280152,1932.5385,29445.102
40.857525,-73.93105667,54.173126,11.857319,1927.1875,29275.125
40.80445,-73.91175833,37.066666,19.411566,1924.0,7255.25
40.80843333,-73.94712167,63.383335,49.17282,1971.8334,44675.7
40.85603167,-73.933035,41.21,26.817139,1949.4,17071.102
40.813145,-73.909155,82.03029,68.80317,1937.0,12798.643
40.81104333,-73.92142333,47.992725,30.856604,1944.091,27937.105
40.81352833,-73.9304,0.0,-1.0,0.0,0.0
40.80903667,-73.92879167,32.822727,12.051224,1928.6364,17174.844
40.80518333,-73.91342167,48.615,15.306723,1933.3334,19895.61
40.812905,-73.92964667,0.0,-1.0,0.0,0.0
40.80898833,-73.92874167,27.57,13.626176,1930.8,11090.327
40.81502667,-73.91809667,48.203636,24.721897,1924.7273,25424.639
40.854865,-73.93569667,71.635,6.6132565,1954.0,35149.76
40.81855,-73.89262167,35.908,1.022495,1906.8,3260.5762
40.81827167,-73.91469833,40.16373,22.073105,1933.4546,31058.32
40.81395,-73.93084667,0.0,-1.0,0.0,0.0
40.85452333,-73.93458833,53.408333,21.562107,1948.8334,33756.35
40.80894167,-73.92854167,27.57,13.626176,1930.8,11090.327
40.80492667,-73.912115,30.974535,1.2054654,1971.5,7747.94
40.82198,-73.911665,40.01,27.748514,1964.8572,6717.5654
40.81380333,-73.91938833,31.005384,12.323826,1947.4615,29820.3
40.83317833,-73.93103333,47.88896,15.92206,1925.909,21702.418
40.85454167,-73.93464667,53.408333,21.562107,1948.8334,33756.35
40.81541333,-73.91722333,33.28923,13.676451,1937.2307,35087.023
40.80440167,-73.911645,37.066666,19.411566,1924.0,7255.25
