lat,long,var_res30,building_area_per_pixel_res30,
40.78876333,-73.971665,2.0666666,0.24463356,0.0
40.788875,-73.97192833,2.0666666,0.0065634563,0.0
40.78908,-73.96708,nan,0.46243325,0.0
40.78908167,-73.97255,2.3636668,0.19948184,0.0
40.78795333,-73.96969667,1.6443036,0.24583545,0.0
40.78418333,-73.97021167,2.1379838,0.030961495,0.0
40.78470833,-73.96975167,0.0,0.0,0.0
40.78886333,-73.96676667,3.0498908,0.22087015,0.0
40.788585,-73.97130333,2.9333334,0.30415827,0.0
40.78418333,-73.966635,0.0,0.0,0.0
40.78182667,-73.98672167,0.0,0.0,0.0
40.81512333,-73.95032333,0.0,0.0,0.0
40.76774167,-73.98230833,0.0,0.0,0.0
40.78370667,-73.96508333,0.0,0.0,0.0
40.77094667,-73.97968333,0.0,0.0,0.0
40.79593833,-73.95570333,0.0,0.0,0.0
40.78512667,-73.97289167,2.0,0.024186907,0.0
40.78309833,-73.95583833,5.0875554,0.25608203,0.0
40.781915,-73.96325,0.0,0.0,0.0
40.777375,-73.94459,1.6827724,0.2545923,0.0
40.78476,-73.97195,1.9794999,0.5182059,0.0
40.781725,-73.94579667,4.1355715,0.00014316064,0.0
40.78740333,-73.98071167,nan,0.5119138,0.0
40.758905,-73.96015833,0.0,0.0,0.0
40.78264333,-73.98460333,2.1578276,0.16296762,0.0
40.79036333,-73.97688333,4.6214814,0.0064310976,0.0
40.81563833,-73.94998833,6.107143,0.025134152,0.0
40.77889,-73.94784,2.5142858,0.07187765,0.0
40.78934667,-73.973275,4.384333,0.09570789,0.0
40.79867333,-73.95970667,0.0,0.0,0.0
40.78009,-73.94704833,1.1712773,0.0013558929,0.0
40.76795333,-73.982415,10.514706,0.0014600467,0.0
40.78694667,-73.97984667,2.7473333,0.36239132,0.0
40.78111,-73.98738167,0.0,0.0,0.0
40.789975,-73.97607667,3.8593333,0.426378,0.0
40.79138333,-73.96195667,0.0,0.0,0.0
40.78667,-73.97963,nan,0.55714417,0.0
40.78251333,-73.95438833,3.7034,0.21562788,0.0
40.79177333,-73.96295833,0.0,0.0,0.0
40.790355,-73.941705,1.1010834,0.04309546,0.0
40.78309667,-73.98581667,0.0,0.0,0.0
40.79022,-73.96991,nan,0.60019493,0.0
40.79833667,-73.95996333,1.6189344,0.030590292,0.0
40.76804,-73.98242,0.0,0.0,0.0
40.77158667,-73.97728333,0.0,0.0,0.0
40.77291833,-73.94637333,6.2816668,0.008259094,0.0
40.79016,-73.96973667,nan,0.60019493,0.0
40.796185,-73.95559167,0.0,0.0,0.0
40.75887667,-73.96010333,2.101,0.33885285,0.0
40.78978167,-73.97565,3.6105716,0.13822964,0.0
40.79883167,-73.95958667,1.1458209,0.1682095,0.0
40.81433333,-73.95093167,nan,0.587506,0.0
40.76942167,-73.98085833,3.557377,0.008184572,0.0
40.78273833,-73.96359333,0.0,0.0,0.0
40.78117,-73.96236,0.0,0.0,0.0
40.76812833,-73.98243167,0.0,0.0,0.0
40.78737833,-73.98065667,nan,0.5360384,0.0
40.79151333,-73.96223833,0.0,0.0,0.0
40.784905,-73.97228167,1.9668572,0.25000465,0.0
40.78302333,-73.984475,1.4438202,1.6918026e-06,0.0
40.78964,-73.97515667,3.475,0.13773161,0.0
40.78093667,-73.96217833,nan,0.0,0.0
40.7896,-73.95764833,0.0,0.0,0.0
40.84138833,-73.89286,0.0,0.0,0.0
40.78989667,-73.95836333,0.0,0.0,0.0
40.79522,-73.93310667,1.1584746,0.024452245,0.0
40.80721667,-73.898815,0.67130435,0.01726692,0.0
40.78651667,-73.975995,1.5003296,0.07589871,0.0
40.78789333,-73.98061167,nan,0.4387644,0.0
40.807085,-73.96706333,0.0,0.0,0.0
40.79345333,-73.96702333,2.075066,0.0013997456,0.0
40.77439333,-73.98249667,8.4,0.2648536,0.0
40.79726333,-73.95459,0.0,0.0,0.0
40.79543,-73.93384167,0.9062778,0.049135614,0.0
40.78633833,-73.97887167,nan,0.50652844,0.0
40.78922667,-73.98053,4.3258333,0.16801275,0.0
40.79635667,-73.9723,3.786885,0.1339712,0.0
40.785675,-73.98471,0.0,0.0,0.0
40.77546,-73.98227833,0.0,0.0,0.0
40.78637333,-73.94239,0.0,0.0,0.0
40.78618,-73.97824333,3.8935,0.00056487165,0.0
40.78652667,-73.97923667,nan,0.6258339,0.0
40.79070667,-73.977965,2.0720491,0.5155799,0.0
40.78925667,-73.973785,2.6745,0.021774745,0.0
40.79981333,-73.95881833,1.7191534,0.089014545,0.0
40.76774,-73.98191,0.0,0.0,0.0
40.78785167,-73.98061833,nan,0.4387644,0.0
40.84360667,-73.92448833,0.4546875,0.04713851,0.0
40.80784333,-73.89894667,0.8695652,0.01936706,0.0
40.768135,-73.95300667,0.0,0.0,0.0
40.79106833,-73.956465,0.0,0.0,0.0
40.78053667,-73.94668333,2.586,0.012492748,0.0
40.795475,-73.955205,nan,0.0,0.0
40.79209333,-73.97388833,1.1071428,0.011662471,0.0
40.78605333,-73.95322833,6.692045,0.011313545,0.0
40.78691833,-73.97746833,0.0,0.0,0.0
40.79670167,-73.93201,0.0,0.0,0.0
40.77552167,-73.982295,0.0,0.0,0.0
40.77540667,-73.94437,0.0,0.0,0.0
40.79201333,-73.97374167,1.1071428,0.011662471,0.0
40.78166,-73.94584167,4.1355715,0.00014316064,0.0
40.78687833,-73.97750833,0.0,0.0,0.0
40.77422333,-73.98251167,9.6,0.10975375,0.0
40.80458667,-73.95585,1.7564532,0.23230308,0.0
40.84209167,-73.89406167,1.5194871,0.029599123,0.0
40.776545,-73.94356667,0.0,0.0,0.0
40.79146333,-73.97264167,2.1332257,0.35358995,0.0
40.78903,-73.980605,4.3258333,0.16801275,0.0
40.78774167,-73.95382833,1.3698113,0.4100571,0.0
40.75905833,-73.96049833,0.0,0.0,0.0
40.79043,-73.94182667,4.1387234,0.020615706,0.0
40.78324167,-73.95644,2.6551898,0.26350883,0.0
40.75906667,-73.95949,0.0,0.0,0.0
40.79417333,-73.97020667,1.1413333,0.16689822,0.0
40.81011333,-73.89813167,0.0,0.0,0.0
40.77857833,-73.94727833,5.5,0.50430554,0.0
40.78666,-73.97653167,2.27875,0.17162941,0.0
40.78367667,-73.98390167,2.861926,0.010619547,0.0
40.80542167,-73.899475,nan,0.0,0.0
40.79101833,-73.95653167,0.0,0.0,0.0
40.77597333,-73.94396667,3.6551723,0.0010418001,0.0
40.78499833,-73.98472333,0.0,0.0,0.0
40.77330833,-73.94893667,2.1861482,0.10639305,0.0
40.78573,-73.98470667,0.0,0.0,0.0
40.75916167,-73.96068667,0.0,0.0,0.0
40.79774,-73.951185,1.8530434,0.043832965,0.0
40.797615,-73.95443833,0.0,0.0,0.0
40.76783,-73.97065667,nan,0.0,0.0
40.783335,-73.95697833,10.361445,0.12722656,0.0
40.78617833,-73.95362833,3.9702222,0.26478907,0.0
40.79653667,-73.93213833,1.1077148,0.013916767,0.0
40.79676667,-73.95492333,0.0,0.0,0.0
40.82287167,-73.887255,1.8983206,0.009896977,0.0
40.79073667,-73.95680833,0.0,0.0,0.0
40.84343167,-73.92461167,2.1271276,0.060471084,0.0
40.80613167,-73.902365,0.6197959,0.08568892,0.0
40.81362667,-73.89948167,1.2413592,0.051565625,0.0
40.78071167,-73.9465,0.0,0.0,0.0
40.805955,-73.947145,1.759375,0.27163082,0.0
40.80953,-73.95983667,3.075,0.015897095,0.0
40.79690667,-73.95479667,0.0,0.0,0.0
40.78186167,-73.945695,0.0,0.0,0.0
40.791,-73.971625,nan,0.49109587,0.0
40.7908,-73.97831833,1.9390783,0.19054079,0.0
40.79080333,-73.97892167,nan,0.47683844,0.0
40.8226,-73.88750833,0.0,0.0,0.0
40.78434667,-73.983185,4.1208982,0.03297351,0.0
40.7966,-73.97217667,4.3629136,0.07669127,0.0
40.78591667,-73.94266,1.942,0.061675612,0.0
40.77342667,-73.94932167,1.8987777,0.2527099,0.0
40.77396333,-73.98251167,9.6,0.10975375,0.0
40.77660833,-73.94351667,0.0,0.0,0.0
40.79038833,-73.95702833,0.0,0.0,0.0
40.806175,-73.96737333,4.3935175,0.009072689,0.0
40.78188,-73.95818167,3.2764149,0.45071396,0.0
40.816245,-73.94980333,0.97518665,0.10610426,0.0
40.83678667,-73.91806833,1.2610937,0.2008684,0.0
40.77375833,-73.95192833,3.8958282,0.24092172,0.0
40.79000333,-73.95868167,0.0,0.0,0.0
40.773365,-73.96004167,2.9082797,0.076571904,0.0
40.806685,-73.89871333,nan,0.32269916,0.0
40.843095,-73.92465667,2.1856666,0.2607292,0.0
40.76888333,-73.98121,0.0,0.0,0.0
40.78656667,-73.954495,2.8040535,0.0868086,0.0
40.77355667,-73.95993833,4.3971515,0.09325951,0.0
40.790915,-73.97859167,4.10871,0.35191137,0.0
40.76849333,-73.95254167,3.2224166,0.0057013165,0.0
40.79723333,-73.97175333,3.56525,0.03151263,0.0
40.79215333,-73.96372167,0.0,0.0,0.0
40.78659167,-73.95286,3.9421668,0.21593621,0.0
40.75933833,-73.961075,0.0,0.0,0.0
40.79645333,-73.97226167,3.786885,0.1339712,0.0
40.80002167,-73.96766833,nan,0.66631895,0.0
40.79414667,-73.949095,0.0,0.0,0.0
40.797535,-73.96059167,2.8676667,0.014662355,0.0
40.795155,-73.93322,0.0,0.0,0.0
40.78681,-73.94806167,0.0,0.0,0.0
40.81350667,-73.899135,0.37647521,0.0837823,0.0
40.84315667,-73.90962667,4.487805,0.16284461,0.0
40.76121,-73.95757833,2.779661,0.25232577,0.0
40.83735333,-73.91770833,0.9430357,0.18847585,0.0
40.77075833,-73.98724667,3.8374999,0.007852655,0.0
40.80615167,-73.87953667,0.0,0.0,0.0
40.765805,-73.97206,6.682889,0.00042117157,0.0
40.83370667,-73.9024,1.4593333,0.027132401,0.0
40.79562833,-73.95461833,nan,0.0,0.0
40.811215,-73.90329667,0.0,0.0,0.0
40.79555833,-73.93413833,1.0929879,0.18264596,0.0
40.81547667,-73.90040833,1.1174366,0.046715904,0.0
40.80417,-73.95488,1.0229167,0.073526025,0.0
40.84413333,-73.92372,2.5151515,0.0054508774,0.0
40.80892667,-73.895605,0.0,0.0,0.0
40.7693,-73.95195833,0.9896111,0.07104695,0.0
40.84142667,-73.92564667,1.5918889,0.13227688,0.0
40.79075333,-73.942635,0.0,0.0,0.0
40.83194167,-73.92131667,1.7957575,0.26296118,0.0
40.77091833,-73.98715333,3.8374999,0.007852655,0.0
40.81051333,-73.89874,nan,0.0,0.0
40.81975,-73.897585,1.4560976,0.015165598,0.0
40.843665,-73.90627,nan,0.15503076,0.0
40.767875,-73.970495,nan,0.0,0.0
40.79014833,-73.941085,3.243,0.18242903,0.0
40.79409667,-73.97013333,1.1413333,0.11343885,0.0
40.80541333,-73.88117167,0.0,0.0,0.0
40.84028333,-73.91002833,2.1215298,0.019163338,0.0
40.80749333,-73.88944167,0.31816667,0.017717097,0.0
40.75951,-73.95901667,6.4,3.2126172e-05,0.0
40.817495,-73.90356167,0.95980394,0.075521976,0.0
40.807605,-73.96688667,4.3898463,0.0074465135,0.0
40.786255,-73.97541167,2.0645,0.024059352,0.0
40.835245,-73.912915,0.65999997,0.088454574,0.0
40.81892,-73.89614833,2.4744341,0.00037875754,0.0
40.78149167,-73.95433333,1.0253909,0.35280243,0.0
40.84229167,-73.92512667,2.1093333,0.06875049,0.0
40.80517667,-73.90222167,0.76551014,0.050208718,0.0
40.83730333,-73.917745,0.9430357,0.18847585,0.0
40.76218833,-73.95701833,0.43333334,0.19117665,0.0
40.83208833,-73.91789333,2.2167242,0.053674806,0.0
40.76223,-73.956985,0.43333334,0.19117665,0.0
40.75945667,-73.96148333,0.0,0.0,0.0
40.84112667,-73.90956,0.6877273,0.08543038,0.0
40.7854,-73.94763167,8.52,8.874766e-05,0.0
40.765855,-73.97201333,6.682889,0.00042117157,0.0
40.76086,-73.95799667,0.0,0.0,0.0
40.76041333,-73.96383333,3.8070223,0.093692765,0.0
40.80545833,-73.88087333,0.0,0.0,0.0
40.782095,-73.98283833,3.3075833,0.023941522,0.0
40.785155,-73.94646,0.0,0.0,0.0
40.84341,-73.90953333,3.0708537,0.18952902,0.0
40.793605,-73.969145,2.4515,0.21428998,0.0
40.79004833,-73.94900333,1.85012,0.26122817,0.0
40.80547333,-73.95807667,1.2166667,0.06505457,0.0
40.780215,-73.98504833,1.3320704,0.42865112,0.0
40.84277667,-73.89324667,1.4576178,0.12207793,0.0
40.786845,-73.95255667,1.6106623,0.123056725,0.0
40.79237667,-73.95508,0.0,0.0,0.0
40.841025,-73.92208333,0.0,0.0,0.0
40.842125,-73.892235,1.0391667,0.13497065,0.0
40.80855,-73.88972167,0.0,0.0,0.0
40.75958833,-73.958945,6.4,3.2126172e-05,0.0
40.76490833,-73.96860667,5.5048337,0.24973793,0.0
40.81226,-73.95697833,3.4183335,2.084659e-05,0.0
40.76693167,-73.971345,nan,0.0,0.0
40.82323333,-73.88797,1.9735,0.2938618,0.0
40.79340167,-73.97463167,4.336,0.1528453,0.0
40.785135,-73.946495,0.0,0.0,0.0
40.79158,-73.95584,0.0,0.0,0.0
40.84419667,-73.91757833,nan,0.48239443,0.0
40.81484833,-73.90011833,nan,0.49302664,0.0
40.76595333,-73.97195667,0.0,0.0,0.0
40.767035,-73.97126833,0.0,0.0,0.0
40.7991,-73.93475833,1.3409448,0.07170487,0.0
40.76495667,-73.96877667,5.5048337,0.24973793,0.0
40.79514333,-73.94826333,1.1003773,0.19997194,0.0
40.79778667,-73.971365,3.3186812,0.0010589266,0.0
40.79191833,-73.95539167,0.0,0.0,0.0
40.7742,-73.95947,0.7837255,0.15178254,0.0
40.772585,-73.96063833,3.5987897,0.011577275,0.0
40.80943333,-73.903525,0.0,0.0,0.0
40.76733,-73.971035,nan,0.0,0.0
40.80945167,-73.90302833,0.0,0.0,0.0
40.78214667,-73.957995,4.5527225,0.05793816,0.0
40.79019833,-73.949355,2.0649312,0.19084159,0.0
40.81173833,-73.95730833,6.4814286,0.083801694,0.0
40.77413167,-73.95949333,0.7837255,0.15178254,0.0
40.79134,-73.97253333,1.0205,0.18271519,0.0
40.76757167,-73.970795,nan,0.0,0.0
40.80805833,-73.964165,2.7714853,0.055097498,0.0
40.774125,-73.952775,1.9576459,0.28858405,0.0
40.800805,-73.96780333,0.0,0.0,0.0
40.77790333,-73.94580833,0.0,0.0,0.0
40.77318667,-73.960155,2.9082797,0.076571904,0.0
40.77407667,-73.95950833,0.7837255,0.15178254,0.0
40.842745,-73.90968333,0.0,0.0,0.0
40.80889833,-73.89594667,1.0434783,0.12744674,0.0
40.79741333,-73.93151,nan,0.48042586,0.0
40.797755,-73.96144,1.4419047,0.16853026,0.0
40.79770167,-73.95109333,2.296087,0.3012048,0.0
40.79168167,-73.95569667,0.0,0.0,0.0
40.80831,-73.96358167,0.0,0.0,0.0
40.84411,-73.91739333,0.0,0.0,0.0
40.79453667,-73.96988833,2.8054476,0.15575914,0.0
40.80643333,-73.879635,nan,0.19604729,0.0
40.79355167,-73.96904,1.6114166,0.0040445626,0.0
40.775965,-73.983515,8.211681,0.00056097883,0.0
40.84416833,-73.91753833,nan,0.48239443,0.0
40.76125333,-73.95755667,2.779661,0.25232577,0.0
40.78030667,-73.98553167,0.9907031,0.03863719,0.0
40.78470667,-73.94354333,nan,0.008022347,0.0
40.84131333,-73.92570833,1.5918889,0.13227688,0.0
40.78652,-73.97783167,6.589596,0.0049359538,0.0
40.80602167,-73.95793167,0.0,0.0,0.0
40.765515,-73.972215,0.0,0.0,0.0
40.79043667,-73.97948333,6.0230002,0.28038293,0.0
40.84361667,-73.90565167,1.9621869,0.17200322,0.0
40.81940667,-73.89642,0.0,0.0,0.0
40.76878333,-73.972105,0.0,0.0,0.0
40.84403833,-73.92396833,2.5151515,0.0054508774,0.0
40.76729167,-73.97109,nan,0.0,0.0
40.80930667,-73.90371167,0.0,0.0,0.0
40.81096833,-73.95429833,0.0,0.0,0.0
40.83376333,-73.90236333,1.4593333,0.027132401,0.0
40.84268,-73.89312667,1.4576178,0.12207793,0.0
40.81085833,-73.95801667,0.0,0.0,0.0
40.806325,-73.94812,1.4048661,0.2378727,0.0
40.80256,-73.90793333,0.20915493,0.14290817,0.0
40.77346333,-73.94937833,1.8987777,0.2527099,0.0
40.78015333,-73.98492333,nan,0.49691227,0.0
40.794275,-73.970135,1.1413333,0.16689822,0.0
40.809025,-73.89464833,0.37575758,0.31781867,0.0
40.81426333,-73.899735,1.6702778,0.023229927,0.0
40.809555,-73.90311167,0.0,0.0,0.0
40.809115,-73.96292,2.15,0.32226515,0.0
40.78233333,-73.95783,3.5050945,0.041618526,0.0
40.806415,-73.88759333,0.0,0.0,0.0
40.80860333,-73.96336167,2.11975,0.033447128,0.0
40.81740667,-73.95013333,2.6426418,0.064602286,0.0
40.79564833,-73.954585,nan,0.0,0.0
40.817455,-73.903075,1.347649,0.18552974,0.0
40.79130833,-73.95623667,0.0,0.0,0.0
40.84535833,-73.91732667,nan,0.0,0.0
40.84362,-73.90507833,1.6451619,0.1658811,0.0
40.77346667,-73.951195,7.74375,0.30269188,0.0
40.81729167,-73.90236167,0.91723037,8.4253945e-05,0.0
40.80168167,-73.96040833,nan,0.0,0.0
40.78727667,-73.944875,2.559672,7.611824e-05,0.0
40.77126667,-73.98692,0.0,0.0,0.0
40.78649167,-73.94251333,0.0,0.0,0.0
40.79031333,-73.95009667,5.9627876,0.0151077565,0.0
40.804875,-73.884795,0.0,0.0,0.0
40.82247167,-73.95473333,1.4408375,0.26843497,0.0
40.78921333,-73.947025,1.714211,0.15295741,0.0
40.78557667,-73.94809667,0.0,0.0,0.0
40.80473,-73.95631167,1.1153333,0.13315322,0.0
40.81544167,-73.906315,1.4003568,0.14693616,0.0
40.84464833,-73.906095,2.2985654,0.22524358,0.0
40.76914833,-73.98854333,0.99172413,0.082599394,0.0
40.82298167,-73.95643167,0.0,0.0,0.0
40.799075,-73.96454833,0.9559677,0.31110042,0.0
40.77375167,-73.95014667,1.7461333,0.23746696,0.0
40.83540667,-73.90134833,0.0,0.0,0.0
40.80789833,-73.89738667,0.0,0.0,0.0
40.845115,-73.91745,0.0,0.0,0.0
40.80801667,-73.904615,nan,0.0,0.0
40.827285,-73.91316,0.68785715,0.08901079,0.0
40.83562167,-73.914005,0.0,0.0,0.0
40.82942333,-73.91233667,2.0877903,0.004656683,0.0
40.79915667,-73.96472333,1.8469789,0.1261419,0.0
40.82940167,-73.91226833,2.0877903,0.004656683,0.0
40.83290167,-73.91735333,2.4051723,0.13903426,0.0
40.81755667,-73.953495,0.0,0.0,0.0
40.82632333,-73.90972167,1.163,0.08665812,0.0
40.77681833,-73.95696333,1.7794999,0.35776642,0.0
40.80412167,-73.91689667,0.0,0.0,0.0
40.84391667,-73.894685,0.0,0.0,0.0
40.83496167,-73.91581333,1.9971718,0.12218594,0.0
40.82145833,-73.89158833,0.21715054,0.04305048,0.0
40.83334167,-73.91717,2.5019538,0.22349961,0.0
40.79961667,-73.93579667,0.0,0.0,0.0
40.82669667,-73.909525,2.3491836,0.19235913,0.0
40.826975,-73.925235,0.6752941,0.44717368,0.0
40.81751,-73.90352,1.2815179,0.29825673,0.0
40.83936333,-73.91058667,nan,0.19792497,0.0
40.82338833,-73.92255,1.0172222,0.067679696,0.0
40.818075,-73.95286,0.60862833,0.015097013,0.0
40.84474833,-73.9122,0.0,0.0,0.0
40.81188,-73.903805,0.6987921,0.07842841,0.0
40.83529333,-73.92686333,0.0,0.0,0.0
40.843765,-73.90882667,2.4234376,0.27921,0.0
40.77586333,-73.99138833,0.0,0.0,0.0
40.80243333,-73.962415,0.0,0.0,0.0
40.84425667,-73.893215,0.75314134,0.009646553,0.0
40.81923333,-73.89811667,0.0,0.0,0.0
40.84407833,-73.89667833,0.0,0.0,0.0
40.84127,-73.92572833,1.5918889,0.13227688,0.0
40.84387167,-73.89257667,0.0,0.0,0.0
40.774705,-73.95827667,3.0233943,0.10514499,0.0
40.80229333,-73.93841,1.5285684,0.047927763,0.0
40.79930667,-73.96528333,1.8573015,0.14151014,0.0
40.79698333,-73.94929167,0.0,0.0,0.0
40.81553333,-73.88392667,nan,0.051107444,0.0
40.83639,-73.89794333,nan,0.0,0.0
40.80842,-73.896715,1.0434783,0.015848419,0.0
40.76938833,-73.98891833,nan,0.51204,0.0
40.808115,-73.90439333,nan,0.0,0.0
40.83536667,-73.91538833,1.9025447,0.16170537,0.0
40.766505,-73.97155833,0.0,0.0,0.0
40.77345667,-73.95496167,3.1676667,0.16269068,0.0
40.79310667,-73.94806667,0.0,0.0,0.0
40.79474167,-73.97364167,0.82383335,0.00664006,0.0
40.80499,-73.95694833,1.5243995,0.000894467,0.0
40.81585833,-73.90419833,1.2800388,0.010661834,0.0
40.83408,-73.92742833,1.9337469,0.31611228,0.0
40.844005,-73.91715167,0.86756575,0.16295737,0.0
40.82223833,-73.957195,1.0769231,0.038920764,0.0
40.8415,-73.90078,0.9331097,0.42266798,0.0
40.80716333,-73.95710667,0.0,0.0,0.0
40.77551333,-73.95403167,2.3229742,0.2216267,0.0
40.80406833,-73.91676667,0.0,0.0,0.0
40.81758333,-73.89541,0.98876405,0.0005549212,0.0
40.80907833,-73.894235,0.0,0.0,0.0
40.80835167,-73.90390667,nan,0.0,0.0
40.81734,-73.89524667,1.2001914,0.0023683521,0.0
40.78876833,-73.95109833,0.0,0.0,0.0
40.82153167,-73.891595,0.21715054,0.04305048,0.0
40.801385,-73.95975,0.0,0.0,0.0
40.80167,-73.94890167,0.0,0.0,0.0
40.80389833,-73.96678333,0.0,0.0,0.0
40.79813333,-73.93246333,0.91147625,0.23785383,0.0
40.76059167,-73.964275,0.0,0.0,0.0
40.76615667,-73.97178833,0.0,0.0,0.0
40.809555,-73.95899333,2.4125,0.04212295,0.0
40.83522167,-73.91556667,1.9871211,0.15325077,0.0
40.79784833,-73.961635,1.35,0.36843005,0.0
40.78528667,-73.94739333,8.52,8.874766e-05,0.0
40.77490333,-73.95279,2.562665,0.30161875,0.0
40.84354333,-73.919065,1.5417194,0.033262167,0.0
40.834865,-73.92630833,0.87533766,0.025000626,0.0
40.81882333,-73.95199333,0.525,0.11216103,0.0
40.80039333,-73.93536833,0.42102575,0.13396358,0.0
40.821185,-73.89158333,0.20354839,0.0007517706,0.0
40.79816,-73.96228333,1.4041429,0.24855657,0.0
40.79293,-73.947745,0.0,0.0,0.0
40.81943,-73.89792833,0.0,0.0,0.0
40.80564167,-73.87980333,0.0,0.0,0.0
40.78076833,-73.95477667,1.8165432,0.07583469,0.0
40.77378667,-73.956035,3.293211,0.06473036,0.0
40.80095333,-73.93538667,5.7068014,0.20183687,0.0
40.834035,-73.92721,1.9337469,0.31611228,0.0
40.7632,-73.95703667,7.058687,0.11637607,0.0
40.76001667,-73.95860333,4.1431665,0.0046976907,0.0
40.80231667,-73.962185,0.0,0.0,0.0
40.77446667,-73.95936,1.3992146,0.042292155,0.0
40.82978,-73.91331167,1.7629411,0.24877854,0.0
40.84396167,-73.895245,0.0,0.0,0.0
40.84424,-73.90502167,nan,0.22666425,0.0
40.799195,-73.96481667,1.8469789,0.1261419,0.0
40.83182,-73.92139333,1.2628788,0.14807494,0.0
40.84626833,-73.91755,1.7363362,0.25283813,0.0
40.806315,-73.88854167,nan,0.49801892,0.0
40.794275,-73.95483667,0.0,0.0,0.0
40.769325,-73.98883667,1.1674234,0.02995061,0.0
40.78615167,-73.94841667,nan,0.08164823,0.0
40.83857333,-73.91302167,0.964125,0.3654803,0.0
40.76429833,-73.95843667,0.9635149,0.0353364,0.0
40.84400167,-73.89597667,0.0,0.0,0.0
40.8087,-73.90328,nan,0.0,0.0
40.80768,-73.90519333,0.0,0.0,0.0
40.79783833,-73.93185,1.2931372,0.2221581,0.0
40.81329,-73.88334667,0.35833332,0.19778968,0.0
40.78349667,-73.98191333,2.3513334,0.17048422,0.0
40.773545,-73.95489333,3.1676667,0.16269068,0.0
40.76536333,-73.96964,nan,0.63367885,0.0
40.80140333,-73.959795,0.0,0.0,0.0
40.84560167,-73.91729,nan,0.0,0.0
40.83541667,-73.92724333,1.6997864,0.2925356,0.0
40.81907833,-73.89827833,1.6182927,0.004223674,0.0
40.83325167,-73.91718167,2.5019538,0.22349961,0.0
40.844505,-73.91836667,0.75502443,0.0017525537,0.0
40.80504,-73.88595,0.4031884,0.022431824,0.0
40.83506167,-73.91238,0.64059526,0.20033614,0.0
40.84372,-73.91654667,2.1895425,0.03200403,0.0
40.79819333,-73.953765,0.0,0.0,0.0
40.76510667,-73.96897,3.4923332,0.50548726,0.0
40.76930833,-73.98839833,5.4827585,0.06425929,0.0
40.80364333,-73.9536,1.1054167,0.03416661,0.0
40.84446,-73.89359333,0.84794116,0.2510197,0.0
40.83859333,-73.92751833,1.1601819,0.21314663,0.0
40.82077167,-73.88758833,0.6652586,0.50654805,0.0
40.774565,-73.95790833,3.3749833,0.096724965,0.0
40.78616,-73.94574333,0.0,0.0,0.0
40.840805,-73.90973,0.70931816,0.03985997,0.0
40.83655833,-73.89895667,0.0,0.0,0.0
40.79436,-73.948925,0.0,0.0,0.0
40.81886667,-73.89852833,1.6182927,0.0022356228,0.0
40.81846333,-73.89892167,0.0,0.0,0.0
40.80901833,-73.894965,0.0,0.0,0.0
40.81632333,-73.95905167,0.9337143,0.021917252,0.0
40.76966,-73.988065,1.1892112,4.1801035e-05,0.0
40.77465667,-73.95814667,3.0233943,0.10514499,0.0
40.80942667,-73.95968167,3.8,0.29690352,0.0
40.774715,-73.95230333,2.967162,0.43179652,0.0
40.80660333,-73.87966833,0.59460527,0.3165276,0.0
40.76518667,-73.96921333,2.9149168,0.30049276,0.0
40.76985833,-73.98791333,1.8846875,5.9630238e-05,0.0
40.82072333,-73.887645,0.6652586,0.50654805,0.0
40.82512667,-73.92759667,0.0,0.0,0.0
40.79444,-73.95475667,0.0,0.0,0.0
40.8438,-73.90928667,1.2390589,0.108544335,0.0
40.80849833,-73.90280667,0.0,0.0,0.0
40.83876333,-73.896405,0.0,0.0,0.0
40.79105833,-73.943345,0.61118203,0.028192738,0.0
40.809135,-73.89379667,0.83424187,0.0047960384,0.0
40.83860333,-73.92758167,1.1601819,0.21314663,0.0
40.82962667,-73.929355,0.766275,0.10007732,0.0
40.79442333,-73.94887667,1.3632076,0.055580024,0.0
40.78071333,-73.95904833,3.363777,0.20589417,0.0
40.77465167,-73.95209833,2.3836012,0.2040614,0.0
40.78222,-73.98273833,3.3075833,0.023941522,0.0
40.769195,-73.98848167,5.4827585,0.06425929,0.0
40.81810833,-73.95282333,1.493978,0.055377863,0.0
40.82505333,-73.92761833,0.0,0.0,0.0
40.826115,-73.90984333,1.423375,0.12173325,0.0
40.77417667,-73.98481667,1.9907264,0.014685084,0.0
40.805795,-73.88612167,0.0,0.0,0.0
40.81779333,-73.89464333,0.9561666,0.2585824,0.0
40.79587667,-73.954065,0.0,0.0,0.0
40.79487333,-73.94844833,0.0,0.0,0.0
40.80943333,-73.95912167,2.1723332,0.022617739,0.0
40.80831333,-73.96473333,2.0368333,0.15376447,0.0
40.80208333,-73.93796167,1.5244222,0.056559682,0.0
40.795215,-73.94821333,1.1003773,0.19997194,0.0
40.81402333,-73.95698167,0.811831,0.16538222,0.0
40.770145,-73.98765833,nan,0.1018392,0.0
40.77503167,-73.95334333,1.5741063,0.2329131,0.0
40.83627167,-73.89783167,0.0,0.0,0.0
40.76979667,-73.95161833,2.6403334,0.0035715958,0.0
40.8127,-73.88209833,0.0,0.0,0.0
40.83470833,-73.911355,0.5798572,0.33521822,0.0
40.84469167,-73.90652333,1.9678725,0.10429377,0.0
40.81029833,-73.96174333,1.8106667,0.04789472,0.0
40.79424833,-73.954845,0.0,0.0,0.0
40.85229167,-73.93846833,nan,0.0,0.0
40.79610667,-73.93244833,0.7550028,0.07197586,0.0
40.834185,-73.91649,0.0,0.0,0.0
40.80401333,-73.95451,1.0155666,0.17573589,0.0
40.80265333,-73.96290333,0.0,0.0,0.0
40.76455833,-73.95828167,0.0,0.0,0.0
40.840695,-73.895195,nan,0.0,0.0
40.80008,-73.94478333,1.7222222,0.18775296,0.0
40.83337667,-73.90266,1.0071666,0.015488372,0.0
40.84419667,-73.89440833,1.2866038,0.44351262,0.0
40.808575,-73.90281667,0.0,0.0,0.0
40.76869333,-73.95429333,2.1260157,0.29066733,0.0
40.81861,-73.88908167,1.3018327,0.020327676,0.0
40.81534,-73.90456667,2.2857144,0.01711245,0.0
40.762765,-73.95658667,0.0,0.0,0.0
40.81880333,-73.898605,1.6182927,0.0022356228,0.0
40.81410333,-73.88737833,3.1555555,0.13382441,0.0
40.774265,-73.98473833,1.0766666,0.088358104,0.0
40.82134,-73.927855,0.4779412,0.012489978,0.0
40.84086667,-73.9097,0.70931816,0.03985997,0.0
40.774745,-73.984385,14.925,0.24489416,0.0
40.814255,-73.957215,2.729155,0.07653411,0.0
40.79894167,-73.964235,2.083226,0.21459328,0.0
40.82690167,-73.91369,0.0,0.0,0.0
40.82254333,-73.953395,1.7705,0.010604486,0.0
40.77728833,-73.95733167,nan,0.4851438,0.0
40.80421833,-73.91549333,1.5333072,0.004445313,0.0
40.81152667,-73.880915,0.0,0.0,0.0
40.83434333,-73.91990833,1.9371427,0.072489,0.0
40.833665,-73.92032667,2.0657144,0.03567656,0.0
40.82685167,-73.91376333,0.0,0.0,0.0
40.76511333,-73.97042333,0.0,0.0,0.0
40.79196833,-73.94539667,0.8524583,0.029342305,0.0
40.811645,-73.94658833,2.4203227,0.46292806,0.0
40.81815,-73.89910667,0.0,0.0,0.0
40.80235333,-73.94311667,0.0,0.0,0.0
40.801715,-73.96771833,4.9375,0.13307284,0.0
40.83861167,-73.91312333,0.964125,0.3654803,0.0
40.823425,-73.888585,1.8651993,0.15284602,0.0
40.82608167,-73.92573667,2.0475757,0.1810734,0.0
40.79502333,-73.95396167,0.0,0.0,0.0
40.82094333,-73.925275,0.0,0.0,0.0
40.814165,-73.88828333,2.1726232,0.0076112663,0.0
40.81237833,-73.90457167,0.0,0.0,0.0
40.808055,-73.95648833,1.1406747,0.10168523,0.0
40.77775833,-73.95703833,1.4963334,0.27092966,0.0
40.81642667,-73.91415667,0.0,0.0,0.0
40.81249667,-73.88502167,0.5086667,0.3548288,0.0
40.83907,-73.91440167,2.289759,0.0161417,0.0
40.81158333,-73.91688333,4.4627576,0.033870377,0.0
40.768995,-73.95503667,1.382589,0.1225913,0.0
40.80872333,-73.89778667,0.8695652,4.2364158e-05,0.0
40.816435,-73.88768667,1.3843333,0.18702172,0.0
40.81832667,-73.91684167,1.2657257,0.04420282,0.0
40.82156,-73.928015,0.48878786,0.0090555735,0.0
40.83239167,-73.90333667,2.9076667,0.0015436957,0.0
40.77899667,-73.956075,2.2881045,0.1650815,0.0
40.82285333,-73.92338333,nan,0.23999728,0.0
40.82591333,-73.88873167,nan,0.3477312,0.0
40.822095,-73.95734167,1.0769231,0.16851816,0.0
40.80212,-73.94967,0.0,0.0,0.0
40.77415333,-73.95110833,1.9264166,0.32557863,0.0
40.81819833,-73.916905,1.2657257,0.04420282,0.0
40.82876667,-73.92789,0.0,0.0,0.0
40.83191,-73.90241833,2.0526667,0.32198468,0.0
40.80067333,-73.94677167,1.6,0.04295331,0.0
40.83815,-73.91132167,1.514382,0.042058453,0.0
40.81517667,-73.88640667,1.3142395,0.12160806,0.0
40.80516833,-73.88276167,0.0,0.0,0.0
40.76449167,-73.970955,5.284167,0.12008919,0.0
40.85323,-73.93840833,0.0,0.0,0.0
40.828105,-73.95042167,1.7282223,0.23771138,0.0
40.82235,-73.92029667,0.0,0.0,0.0
40.82775167,-73.95137667,2.035032,0.013420189,0.0
40.81825833,-73.89914,0.0,0.0,0.0
40.79999167,-73.94485333,0.72436684,0.0050121555,0.0
40.77068333,-73.95094,1.5616001,0.014387946,0.0
40.828835,-73.928,0.0,0.0,0.0
40.85694833,-73.93497,1.9828001,0.2334692,0.0
40.84130833,-73.900165,0.0,0.0,0.0
40.799435,-73.93549,1.3812845,0.0051568015,0.0
40.80914,-73.94836,0.0,0.0,0.0
40.77655,-73.95611333,0.0,0.0,0.0
40.81604167,-73.958805,0.0,0.0,0.0
40.76301,-73.95662833,1.167324,0.010863088,0.0
40.80950667,-73.89142667,nan,0.49417838,0.0
40.81802,-73.91336167,0.0,0.0,0.0
40.84339167,-73.915845,nan,0.45279455,0.0
40.80934833,-73.94817,0.0,0.0,0.0
40.80691833,-73.90655833,0.0,0.0,0.0
40.83221833,-73.90327333,1.8016666,0.0018485197,0.0
40.84225833,-73.92103167,2.8250916,0.051621728,0.0
40.82040167,-73.91189833,0.8322148,0.14575963,0.0
40.80402167,-73.90588333,1.5138235,0.19428214,0.0
40.826655,-73.90573167,1.1583333,0.089844756,0.0
40.802315,-73.96764,0.0,0.0,0.0
40.82497833,-73.91044667,0.0,0.0,0.0
40.810705,-73.89537667,1.1232142,0.12701115,0.0
40.82158833,-73.91118,0.0,0.0,0.0
40.83162167,-73.90675333,1.9634147,0.1197063,0.0
40.81598167,-73.9144,0.0,0.0,0.0
40.77648833,-73.95602333,0.0,0.0,0.0
40.82165333,-73.95771833,1.75,0.24387209,0.0
40.81915833,-73.95971333,0.41383332,0.0001743676,0.0
40.80439,-73.93966333,0.0,0.0,0.0
40.83409167,-73.91657,0.0,0.0,0.0
40.814715,-73.88372333,0.85999995,0.26888195,0.0
40.82550667,-73.92625333,2.0832343,0.22871254,0.0
40.77490333,-73.958745,1.4937154,0.013725148,0.0
40.812295,-73.896195,0.0,0.0,0.0
40.81901,-73.90958667,1.5270072,0.06631933,0.0
40.81774,-73.95390833,nan,0.19566652,0.0
40.80501833,-73.94762833,0.0,0.0,0.0
40.83684667,-73.92711167,0.60644925,0.16499065,0.0
40.770995,-73.950715,3.0166667,0.11478554,0.0
40.81086667,-73.95317667,0.61866665,0.030394651,0.0
40.828295,-73.95087,0.0,0.0,0.0
40.80816,-73.95641667,0.0,0.0,0.0
40.81243,-73.90501167,2.2166667,0.2033252,0.0
40.83909667,-73.91447333,2.0988636,0.05631366,0.0
40.76700667,-73.95641333,4.8728814,0.016659833,0.0
40.79254,-73.94682833,1.6058333,0.2206031,0.0
40.83526833,-73.90144833,0.0,0.0,0.0
40.856515,-73.93510667,1.5404761,0.19261147,0.0
40.82633333,-73.95026,0.9868,0.02868127,0.0
40.803115,-73.96389833,1.9636523,0.17978485,0.0
40.820025,-73.92680833,0.0,0.0,0.0
40.82212667,-73.949935,0.0,0.0,0.0
40.791905,-73.94524667,0.8524583,0.029342305,0.0
40.81447167,-73.95747833,0.0,0.0,0.0
40.85225667,-73.938315,2.024367,0.34821054,0.0
40.81508167,-73.886315,2.0868332,0.104392566,0.0
40.80809,-73.90274667,0.0,0.0,0.0
40.80122333,-73.94783333,2.0833333,0.08195695,0.0
40.82135,-73.91785333,3.027541,0.08908504,0.0
40.82991833,-73.90180167,1.0907143,0.35578224,0.0
40.83694667,-73.92715333,0.0,0.0,0.0
40.813395,-73.90709,0.97437835,0.17771626,0.0
40.81255667,-73.90569167,1.1788925,0.11068558,0.0
40.77214333,-73.94996833,4.793905,0.061149642,0.0
40.81817667,-73.95628833,0.0,0.0,0.0
40.80300167,-73.94262,0.6115817,0.05982816,0.0
40.80516167,-73.885985,0.4031884,0.022431824,0.0
40.80783667,-73.95663667,0.0,0.0,0.0
40.80955,-73.89108,0.73683333,0.06993169,0.0
40.819325,-73.90856667,1.1820313,0.020114362,0.0
40.80825667,-73.95634833,0.0,0.0,0.0
40.80397833,-73.905805,1.5138235,0.19428214,0.0
40.77099333,-73.99316333,nan,0.5522115,0.0
40.83135333,-73.91834667,1.7548838,0.14213154,0.0
40.81414167,-73.88836667,2.1726232,0.0076112663,0.0
40.8254,-73.94795,1.0511111,0.12976818,0.0
40.80539333,-73.94740833,1.5600001,0.05201547,0.0
40.81538333,-73.89838333,1.7276363,0.020227531,0.0
40.81696333,-73.88806167,0.0,0.0,0.0
40.83609333,-73.92751,0.36955616,0.055917192,0.0
40.82275167,-73.92344167,0.0,0.0,0.0
40.82993833,-73.92994333,0.0,0.0,0.0
40.82039667,-73.892005,1.4408962,0.10792965,0.0
40.81598,-73.958745,0.0,0.0,0.0
40.817515,-73.89825,1.1441667,0.2597372,0.0
40.83765167,-73.8973,0.0,0.0,0.0
40.83061667,-73.907355,0.83878046,0.15767916,0.0
40.77056833,-73.99219333,6.883333,0.05531054,0.0
40.809575,-73.890005,0.40509653,0.0035689406,0.0
40.825195,-73.88873667,0.9276429,0.07154013,0.0
40.80363167,-73.96696,3.0352502,0.097717345,0.0
40.77238,-73.94979667,nan,0.5040747,0.0
40.80240833,-73.967625,0.0,0.0,0.0
40.8267,-73.91402,0.0,0.0,0.0
40.83859667,-73.92663333,0.0,0.0,0.0
40.80629333,-73.889,nan,0.5994139,0.0
40.840655,-73.90162333,0.7481821,0.42510638,0.0
40.81513667,-73.88382333,0.5278095,0.14787321,0.0
40.81886667,-73.95991167,0.0,0.0,0.0
40.82002667,-73.90819833,0.95859647,0.0048889727,0.0
40.82146167,-73.92796333,0.4779412,0.012489978,0.0
40.813665,-73.94582167,1.4988333,0.23977435,0.0
40.81824167,-73.91688167,1.2657257,0.04420282,0.0
40.81805667,-73.91344833,0.0,0.0,0.0
40.83864333,-73.91319,0.964125,0.3654803,0.0
40.81979333,-73.90831333,1.1112577,0.065893844,0.0
40.80110833,-73.94402167,1.537037,0.20105417,0.0
40.82469667,-73.91057667,0.0,0.0,0.0
40.80343833,-73.96708833,0.388,0.01261741,0.0
40.83186833,-73.90664667,1.0813293,0.09095305,0.0
40.80724,-73.906675,0.0,0.0,0.0
40.82268,-73.95321333,0.0,0.0,0.0
40.768935,-73.95505833,1.382589,0.1225913,0.0
40.83277167,-73.903065,2.9076667,0.025977617,0.0
40.82208667,-73.910895,0.0,0.0,0.0
40.8232,-73.92321333,1.1798388,0.080014095,0.0
40.819245,-73.913715,0.68,0.19606264,0.0
40.83648333,-73.92732,1.2272302,0.050295096,0.0
40.83076167,-73.91877,1.8998333,0.2103467,0.0
40.81623167,-73.89753667,1.9083838,0.17877294,0.0
40.82138167,-73.91799833,3.027541,0.08908504,0.0
40.80097333,-73.94412833,1.537037,0.20105417,0.0
40.806535,-73.88917833,0.62533337,0.015124424,0.0
40.84036333,-73.90180333,0.79593843,0.0214549,0.0
40.81302833,-73.90721167,1.679054,0.104170926,0.0
40.804805,-73.88511833,0.0,0.0,0.0
40.83454333,-73.91979,1.3217187,0.19049622,0.0
40.83864667,-73.926155,0.0,0.0,0.0
40.79501,-73.95398833,0.0,0.0,0.0
40.80662333,-73.94895833,1.5699564,0.15810601,0.0
40.81745333,-73.89815667,1.0978334,0.007985083,0.0
40.84501833,-73.91352333,0.0,0.0,0.0
40.82098,-73.88721,0.28517646,0.058913153,0.0
40.817855,-73.95652667,0.0,0.0,0.0
40.79483167,-73.95433667,0.0,0.0,0.0
40.77713667,-73.957435,3.2198951,0.16236925,0.0
40.81925333,-73.90859833,1.1820313,0.020114362,0.0
40.81244,-73.89488,0.0,0.0,0.0
40.76173167,-73.96657,3.4382856,0.13677962,0.0
40.82695167,-73.94724833,1.9496667,0.27138478,0.0
40.78497667,-73.94679,1.3944223,0.0005667412,0.0
40.8219,-73.888435,0.0,0.0,0.0
40.82236,-73.95447667,1.7270367,0.33966315,0.0
40.81788667,-73.95979833,0.0,0.0,0.0
40.83744,-73.89967667,0.0,0.0,0.0
40.82527167,-73.888725,0.9276429,0.07154013,0.0
40.84128667,-73.92176167,2.180703,0.089718066,0.0
40.80174667,-73.949105,1.4596667,0.043624703,0.0
40.84341333,-73.91587667,1.9166666,0.3115149,0.0
40.82013167,-73.88858,1.2236667,0.057541147,0.0
40.83858167,-73.92720833,0.94879895,0.19101176,0.0
40.822655,-73.9235,0.0,0.0,0.0
40.83583,-73.9024,0.0,0.0,0.0
40.804945,-73.94767833,2.08875,0.2593932,0.0
40.82152833,-73.95045333,1.2242424,0.0028829742,0.0
40.81788167,-73.91705833,nan,0.41095868,0.0
40.81590167,-73.91444167,0.5740741,0.0036038684,0.0
40.76961833,-73.989665,1.8329864,0.1657946,0.0
40.83799667,-73.9277,1.5655111,0.06742418,0.0
40.82614,-73.88897,1.3221781,0.16610411,0.0
40.83855167,-73.90213833,0.7816667,0.06543469,0.0
40.76470333,-73.97289833,0.0,0.0,0.0
40.85557833,-73.93567,0.0,0.0,0.0
40.82728667,-73.92505,0.0,0.0,0.0
40.82537,-73.9076,0.8390802,0.42546615,0.0
40.8224,-73.95227333,1.9016666,0.13196668,0.0
40.84207833,-73.92109333,2.8250916,0.051621728,0.0
40.82969667,-73.90787,1.5185484,0.28960538,0.0
40.81185167,-73.925565,0.8613333,0.08584872,0.0
40.80381,-73.92020333,0.8474637,0.048728824,0.0
40.81133333,-73.91703333,1.2325001,9.669362e-05,0.0
40.83927167,-73.91502,0.5341049,0.016303318,0.0
40.81451333,-73.91529833,1.6469843,0.041109256,0.0
40.80464333,-73.95131833,1.4606742,0.0186998,0.0
40.83100833,-73.90041833,0.82666665,0.14219409,0.0
40.804365,-73.90781667,1.0925373,0.34482187,0.0
40.80860167,-73.96556,2.6462283,0.26558495,0.0
40.81764833,-73.91344333,0.0,0.0,0.0
40.80523167,-73.94750333,1.5600001,0.05201547,0.0
40.814055,-73.91556,1.2325,0.015644161,0.0
40.80491833,-73.88591667,0.4031884,0.022431824,0.0
40.82062667,-73.91577333,0.9885,0.19969764,0.0
40.80379833,-73.942,0.0,0.0,0.0
40.81059333,-73.92731333,0.0,0.0,0.0
40.85748,-73.929665,5.7647057,0.3065852,0.0
40.81254,-73.95325333,1.549343,0.08148286,0.0
40.832545,-73.93138833,2.0161526,0.41847318,0.0
40.827805,-73.90421,1.2287999,0.08531466,0.0
40.82658,-73.950725,0.38584614,0.04016224,0.0
40.81372333,-73.90694833,0.65084606,0.033178005,0.0
40.76460167,-73.97295833,nan,0.0,0.0
40.82172333,-73.91921833,2.5241237,0.00397936,0.0
40.813085,-73.92314833,0.0,0.0,0.0
40.81392,-73.88961,2.712653,0.19458807,0.0
40.76980833,-73.99017,1.367201,0.06443512,0.0
40.831875,-73.90232333,2.0526667,0.32198468,0.0
40.81767667,-73.92969667,0.0,0.0,0.0
40.81320333,-73.94546167,0.0,0.0,0.0
40.81345333,-73.885275,nan,0.28148478,0.0
40.81961667,-73.95940167,0.78,0.2080493,0.0
40.81814,-73.95471,1.3397,0.036719788,0.0
40.81944333,-73.911395,0.7472941,0.08373309,0.0
40.83071167,-73.92000667,2.7795947,0.20499039,0.0
40.76987667,-73.99035333,1.367201,0.06443512,0.0
40.80345167,-73.94227,0.0,0.0,0.0
40.81725667,-73.92993167,0.0,0.0,0.0
40.83688833,-73.927115,0.60644925,0.16499065,0.0
40.82800833,-73.95013833,1.3477976,0.24819854,0.0
40.83146667,-73.90118833,1.1765933,0.046328384,0.0
40.76247333,-73.96804833,3.2233927,0.10044928,0.0
40.82784333,-73.92565667,0.3,0.003558934,0.0
40.82799667,-73.95005,1.3369116,0.19554214,0.0
40.84351333,-73.91987667,0.0,0.0,0.0
40.812365,-73.91644667,0.81256413,0.024343112,0.0
40.81402833,-73.88888833,nan,0.51230234,0.0
40.81474,-73.91512167,1.5676819,0.3290534,0.0
40.83737667,-73.92747833,0.0,0.0,0.0
40.814145,-73.94713667,1.4531667,0.3092971,0.0
40.82126833,-73.95832667,nan,0.0,0.0
40.83437667,-73.92855167,0.0,0.0,0.0
40.80862333,-73.96563667,2.6462283,0.26558495,0.0
40.81327333,-73.92282667,0.0,0.0,0.0
40.81744,-73.88834167,1.077534,0.10689584,0.0
40.82336833,-73.89170167,nan,0.43297735,0.0
40.85924333,-73.932395,1.7727273,0.04859259,0.0
40.814825,-73.919775,0.5332,0.45947114,0.0
40.81404333,-73.88878,nan,0.51230234,0.0
40.764625,-73.97295167,nan,0.0,0.0
40.80459167,-73.90818667,0.7056716,0.10928415,0.0
40.813245,-73.92286667,0.0,0.0,0.0
40.81278833,-73.91622,0.6786364,0.12585294,0.0
40.80390167,-73.92041333,0.3689855,0.03527747,0.0
40.81099833,-73.90983333,0.95694447,0.037070353,0.0
40.82724,-73.925075,0.5545588,0.15101184,0.0
40.83019833,-73.91389667,1.8654244,0.10744311,0.0
40.80953333,-73.94804833,2.103313,0.019110216,0.0
40.82303667,-73.891675,1.7818334,0.18330845,0.0
40.83259333,-73.93136167,2.0161526,0.41847318,0.0
40.83463667,-73.92967333,1.0867352,0.06748468,0.0
40.82489667,-73.908085,1.554054,0.027167328,0.0
40.81839333,-73.95611833,3.1776667,0.02550441,0.0
40.76263,-73.968215,7.0817857,0.40071192,0.0
40.829785,-73.93088833,0.0,0.0,0.0
40.7619,-73.96700833,5.1574283,0.67239046,0.0
40.81083,-73.91734333,1.622078,0.13455413,0.0
40.82111167,-73.88534,0.33098447,0.10097268,0.0
40.82645,-73.95061333,0.38584614,0.04016224,0.0
40.81158833,-73.92607,0.533043,0.5195253,0.0
40.80337,-73.94233333,0.0,0.0,0.0
40.83911833,-73.92587,0.0,0.0,0.0
40.808745,-73.947835,0.0,0.0,0.0
40.82117667,-73.88607833,0.42623654,0.08989644,0.0
40.81264667,-73.95296333,2.003389,0.22390203,0.0
40.81564,-73.95690833,1.2527701,0.004908577,0.0
40.825845,-73.94897667,1.1885834,0.017717069,0.0
40.81370333,-73.94867167,2.2912946,0.008500679,0.0
40.82844833,-73.92735333,0.0,0.0,0.0
40.81333667,-73.92272167,0.0,0.0,0.0
40.83042667,-73.91376333,1.992742,0.35851267,0.0
40.84415667,-73.89739333,0.0,0.0,0.0
40.81791833,-73.95433833,3.8135998,0.04704088,0.0
40.821515,-73.91852333,2.307037,0.043226775,0.0
40.80163333,-73.94363333,1.5555556,0.0124091115,0.0
40.80132833,-73.943845,1.9880953,0.11916126,0.0
40.834315,-73.92837667,0.76666665,0.00036851515,0.0
40.81921667,-73.91067833,0.80219173,0.023442267,0.0
40.84013167,-73.92539667,1.6328572,0.038873788,0.0
40.81359,-73.88531167,0.82622224,0.30805764,0.0
40.82975667,-73.90783333,1.6317935,0.04053192,0.0
40.815735,-73.89806167,1.7524602,0.17911303,0.0
40.81234667,-73.95340167,1.4348649,0.096898794,0.0
40.82249167,-73.95271167,2.3913333,0.360905,0.0
40.814285,-73.89131167,0.23975,0.16597718,0.0
40.82158333,-73.918755,5.932381,0.22369926,0.0
40.81678333,-73.93015333,4.36875,0.0014361705,0.0
40.823105,-73.89168,1.7818334,0.18330845,0.0
40.83219333,-73.93154167,4.8897495,0.03836365,0.0
40.76427,-73.97202167,nan,0.6445032,0.0
40.84482833,-73.90945333,1.4448618,0.00050273386,0.0
40.80729333,-73.92837833,0.0,0.0,0.0
40.80452333,-73.92188333,1.1591305,0.01707513,0.0
40.80339667,-73.93818667,1.5610524,0.06975871,0.0
40.81888,-73.91659167,0.9855555,0.036234308,0.0
40.81246833,-73.94955167,0.9051667,0.057571534,0.0
40.81404833,-73.94690333,nan,0.40147206,0.0
40.82136167,-73.92833,0.0,0.0,0.0
40.80635667,-73.889095,0.62533337,0.026257414,0.0
40.82911,-73.90821167,0.7968292,0.071722634,0.0
40.82586,-73.88949,0.879,0.3041121,0.0
40.85877333,-73.93146,1.2043023,0.16165724,0.0
40.81028333,-73.92198167,0.5930853,0.24414401,0.0
40.79804167,-73.95286667,0.0,0.0,0.0
40.80984,-73.92785833,0.0,0.0,0.0
40.80361167,-73.95214667,2.414662,0.0056866696,0.0
40.76284333,-73.96785833,8.716043,0.09352062,0.0
40.814625,-73.89142833,0.0,0.0,0.0
40.81647667,-73.887725,0.0,0.0,0.0
40.83364,-73.89647333,0.0,0.0,0.0
40.80329833,-73.94238167,0.0,0.0,0.0
40.83959167,-73.92559,1.6032499,0.23812313,0.0
40.83264333,-73.931335,2.278844,0.049519222,0.0
40.82449333,-73.91015167,0.0,0.0,0.0
40.82129,-73.92834,0.45212123,0.02827675,0.0
40.81275833,-73.90656667,0.98766667,0.1871982,0.0
40.769775,-73.99008833,2.5614035,0.12876649,0.0
40.82084,-73.9158,1.9838333,0.2322566,0.0
40.82761833,-73.94916167,2.475997,0.24402821,0.0
40.81524667,-73.95805167,0.33647886,0.057552803,0.0
40.81829,-73.92945667,1.6786869,0.18699424,0.0
40.81127667,-73.909725,nan,0.48936346,0.0
40.77451333,-73.95420833,1.0278447,0.026609637,0.0
40.80468333,-73.90828667,0.0,0.0,0.0
40.82680833,-73.94690333,2.0196667,0.3532,0.0
40.844145,-73.89735667,0.0,0.0,0.0
40.82030833,-73.92698667,1.1044444,0.28844586,0.0
40.839385,-73.91536,nan,0.5302287,0.0
40.842035,-73.92112333,3.3666666,0.4286092,0.0
40.81553333,-73.95826667,0.0,0.0,0.0
40.81315833,-73.88520667,0.6013334,0.14337745,0.0
40.81298167,-73.94563,1.2484832,0.37383616,0.0
40.815525,-73.93056167,1.5145601,0.09552074,0.0
40.803695,-73.91987833,0.9240964,0.072318204,0.0
40.80816,-73.90797167,1.360098,0.13080247,0.0
40.85690667,-73.93263833,nan,0.3292396,0.0
40.82208167,-73.92028833,0.0,0.0,0.0
40.80601,-73.92541,0.4698969,0.0042375405,0.0
40.810435,-73.92186333,0.0,0.0,0.0
40.809095,-73.91836833,0.5081423,0.22043185,0.0
40.82474667,-73.89153833,0.8891429,0.24712841,0.0
40.81019667,-73.90880333,0.54366666,0.107042395,0.0
40.83842,-73.916895,2.5184484,0.09035105,0.0
40.809715,-73.90743667,0.34838888,0.13015991,0.0
40.81009,-73.927665,4.4334817,0.00037950097,0.0
40.83448,-73.930355,0.90909094,0.3271132,0.0
40.812825,-73.94932167,1.9018523,0.10528843,0.0
40.80444333,-73.91893833,0.0,0.0,0.0
40.80334667,-73.95302833,1.3286667,0.10576844,0.0
40.82368333,-73.89173,0.0,0.0,0.0
40.82123,-73.88556,0.27067798,0.24254589,0.0
40.8046,-73.94143833,2.3528197,0.2830923,0.0
40.81237667,-73.949585,0.0,0.0,0.0
40.80978667,-73.92964,1.5849057,0.016436437,0.0
40.85893667,-73.93136667,1.2043023,0.16165724,0.0
40.82996,-73.93151333,0.0,0.0,0.0
40.819655,-73.89152167,0.0,0.0,0.0
40.81330167,-73.88524333,0.4915,0.16665849,0.0
40.85518833,-73.93694167,0.49886522,0.09607002,0.0
40.83255833,-73.89838167,1.0413333,0.031896602,0.0
40.81559833,-73.91829333,1.3335714,3.2446656e-05,0.0
40.80924333,-73.91826167,1.1223255,0.009990508,0.0
40.80470333,-73.91885167,0.0,0.0,0.0
40.82197333,-73.92003167,0.0,0.0,0.0
40.815235,-73.95663333,1.2668718,0.07013941,0.0
40.85529333,-73.93583333,0.0,0.0,0.0
40.803095,-73.93839333,1.846761,0.08608288,0.0
40.8145,-73.918875,0.63199997,0.015643176,0.0
40.81526667,-73.93057833,1.5267743,0.009183047,0.0
40.80337333,-73.95308667,1.3286667,0.10576844,0.0
40.814035,-73.955765,0.37333333,0.022484524,0.0
40.82389167,-73.89176333,0.0,0.0,0.0
40.80461833,-73.91887833,0.0,0.0,0.0
40.83068,-73.91359833,1.9740323,0.11079561,0.0
40.85740833,-73.93059667,nan,0.11279319,0.0
40.83454167,-73.93030167,2.5397727,0.06213816,0.0
40.83276167,-73.89810667,1.1687046,6.326569e-05,0.0
40.857455,-73.93031667,nan,0.0,0.0
40.80481167,-73.91867167,0.0,0.0,0.0
40.77010667,-73.99117,1.367201,0.23769912,0.0
40.81252333,-73.95107667,0.0,0.0,0.0
40.83233667,-73.89868,1.0333333,0.120988965,0.0
40.80829667,-73.94681833,0.34191665,0.03199325,0.0
40.81456,-73.91882667,nan,0.1248419,0.0
40.81517333,-73.91906333,0.6051637,0.12182467,0.0
40.82887833,-73.908305,0.7968292,0.071722634,0.0
40.85512833,-73.93696833,0.49886522,0.09607002,0.0
40.77016833,-73.99154333,3.782105,0.008385632,0.0
40.81960833,-73.913395,0.6666667,0.34128293,0.0
40.81500833,-73.91942333,0.5624211,0.11196407,0.0
40.85722,-73.93105167,1.9913334,0.3787199,0.0
40.85552167,-73.936775,1.6430953,0.08933613,0.0
40.81204167,-73.94990333,1.1956521,0.047668643,0.0
40.85583333,-73.93666333,nan,0.28962573,0.0
40.828855,-73.90831667,1.4702439,0.14279301,0.0
40.81432167,-73.89132167,0.23975,0.16597718,0.0
40.85713333,-73.93130333,1.9580001,0.30244088,0.0
40.81675667,-73.89203333,0.0,0.0,0.0
40.80973833,-73.92792667,7.1252384,0.0057667852,0.0
40.80423333,-73.91932333,0.7579747,0.017938435,0.0
40.81467667,-73.91854833,1.0195364,0.023213938,0.0
40.82145,-73.95812833,0.0,0.0,0.0
40.81442,-73.95597,1.5498462,0.269096,0.0
40.856415,-73.93626,3.700714,0.031446565,0.0
40.77018333,-73.99162667,3.782105,0.008385632,0.0
40.82824,-73.9269,0.0,0.0,0.0
40.80425167,-73.92123667,0.387971,0.09843579,0.0
40.84107,-73.89917,1.4144363,0.05799488,0.0
40.82164667,-73.88878333,0.0,0.0,0.0
40.82412667,-73.90921167,1.5691217,0.25167188,0.0
40.80909833,-73.92884,0.0,0.0,0.0
40.82503167,-73.89103333,0.9980488,0.29878736,0.0
40.818105,-73.91491,2.6003182,0.0018760246,0.0
40.80627833,-73.92616,0.7676836,0.08054071,0.0
40.80845833,-73.94718333,1.4993333,0.0006857947,0.0
40.81610667,-73.91743333,1.07211,0.029857172,0.0
40.80555833,-73.91445333,0.0,0.0,0.0
40.817195,-73.91591667,0.6275954,0.04252732,0.0
40.814215,-73.91909667,0.0,0.0,0.0
40.81357667,-73.93051833,0.0,0.0,0.0
40.80937,-73.90755667,0.0,0.0,0.0
40.81619667,-73.91728,1.07211,0.029857172,0.0
40.82432,-73.891795,1.0203279,0.015114951,0.0
40.82969667,-73.93133,0.0,0.0,0.0
40.85721333,-73.93543667,1.6953659,0.1433123,0.0
40.82498333,-73.89111167,0.9980488,0.29878736,0.0
40.81428833,-73.93073,0.0,0.0,0.0
40.82487,-73.89134,0.2495082,0.024895892,0.0
40.818625,-73.89255833,1.1965556,0.025007391,0.0
40.857525,-73.93105667,1.6448333,0.12907639,0.0
40.80445,-73.91175833,0.0,0.0,0.0
40.80843333,-73.94712167,1.4993333,0.0006857947,0.0
40.85603167,-73.933035,0.0,0.0,0.0
40.813145,-73.909155,1.4795455,0.09662987,0.0
40.81104333,-73.92142333,0.31578946,0.051103324,0.0
40.81352833,-73.9304,0.0,0.0,0.0
40.80903667,-73.92879167,0.28193548,0.0007118823,0.0
40.80518333,-73.91342167,nan,0.38871637,0.0
40.812905,-73.92964667,0.0,0.0,0.0
40.80898833,-73.92874167,0.28193548,0.0007118823,0.0
40.81502667,-73.91809667,1.5973914,0.39496619,0.0
40.854865,-73.93569667,2.3803124,0.078585066,0.0
40.81855,-73.89262167,1.1965556,0.025007391,0.0
40.81827167,-73.91469833,0.64893335,0.15067296,0.0
40.81395,-73.93084667,0.0,0.0,0.0
40.85452333,-73.93458833,2.2078125,0.00054479984,0.0
40.80894167,-73.92854167,0.0,0.0,0.0
40.80492667,-73.912115,1.2376924,0.2509309,0.0
40.82198,-73.911665,0.54347295,0.03651889,0.0
40.81380333,-73.91938833,0.55833334,0.09934634,0.0
40.83317833,-73.93103333,0.5040672,0.013242557,0.0
40.85454167,-73.93464667,2.2078125,0.00054479984,0.0
40.81541333,-73.91722333,0.9719565,0.28260085,0.0
40.80440167,-73.911645,0.0,0.0,0.0
