lat,long,segment_avg_length_res1000,segment_count_res1000,segment_total_length_res1000,degree_orientation_res1000,entropy_orientation_res1000,mean_circuity_res1000
40.78876333,-73.971665,138.38016,124.0,17159.139,22.695274,0.32186183,1.0003598
40.788875,-73.97192833,138.38016,124.0,17159.139,22.695274,0.32186183,1.0003598
40.78908,-73.96708,197.50594,44.0,8690.261,22.695274,0.5796246,1.0046587
40.78908167,-73.97255,138.38016,124.0,17159.139,22.695274,0.32186183,1.0003598
40.78795333,-73.96969667,138.38016,124.0,17159.139,22.695274,0.32186183,1.0003598
40.78418333,-73.97021167,198.05774,56.0,11091.233,28.013222,0.1540761,1.0039208
40.78470833,-73.96975167,138.38016,124.0,17159.139,22.695274,0.32186183,1.0003598
40.78886333,-73.96676667,197.50594,44.0,8690.261,22.695274,0.5796246,1.0046587
40.788585,-73.97130333,138.38016,124.0,17159.139,22.695274,0.32186183,1.0003598
40.78418333,-73.966635,184.05873,42.0,7730.467,27.954458,0.4744822,1.0079871
40.78182667,-73.98672167,166.11485,62.0,10299.121,16.928703,1.2252791,1.0032929
40.81512333,-73.95032333,140.18352,126.0,17663.123,18.989073,0.7035906,1.0027654
40.76774167,-73.98230833,125.52109,110.0,13807.319,28.156,1.088251,1.0063736
40.78370667,-73.96508333,184.05873,42.0,7730.467,27.954458,0.4744822,1.0079871
40.77094667,-73.97968333,125.52109,110.0,13807.319,28.156,1.088251,1.0063736
40.79593833,-73.95570333,110.13573,80.0,8810.858,2.676638,0.63717574,1.0050446
40.78512667,-73.97289167,138.38016,124.0,17159.139,22.695274,0.32186183,1.0003598
40.78309833,-73.95583833,121.663315,140.0,17032.863,28.11458,0.0,0.9997365
40.781915,-73.96325,184.05873,42.0,7730.467,27.954458,0.4744822,1.0079871
40.777375,-73.94459,175.24786,119.0,20854.496,27.796658,0.9163958,1.0071354
40.78476,-73.97195,138.38016,124.0,17159.139,22.695274,0.32186183,1.0003598
40.781725,-73.94579667,175.24786,119.0,20854.496,27.796658,0.9163958,1.0071354
40.78740333,-73.98071167,158.108,103.0,16285.124,27.857971,1.1412785,1.0061424
40.758905,-73.96015833,181.82753,155.0,28183.268,28.114243,0.2892998,1.0039169
40.78264333,-73.98460333,141.66939,148.0,20967.07,18.064835,0.9105784,1.000232
40.79036333,-73.97688333,158.108,103.0,16285.124,27.857971,1.1412785,1.0061424
40.81563833,-73.94998833,140.18352,126.0,17663.123,18.989073,0.7035906,1.0027654
40.77889,-73.94784,175.24786,119.0,20854.496,27.796658,0.9163958,1.0071354
40.78934667,-73.973275,138.38016,124.0,17159.139,22.695274,0.32186183,1.0003598
40.79867333,-73.95970667,110.13573,80.0,8810.858,2.676638,0.63717574,1.0050446
40.78009,-73.94704833,175.24786,119.0,20854.496,27.796658,0.9163958,1.0071354
40.76795333,-73.982415,125.52109,110.0,13807.319,28.156,1.088251,1.0063736
40.78694667,-73.97984667,158.108,103.0,16285.124,27.857971,1.1412785,1.0061424
40.78111,-73.98738167,166.11485,62.0,10299.121,16.928703,1.2252791,1.0032929
40.789975,-73.97607667,138.38016,124.0,17159.139,22.695274,0.32186183,1.0003598
40.79138333,-73.96195667,197.50594,44.0,8690.261,22.695274,0.5796246,1.0046587
40.78667,-73.97963,158.108,103.0,16285.124,27.857971,1.1412785,1.0061424
40.78251333,-73.95438833,121.663315,140.0,17032.863,28.11458,0.0,0.9997365
40.79177333,-73.96295833,197.50594,44.0,8690.261,22.695274,0.5796246,1.0046587
40.790355,-73.941705,205.87564,62.0,12764.29,0.0,0.9808029,nan
40.78309667,-73.98581667,166.11485,62.0,10299.121,16.928703,1.2252791,1.0032929
40.79022,-73.96991,138.38016,124.0,17159.139,22.695274,0.32186183,1.0003598
40.79833667,-73.95996333,110.13573,80.0,8810.858,2.676638,0.63717574,1.0050446
40.76804,-73.98242,125.52109,110.0,13807.319,28.156,1.088251,1.0063736
40.77158667,-73.97728333,125.52109,110.0,13807.319,28.156,1.088251,1.0063736
40.77291833,-73.94637333,169.60757,104.0,17639.188,22.561539,0.6019336,1.0684935
40.79016,-73.96973667,138.38016,124.0,17159.139,22.695274,0.32186183,1.0003598
40.796185,-73.95559167,110.13573,80.0,8810.858,2.676638,0.63717574,1.0050446
40.75887667,-73.96010333,181.82753,155.0,28183.268,28.114243,0.2892998,1.0039169
40.78978167,-73.97565,138.38016,124.0,17159.139,22.695274,0.32186183,1.0003598
40.79883167,-73.95958667,110.13573,80.0,8810.858,2.676638,0.63717574,1.0050446
40.81433333,-73.95093167,140.18352,126.0,17663.123,18.989073,0.7035906,1.0027654
40.76942167,-73.98085833,125.52109,110.0,13807.319,28.156,1.088251,1.0063736
40.78273833,-73.96359333,184.05873,42.0,7730.467,27.954458,0.4744822,1.0079871
40.78117,-73.96236,184.05873,42.0,7730.467,27.954458,0.4744822,1.0079871
40.76812833,-73.98243167,125.52109,110.0,13807.319,28.156,1.088251,1.0063736
40.78737833,-73.98065667,158.108,103.0,16285.124,27.857971,1.1412785,1.0061424
40.79151333,-73.96223833,197.50594,44.0,8690.261,22.695274,0.5796246,1.0046587
40.784905,-73.97228167,138.38016,124.0,17159.139,22.695274,0.32186183,1.0003598
40.78302333,-73.984475,141.66939,148.0,20967.07,18.064835,0.9105784,1.000232
40.78964,-73.97515667,138.38016,124.0,17159.139,22.695274,0.32186183,1.0003598
40.78093667,-73.96217833,184.05873,42.0,7730.467,27.954458,0.4744822,1.0079871
40.7896,-73.95764833,131.18254,66.0,8658.048,28.015696,0.07851576,1.0009172
40.84138833,-73.89286,119.19332,156.0,18594.158,7.9313188,1.6603839,1.0043721
40.78989667,-73.95836333,131.18254,66.0,8658.048,28.015696,0.07851576,1.0009172
40.79522,-73.93310667,218.9818,85.0,18613.453,3.347065,1.2235403,1.0694616
40.80721667,-73.898815,566.2327,11.0,6228.56,11.578984,1.4681399,1.0454613
40.78651667,-73.975995,138.38016,124.0,17159.139,22.695274,0.32186183,1.0003598
40.78789333,-73.98061167,158.108,103.0,16285.124,27.857971,1.1412785,1.0061424
40.807085,-73.96706333,169.0119,132.0,22309.57,2.54118,1.041368,1.0032163
40.79345333,-73.96702333,126.96753,115.0,14601.266,24.83686,0.53494084,1.000338
40.77439333,-73.98249667,125.52109,110.0,13807.319,28.156,1.088251,1.0063736
40.79726333,-73.95459,110.13573,80.0,8810.858,2.676638,0.63717574,1.0050446
40.79543,-73.93384167,218.9818,85.0,18613.453,3.347065,1.2235403,1.0694616
40.78633833,-73.97887167,158.108,103.0,16285.124,27.857971,1.1412785,1.0061424
40.78922667,-73.98053,158.108,103.0,16285.124,27.857971,1.1412785,1.0061424
40.79635667,-73.9723,150.90012,139.0,20975.115,27.521873,0.8113764,1.0856252
40.785675,-73.98471,158.108,103.0,16285.124,27.857971,1.1412785,1.0061424
40.77546,-73.98227833,125.52109,110.0,13807.319,28.156,1.088251,1.0063736
40.78637333,-73.94239,205.87564,62.0,12764.29,0.0,0.9808029,nan
40.78618,-73.97824333,158.108,103.0,16285.124,27.857971,1.1412785,1.0061424
40.78652667,-73.97923667,158.108,103.0,16285.124,27.857971,1.1412785,1.0061424
40.79070667,-73.977965,158.108,103.0,16285.124,27.857971,1.1412785,1.0061424
40.78925667,-73.973785,138.38016,124.0,17159.139,22.695274,0.32186183,1.0003598
40.79981333,-73.95881833,110.13573,80.0,8810.858,2.676638,0.63717574,1.0050446
40.76774,-73.98191,125.52109,110.0,13807.319,28.156,1.088251,1.0063736
40.78785167,-73.98061833,158.108,103.0,16285.124,27.857971,1.1412785,1.0061424
40.84360667,-73.92448833,169.77025,163.0,27672.55,0.5124478,2.0537114,1.0413039
40.80784333,-73.89894667,566.2327,11.0,6228.56,11.578984,1.4681399,1.0454613
40.768135,-73.95300667,151.98943,116.0,17630.773,28.152534,0.0,0.9995603
40.79106833,-73.956465,131.18254,66.0,8658.048,28.015696,0.07851576,1.0009172
40.78053667,-73.94668333,175.24786,119.0,20854.496,27.796658,0.9163958,1.0071354
40.795475,-73.955205,110.13573,80.0,8810.858,2.676638,0.63717574,1.0050446
40.79209333,-73.97388833,138.38016,124.0,17159.139,22.695274,0.32186183,1.0003598
40.78605333,-73.95322833,131.18254,66.0,8658.048,28.015696,0.07851576,1.0009172
40.78691833,-73.97746833,158.108,103.0,16285.124,27.857971,1.1412785,1.0061424
40.79670167,-73.93201,218.9818,85.0,18613.453,3.347065,1.2235403,1.0694616
40.77552167,-73.982295,125.52109,110.0,13807.319,28.156,1.088251,1.0063736
40.77540667,-73.94437,169.60757,104.0,17639.188,22.561539,0.6019336,1.0684935
40.79201333,-73.97374167,138.38016,124.0,17159.139,22.695274,0.32186183,1.0003598
40.78166,-73.94584167,175.24786,119.0,20854.496,27.796658,0.9163958,1.0071354
40.78687833,-73.97750833,158.108,103.0,16285.124,27.857971,1.1412785,1.0061424
40.77422333,-73.98251167,125.52109,110.0,13807.319,28.156,1.088251,1.0063736
40.80458667,-73.95585,108.636345,201.0,21835.906,2.347573,0.6859712,1.0024277
40.84209167,-73.89406167,183.50221,76.0,13946.168,20.3097,1.6289655,1.0060223
40.776545,-73.94356667,175.24786,119.0,20854.496,27.796658,0.9163958,1.0071354
40.79146333,-73.97264167,138.38016,124.0,17159.139,22.695274,0.32186183,1.0003598
40.78903,-73.980605,158.108,103.0,16285.124,27.857971,1.1412785,1.0061424
40.78774167,-73.95382833,131.18254,66.0,8658.048,28.015696,0.07851576,1.0009172
40.75905833,-73.96049833,181.82753,155.0,28183.268,28.114243,0.2892998,1.0039169
40.79043,-73.94182667,205.87564,62.0,12764.29,0.0,0.9808029,nan
40.78324167,-73.95644,121.663315,140.0,17032.863,28.11458,0.0,0.9997365
40.75906667,-73.95949,265.7805,108.0,28704.293,21.67559,0.9034912,1.0151948
40.79417333,-73.97020667,150.90012,139.0,20975.115,27.521873,0.8113764,1.0856252
40.81011333,-73.89813167,566.2327,11.0,6228.56,11.578984,1.4681399,1.0454613
40.77857833,-73.94727833,175.24786,119.0,20854.496,27.796658,0.9163958,1.0071354
40.78666,-73.97653167,138.38016,124.0,17159.139,22.695274,0.32186183,1.0003598
40.78367667,-73.98390167,141.66939,148.0,20967.07,18.064835,0.9105784,1.000232
40.80542167,-73.899475,566.2327,11.0,6228.56,11.578984,1.4681399,1.0454613
40.79101833,-73.95653167,131.18254,66.0,8658.048,28.015696,0.07851576,1.0009172
40.77597333,-73.94396667,169.60757,104.0,17639.188,22.561539,0.6019336,1.0684935
40.78499833,-73.98472333,158.108,103.0,16285.124,27.857971,1.1412785,1.0061424
40.77330833,-73.94893667,169.60757,104.0,17639.188,22.561539,0.6019336,1.0684935
40.78573,-73.98470667,158.108,103.0,16285.124,27.857971,1.1412785,1.0061424
40.75916167,-73.96068667,181.82753,155.0,28183.268,28.114243,0.2892998,1.0039169
40.79774,-73.951185,124.326035,122.0,15167.776,28.046879,0.17838924,1.0026748
40.797615,-73.95443833,110.13573,80.0,8810.858,2.676638,0.63717574,1.0050446
40.76783,-73.97065667,156.6064,25.0,3915.16,28.496176,0.44330668,1.0011126
40.783335,-73.95697833,121.663315,140.0,17032.863,28.11458,0.0,0.9997365
40.78617833,-73.95362833,131.18254,66.0,8658.048,28.015696,0.07851576,1.0009172
40.79653667,-73.93213833,218.9818,85.0,18613.453,3.347065,1.2235403,1.0694616
40.79676667,-73.95492333,110.13573,80.0,8810.858,2.676638,0.63717574,1.0050446
40.82287167,-73.887255,175.01787,132.0,23102.36,0.17833267,1.9393232,1.0096782
40.79073667,-73.95680833,131.18254,66.0,8658.048,28.015696,0.07851576,1.0009172
40.84343167,-73.92461167,169.77025,163.0,27672.55,0.5124478,2.0537114,1.0413039
40.80613167,-73.902365,168.29265,112.0,18848.777,7.2207155,1.9428554,1.0020025
40.81362667,-73.89948167,170.58284,140.0,23881.598,8.855713,1.6667511,1.0051283
40.78071167,-73.9465,175.24786,119.0,20854.496,27.796658,0.9163958,1.0071354
40.805955,-73.947145,150.06033,112.0,16806.758,27.842894,0.0,0.9998224
40.80953,-73.95983667,108.636345,201.0,21835.906,2.347573,0.6859712,1.0024277
40.79690667,-73.95479667,110.13573,80.0,8810.858,2.676638,0.63717574,1.0050446
40.78186167,-73.945695,175.24786,119.0,20854.496,27.796658,0.9163958,1.0071354
40.791,-73.971625,138.38016,124.0,17159.139,22.695274,0.32186183,1.0003598
40.7908,-73.97831833,158.108,103.0,16285.124,27.857971,1.1412785,1.0061424
40.79080333,-73.97892167,158.108,103.0,16285.124,27.857971,1.1412785,1.0061424
40.8226,-73.88750833,175.01787,132.0,23102.36,0.17833267,1.9393232,1.0096782
40.78434667,-73.983185,141.66939,148.0,20967.07,18.064835,0.9105784,1.000232
40.7966,-73.97217667,150.90012,139.0,20975.115,27.521873,0.8113764,1.0856252
40.78591667,-73.94266,205.87564,62.0,12764.29,0.0,0.9808029,nan
40.77342667,-73.94932167,169.60757,104.0,17639.188,22.561539,0.6019336,1.0684935
40.77396333,-73.98251167,125.52109,110.0,13807.319,28.156,1.088251,1.0063736
40.77660833,-73.94351667,175.24786,119.0,20854.496,27.796658,0.9163958,1.0071354
40.79038833,-73.95702833,131.18254,66.0,8658.048,28.015696,0.07851576,1.0009172
40.806175,-73.96737333,169.0119,132.0,22309.57,2.54118,1.041368,1.0032163
40.78188,-73.95818167,121.663315,140.0,17032.863,28.11458,0.0,0.9997365
40.816245,-73.94980333,140.18352,126.0,17663.123,18.989073,0.7035906,1.0027654
40.83678667,-73.91806833,121.55696,173.0,21029.354,3.0354552,1.9275068,1.0055494
40.77375833,-73.95192833,151.98943,116.0,17630.773,28.152534,0.0,0.9995603
40.79000333,-73.95868167,131.18254,66.0,8658.048,28.015696,0.07851576,1.0009172
40.773365,-73.96004167,116.998055,129.0,15092.749,28.188112,0.04539478,0.9997572
40.806685,-73.89871333,566.2327,11.0,6228.56,11.578984,1.4681399,1.0454613
40.843095,-73.92465667,169.77025,163.0,27672.55,0.5124478,2.0537114,1.0413039
40.76888333,-73.98121,125.52109,110.0,13807.319,28.156,1.088251,1.0063736
40.78656667,-73.954495,131.18254,66.0,8658.048,28.015696,0.07851576,1.0009172
40.77355667,-73.95993833,151.98943,116.0,17630.773,28.152534,0.0,0.9995603
40.790915,-73.97859167,158.108,103.0,16285.124,27.857971,1.1412785,1.0061424
40.76849333,-73.95254167,151.98943,116.0,17630.773,28.152534,0.0,0.9995603
40.79723333,-73.97175333,150.90012,139.0,20975.115,27.521873,0.8113764,1.0856252
40.79215333,-73.96372167,197.50594,44.0,8690.261,22.695274,0.5796246,1.0046587
40.78659167,-73.95286,131.18254,66.0,8658.048,28.015696,0.07851576,1.0009172
40.75933833,-73.961075,181.82753,155.0,28183.268,28.114243,0.2892998,1.0039169
40.79645333,-73.97226167,150.90012,139.0,20975.115,27.521873,0.8113764,1.0856252
40.80002167,-73.96766833,126.96753,115.0,14601.266,24.83686,0.53494084,1.000338
40.79414667,-73.949095,124.326035,122.0,15167.776,28.046879,0.17838924,1.0026748
40.797535,-73.96059167,126.96753,115.0,14601.266,24.83686,0.53494084,1.000338
40.795155,-73.93322,218.9818,85.0,18613.453,3.347065,1.2235403,1.0694616
40.78681,-73.94806167,124.82146,121.0,15103.396,28.187054,0.04786485,0.99985325
40.81350667,-73.899135,170.58284,140.0,23881.598,8.855713,1.6667511,1.0051283
40.84315667,-73.90962667,119.66612,143.0,17112.256,3.0354552,1.7027559,1.017371
40.76121,-73.95757833,265.7805,108.0,28704.293,21.67559,0.9034912,1.0151948
40.83735333,-73.91770833,121.55696,173.0,21029.354,3.0354552,1.9275068,1.0055494
40.77075833,-73.98724667,167.82324,111.0,18628.379,27.069763,0.6302606,1.0103678
40.80615167,-73.87953667,167.16643,68.0,11367.317,11.777052,0.6669471,1.0126331
40.765805,-73.97206,128.76662,123.0,15838.294,28.22213,0.13019001,1.0021577
40.83370667,-73.9024,145.96529,96.0,14012.668,19.257107,1.463957,1.002401
40.79562833,-73.95461833,110.13573,80.0,8810.858,2.676638,0.63717574,1.0050446
40.811215,-73.90329667,116.49381,139.0,16192.64,8.659099,1.645136,1.0050673
40.79555833,-73.93413833,218.9818,85.0,18613.453,3.347065,1.2235403,1.0694616
40.81547667,-73.90040833,170.58284,140.0,23881.598,8.855713,1.6667511,1.0051283
40.80417,-73.95488,108.636345,201.0,21835.906,2.347573,0.6859712,1.0024277
40.84413333,-73.92372,169.77025,163.0,27672.55,0.5124478,2.0537114,1.0413039
40.80892667,-73.895605,566.2327,11.0,6228.56,11.578984,1.4681399,1.0454613
40.7693,-73.95195833,151.98943,116.0,17630.773,28.152534,0.0,0.9995603
40.84142667,-73.92564667,169.77025,163.0,27672.55,0.5124478,2.0537114,1.0413039
40.79075333,-73.942635,205.87564,62.0,12764.29,0.0,0.9808029,nan
40.83194167,-73.92131667,122.43185,124.0,15181.549,22.119202,1.5626888,1.0051489
40.77091833,-73.98715333,167.82324,111.0,18628.379,27.069763,0.6302606,1.0103678
40.81051333,-73.89874,566.2327,11.0,6228.56,11.578984,1.4681399,1.0454613
40.81975,-73.897585,120.91499,126.0,15235.289,0.038962826,1.7414876,1.0098106
40.843665,-73.90627,119.66612,143.0,17112.256,3.0354552,1.7027559,1.017371
40.767875,-73.970495,156.6064,25.0,3915.16,28.496176,0.44330668,1.0011126
40.79014833,-73.941085,205.87564,62.0,12764.29,0.0,0.9808029,nan
40.79409667,-73.97013333,150.90012,139.0,20975.115,27.521873,0.8113764,1.0856252
40.80541333,-73.88117167,167.16643,68.0,11367.317,11.777052,0.6669471,1.0126331
40.84028333,-73.91002833,121.55696,173.0,21029.354,3.0354552,1.9275068,1.0055494
40.80749333,-73.88944167,174.61925,59.0,10302.535,11.715825,0.23336814,1.0108393
40.75951,-73.95901667,265.7805,108.0,28704.293,21.67559,0.9034912,1.0151948
40.817495,-73.90356167,116.49381,139.0,16192.64,8.659099,1.645136,1.0050673
40.807605,-73.96688667,169.0119,132.0,22309.57,2.54118,1.041368,1.0032163
40.786255,-73.97541167,138.38016,124.0,17159.139,22.695274,0.32186183,1.0003598
40.835245,-73.912915,121.1176,165.0,19984.404,5.403908,1.0763421,1.0019869
40.81892,-73.89614833,170.58284,140.0,23881.598,8.855713,1.6667511,1.0051283
40.78149167,-73.95433333,121.663315,140.0,17032.863,28.11458,0.0,0.9997365
40.84229167,-73.92512667,169.77025,163.0,27672.55,0.5124478,2.0537114,1.0413039
40.80517667,-73.90222167,168.29265,112.0,18848.777,7.2207155,1.9428554,1.0020025
40.83730333,-73.917745,121.55696,173.0,21029.354,3.0354552,1.9275068,1.0055494
40.76218833,-73.95701833,265.7805,108.0,28704.293,21.67559,0.9034912,1.0151948
40.83208833,-73.91789333,121.1176,165.0,19984.404,5.403908,1.0763421,1.0019869
40.76223,-73.956985,265.7805,108.0,28704.293,21.67559,0.9034912,1.0151948
40.75945667,-73.96148333,181.82753,155.0,28183.268,28.114243,0.2892998,1.0039169
40.84112667,-73.90956,119.66612,143.0,17112.256,3.0354552,1.7027559,1.017371
40.7854,-73.94763167,124.82146,121.0,15103.396,28.187054,0.04786485,0.99985325
40.765855,-73.97201333,128.76662,123.0,15838.294,28.22213,0.13019001,1.0021577
40.76086,-73.95799667,265.7805,108.0,28704.293,21.67559,0.9034912,1.0151948
40.76041333,-73.96383333,181.82753,155.0,28183.268,28.114243,0.2892998,1.0039169
40.80545833,-73.88087333,167.16643,68.0,11367.317,11.777052,0.6669471,1.0126331
40.782095,-73.98283833,141.66939,148.0,20967.07,18.064835,0.9105784,1.000232
40.785155,-73.94646,124.82146,121.0,15103.396,28.187054,0.04786485,0.99985325
40.84341,-73.90953333,119.66612,143.0,17112.256,3.0354552,1.7027559,1.017371
40.793605,-73.969145,150.90012,139.0,20975.115,27.521873,0.8113764,1.0856252
40.79004833,-73.94900333,124.82146,121.0,15103.396,28.187054,0.04786485,0.99985325
40.80547333,-73.95807667,108.636345,201.0,21835.906,2.347573,0.6859712,1.0024277
40.780215,-73.98504833,166.11485,62.0,10299.121,16.928703,1.2252791,1.0032929
40.84277667,-73.89324667,119.19332,156.0,18594.158,7.9313188,1.6603839,1.0043721
40.786845,-73.95255667,131.18254,66.0,8658.048,28.015696,0.07851576,1.0009172
40.79237667,-73.95508,131.18254,66.0,8658.048,28.015696,0.07851576,1.0009172
40.841025,-73.92208333,169.77025,163.0,27672.55,0.5124478,2.0537114,1.0413039
40.842125,-73.892235,119.19332,156.0,18594.158,7.9313188,1.6603839,1.0043721
40.80855,-73.88972167,174.61925,59.0,10302.535,11.715825,0.23336814,1.0108393
40.75958833,-73.958945,265.7805,108.0,28704.293,21.67559,0.9034912,1.0151948
40.76490833,-73.96860667,128.76662,123.0,15838.294,28.22213,0.13019001,1.0021577
40.81226,-73.95697833,128.30469,164.0,21041.969,24.798702,1.1359671,1.0091103
40.76693167,-73.971345,128.76662,123.0,15838.294,28.22213,0.13019001,1.0021577
40.82323333,-73.88797,175.01787,132.0,23102.36,0.17833267,1.9393232,1.0096782
40.79340167,-73.97463167,150.90012,139.0,20975.115,27.521873,0.8113764,1.0856252
40.785135,-73.946495,124.82146,121.0,15103.396,28.187054,0.04786485,0.99985325
40.79158,-73.95584,131.18254,66.0,8658.048,28.015696,0.07851576,1.0009172
40.84419667,-73.91757833,121.55696,173.0,21029.354,3.0354552,1.9275068,1.0055494
40.81484833,-73.90011833,170.58284,140.0,23881.598,8.855713,1.6667511,1.0051283
40.76595333,-73.97195667,128.76662,123.0,15838.294,28.22213,0.13019001,1.0021577
40.767035,-73.97126833,128.76662,123.0,15838.294,28.22213,0.13019001,1.0021577
40.7991,-73.93475833,218.9818,85.0,18613.453,3.347065,1.2235403,1.0694616
40.76495667,-73.96877667,128.76662,123.0,15838.294,28.22213,0.13019001,1.0021577
40.79514333,-73.94826333,124.326035,122.0,15167.776,28.046879,0.17838924,1.0026748
40.79778667,-73.971365,150.90012,139.0,20975.115,27.521873,0.8113764,1.0856252
40.79191833,-73.95539167,131.18254,66.0,8658.048,28.015696,0.07851576,1.0009172
40.7742,-73.95947,151.98943,116.0,17630.773,28.152534,0.0,0.9995603
40.772585,-73.96063833,116.998055,129.0,15092.749,28.188112,0.04539478,0.9997572
40.80943333,-73.903525,168.29265,112.0,18848.777,7.2207155,1.9428554,1.0020025
40.76733,-73.971035,128.76662,123.0,15838.294,28.22213,0.13019001,1.0021577
40.80945167,-73.90302833,168.29265,112.0,18848.777,7.2207155,1.9428554,1.0020025
40.78214667,-73.957995,121.663315,140.0,17032.863,28.11458,0.0,0.9997365
40.79019833,-73.949355,124.82146,121.0,15103.396,28.187054,0.04786485,0.99985325
40.81173833,-73.95730833,128.30469,164.0,21041.969,24.798702,1.1359671,1.0091103
40.77413167,-73.95949333,151.98943,116.0,17630.773,28.152534,0.0,0.9995603
40.79134,-73.97253333,138.38016,124.0,17159.139,22.695274,0.32186183,1.0003598
40.76757167,-73.970795,156.6064,25.0,3915.16,28.496176,0.44330668,1.0011126
40.80805833,-73.964165,169.0119,132.0,22309.57,2.54118,1.041368,1.0032163
40.774125,-73.952775,151.98943,116.0,17630.773,28.152534,0.0,0.9995603
40.800805,-73.96780333,126.96753,115.0,14601.266,24.83686,0.53494084,1.000338
40.77790333,-73.94580833,175.24786,119.0,20854.496,27.796658,0.9163958,1.0071354
40.77318667,-73.960155,116.998055,129.0,15092.749,28.188112,0.04539478,0.9997572
40.77407667,-73.95950833,151.98943,116.0,17630.773,28.152534,0.0,0.9995603
40.842745,-73.90968333,119.66612,143.0,17112.256,3.0354552,1.7027559,1.017371
40.80889833,-73.89594667,566.2327,11.0,6228.56,11.578984,1.4681399,1.0454613
40.79741333,-73.93151,218.9818,85.0,18613.453,3.347065,1.2235403,1.0694616
40.797755,-73.96144,126.96753,115.0,14601.266,24.83686,0.53494084,1.000338
40.79770167,-73.95109333,124.326035,122.0,15167.776,28.046879,0.17838924,1.0026748
40.79168167,-73.95569667,131.18254,66.0,8658.048,28.015696,0.07851576,1.0009172
40.80831,-73.96358167,169.0119,132.0,22309.57,2.54118,1.041368,1.0032163
40.84411,-73.91739333,121.55696,173.0,21029.354,3.0354552,1.9275068,1.0055494
40.79453667,-73.96988833,150.90012,139.0,20975.115,27.521873,0.8113764,1.0856252
40.80643333,-73.879635,167.16643,68.0,11367.317,11.777052,0.6669471,1.0126331
40.79355167,-73.96904,150.90012,139.0,20975.115,27.521873,0.8113764,1.0856252
40.775965,-73.983515,125.52109,110.0,13807.319,28.156,1.088251,1.0063736
40.84416833,-73.91753833,121.55696,173.0,21029.354,3.0354552,1.9275068,1.0055494
40.76125333,-73.95755667,265.7805,108.0,28704.293,21.67559,0.9034912,1.0151948
40.78030667,-73.98553167,166.11485,62.0,10299.121,16.928703,1.2252791,1.0032929
40.78470667,-73.94354333,124.82146,121.0,15103.396,28.187054,0.04786485,0.99985325
40.84131333,-73.92570833,169.77025,163.0,27672.55,0.5124478,2.0537114,1.0413039
40.78652,-73.97783167,158.108,103.0,16285.124,27.857971,1.1412785,1.0061424
40.80602167,-73.95793167,108.636345,201.0,21835.906,2.347573,0.6859712,1.0024277
40.765515,-73.972215,128.76662,123.0,15838.294,28.22213,0.13019001,1.0021577
40.79043667,-73.97948333,158.108,103.0,16285.124,27.857971,1.1412785,1.0061424
40.84361667,-73.90565167,119.66612,143.0,17112.256,3.0354552,1.7027559,1.017371
40.81940667,-73.89642,120.91499,126.0,15235.289,0.038962826,1.7414876,1.0098106
40.76878333,-73.972105,156.6064,25.0,3915.16,28.496176,0.44330668,1.0011126
40.84403833,-73.92396833,169.77025,163.0,27672.55,0.5124478,2.0537114,1.0413039
40.76729167,-73.97109,128.76662,123.0,15838.294,28.22213,0.13019001,1.0021577
40.80930667,-73.90371167,168.29265,112.0,18848.777,7.2207155,1.9428554,1.0020025
40.81096833,-73.95429833,128.30469,164.0,21041.969,24.798702,1.1359671,1.0091103
40.83376333,-73.90236333,145.96529,96.0,14012.668,19.257107,1.463957,1.002401
40.84268,-73.89312667,119.19332,156.0,18594.158,7.9313188,1.6603839,1.0043721
40.81085833,-73.95801667,128.30469,164.0,21041.969,24.798702,1.1359671,1.0091103
40.806325,-73.94812,150.06033,112.0,16806.758,27.842894,0.0,0.9998224
40.80256,-73.90793333,168.29265,112.0,18848.777,7.2207155,1.9428554,1.0020025
40.77346333,-73.94937833,169.60757,104.0,17639.188,22.561539,0.6019336,1.0684935
40.78015333,-73.98492333,141.66939,148.0,20967.07,18.064835,0.9105784,1.000232
40.794275,-73.970135,150.90012,139.0,20975.115,27.521873,0.8113764,1.0856252
40.809025,-73.89464833,566.2327,11.0,6228.56,11.578984,1.4681399,1.0454613
40.81426333,-73.899735,170.58284,140.0,23881.598,8.855713,1.6667511,1.0051283
40.809555,-73.90311167,168.29265,112.0,18848.777,7.2207155,1.9428554,1.0020025
40.809115,-73.96292,169.0119,132.0,22309.57,2.54118,1.041368,1.0032163
40.78233333,-73.95783,121.663315,140.0,17032.863,28.11458,0.0,0.9997365
40.806415,-73.88759333,174.61925,59.0,10302.535,11.715825,0.23336814,1.0108393
40.80860333,-73.96336167,169.0119,132.0,22309.57,2.54118,1.041368,1.0032163
40.81740667,-73.95013333,140.18352,126.0,17663.123,18.989073,0.7035906,1.0027654
40.79564833,-73.954585,110.13573,80.0,8810.858,2.676638,0.63717574,1.0050446
40.817455,-73.903075,116.49381,139.0,16192.64,8.659099,1.645136,1.0050673
40.79130833,-73.95623667,131.18254,66.0,8658.048,28.015696,0.07851576,1.0009172
40.84535833,-73.91732667,111.662895,166.0,18536.041,2.0465806,2.0417857,1.021979
40.84362,-73.90507833,119.66612,143.0,17112.256,3.0354552,1.7027559,1.017371
40.77346667,-73.951195,169.60757,104.0,17639.188,22.561539,0.6019336,1.0684935
40.81729167,-73.90236167,116.49381,139.0,16192.64,8.659099,1.645136,1.0050673
40.80168167,-73.96040833,126.96753,115.0,14601.266,24.83686,0.53494084,1.000338
40.78727667,-73.944875,124.82146,121.0,15103.396,28.187054,0.04786485,0.99985325
40.77126667,-73.98692,167.82324,111.0,18628.379,27.069763,0.6302606,1.0103678
40.78649167,-73.94251333,205.87564,62.0,12764.29,0.0,0.9808029,nan
40.79031333,-73.95009667,124.82146,121.0,15103.396,28.187054,0.04786485,0.99985325
40.804875,-73.884795,167.16643,68.0,11367.317,11.777052,0.6669471,1.0126331
40.82247167,-73.95473333,180.87502,99.0,17906.627,28.100235,1.0447704,1.0059924
40.78921333,-73.947025,124.82146,121.0,15103.396,28.187054,0.04786485,0.99985325
40.78557667,-73.94809667,124.82146,121.0,15103.396,28.187054,0.04786485,0.99985325
40.80473,-73.95631167,108.636345,201.0,21835.906,2.347573,0.6859712,1.0024277
40.81544167,-73.906315,116.49381,139.0,16192.64,8.659099,1.645136,1.0050673
40.84464833,-73.906095,119.66612,143.0,17112.256,3.0354552,1.7027559,1.017371
40.76914833,-73.98854333,167.82324,111.0,18628.379,27.069763,0.6302606,1.0103678
40.82298167,-73.95643167,180.87502,99.0,17906.627,28.100235,1.0447704,1.0059924
40.799075,-73.96454833,126.96753,115.0,14601.266,24.83686,0.53494084,1.000338
40.77375167,-73.95014667,169.60757,104.0,17639.188,22.561539,0.6019336,1.0684935
40.83540667,-73.90134833,114.54202,141.0,16150.425,0.08722013,2.1415744,1.0091131
40.80789833,-73.89738667,566.2327,11.0,6228.56,11.578984,1.4681399,1.0454613
40.845115,-73.91745,121.55696,173.0,21029.354,3.0354552,1.9275068,1.0055494
40.80801667,-73.904615,168.29265,112.0,18848.777,7.2207155,1.9428554,1.0020025
40.827285,-73.91316,106.297,152.0,16157.144,13.476775,1.4520429,1.0031214
40.83562167,-73.914005,121.1176,165.0,19984.404,5.403908,1.0763421,1.0019869
40.82942333,-73.91233667,121.1176,165.0,19984.404,5.403908,1.0763421,1.0019869
40.79915667,-73.96472333,126.96753,115.0,14601.266,24.83686,0.53494084,1.000338
40.82940167,-73.91226833,121.1176,165.0,19984.404,5.403908,1.0763421,1.0019869
40.83290167,-73.91735333,121.1176,165.0,19984.404,5.403908,1.0763421,1.0019869
40.81755667,-73.953495,128.30469,164.0,21041.969,24.798702,1.1359671,1.0091103
40.82632333,-73.90972167,123.30504,97.0,11960.589,14.014887,1.0782267,1.0028658
40.77681833,-73.95696333,121.663315,140.0,17032.863,28.11458,0.0,0.9997365
40.80412167,-73.91689667,165.73642,147.0,24363.254,14.125048,1.6141295,1.0128083
40.84391667,-73.894685,183.50221,76.0,13946.168,20.3097,1.6289655,1.0060223
40.83496167,-73.91581333,121.1176,165.0,19984.404,5.403908,1.0763421,1.0019869
40.82145833,-73.89158833,175.01787,132.0,23102.36,0.17833267,1.9393232,1.0096782
40.83334167,-73.91717,121.1176,165.0,19984.404,5.403908,1.0763421,1.0019869
40.79961667,-73.93579667,137.3677,109.0,14973.08,27.571793,0.10425903,1.0029775
40.82669667,-73.909525,123.30504,97.0,11960.589,14.014887,1.0782267,1.0028658
40.826975,-73.925235,127.37819,105.0,13374.71,21.92267,1.1428993,1.0079807
40.81751,-73.90352,116.49381,139.0,16192.64,8.659099,1.645136,1.0050673
40.83936333,-73.91058667,121.55696,173.0,21029.354,3.0354552,1.9275068,1.0055494
40.82338833,-73.92255,127.37819,105.0,13374.71,21.92267,1.1428993,1.0079807
40.818075,-73.95286,128.30469,164.0,21041.969,24.798702,1.1359671,1.0091103
40.84474833,-73.9122,121.55696,173.0,21029.354,3.0354552,1.9275068,1.0055494
40.81188,-73.903805,116.49381,139.0,16192.64,8.659099,1.645136,1.0050673
40.83529333,-73.92686333,202.93062,112.0,22728.229,6.500609,2.075637,1.0833194
40.843765,-73.90882667,119.66612,143.0,17112.256,3.0354552,1.7027559,1.017371
40.77586333,-73.99138833,167.82324,111.0,18628.379,27.069763,0.6302606,1.0103678
40.80243333,-73.962415,169.0119,132.0,22309.57,2.54118,1.041368,1.0032163
40.84425667,-73.893215,119.19332,156.0,18594.158,7.9313188,1.6603839,1.0043721
40.81923333,-73.89811667,170.58284,140.0,23881.598,8.855713,1.6667511,1.0051283
40.84407833,-73.89667833,183.50221,76.0,13946.168,20.3097,1.6289655,1.0060223
40.84127,-73.92572833,169.77025,163.0,27672.55,0.5124478,2.0537114,1.0413039
40.84387167,-73.89257667,119.19332,156.0,18594.158,7.9313188,1.6603839,1.0043721
40.774705,-73.95827667,151.98943,116.0,17630.773,28.152534,0.0,0.9995603
40.80229333,-73.93841,130.88336,133.0,17407.486,27.936617,0.2646968,1.0110557
40.79930667,-73.96528333,126.96753,115.0,14601.266,24.83686,0.53494084,1.000338
40.79698333,-73.94929167,124.326035,122.0,15167.776,28.046879,0.17838924,1.0026748
40.81553333,-73.88392667,135.32089,78.0,10555.029,11.476695,1.0725014,1.0124348
40.83639,-73.89794333,114.54202,141.0,16150.425,0.08722013,2.1415744,1.0091131
40.80842,-73.896715,566.2327,11.0,6228.56,11.578984,1.4681399,1.0454613
40.76938833,-73.98891833,167.82324,111.0,18628.379,27.069763,0.6302606,1.0103678
40.808115,-73.90439333,168.29265,112.0,18848.777,7.2207155,1.9428554,1.0020025
40.83536667,-73.91538833,121.1176,165.0,19984.404,5.403908,1.0763421,1.0019869
40.766505,-73.97155833,128.76662,123.0,15838.294,28.22213,0.13019001,1.0021577
40.77345667,-73.95496167,151.98943,116.0,17630.773,28.152534,0.0,0.9995603
40.79310667,-73.94806667,124.82146,121.0,15103.396,28.187054,0.04786485,0.99985325
40.79474167,-73.97364167,150.90012,139.0,20975.115,27.521873,0.8113764,1.0856252
40.80499,-73.95694833,108.636345,201.0,21835.906,2.347573,0.6859712,1.0024277
40.81585833,-73.90419833,116.49381,139.0,16192.64,8.659099,1.645136,1.0050673
40.83408,-73.92742833,202.93062,112.0,22728.229,6.500609,2.075637,1.0833194
40.844005,-73.91715167,121.55696,173.0,21029.354,3.0354552,1.9275068,1.0055494
40.82223833,-73.957195,180.87502,99.0,17906.627,28.100235,1.0447704,1.0059924
40.8415,-73.90078,183.50221,76.0,13946.168,20.3097,1.6289655,1.0060223
40.80716333,-73.95710667,108.636345,201.0,21835.906,2.347573,0.6859712,1.0024277
40.77551333,-73.95403167,151.98943,116.0,17630.773,28.152534,0.0,0.9995603
40.80406833,-73.91676667,165.73642,147.0,24363.254,14.125048,1.6141295,1.0128083
40.81758333,-73.89541,170.58284,140.0,23881.598,8.855713,1.6667511,1.0051283
40.80907833,-73.894235,566.2327,11.0,6228.56,11.578984,1.4681399,1.0454613
40.80835167,-73.90390667,168.29265,112.0,18848.777,7.2207155,1.9428554,1.0020025
40.81734,-73.89524667,170.58284,140.0,23881.598,8.855713,1.6667511,1.0051283
40.78876833,-73.95109833,124.82146,121.0,15103.396,28.187054,0.04786485,0.99985325
40.82153167,-73.891595,175.01787,132.0,23102.36,0.17833267,1.9393232,1.0096782
40.801385,-73.95975,110.13573,80.0,8810.858,2.676638,0.63717574,1.0050446
40.80167,-73.94890167,124.326035,122.0,15167.776,28.046879,0.17838924,1.0026748
40.80389833,-73.96678333,169.0119,132.0,22309.57,2.54118,1.041368,1.0032163
40.79813333,-73.93246333,218.9818,85.0,18613.453,3.347065,1.2235403,1.0694616
40.76059167,-73.964275,181.82753,155.0,28183.268,28.114243,0.2892998,1.0039169
40.76615667,-73.97178833,128.76662,123.0,15838.294,28.22213,0.13019001,1.0021577
40.809555,-73.95899333,108.636345,201.0,21835.906,2.347573,0.6859712,1.0024277
40.83522167,-73.91556667,121.1176,165.0,19984.404,5.403908,1.0763421,1.0019869
40.79784833,-73.961635,126.96753,115.0,14601.266,24.83686,0.53494084,1.000338
40.78528667,-73.94739333,124.82146,121.0,15103.396,28.187054,0.04786485,0.99985325
40.77490333,-73.95279,151.98943,116.0,17630.773,28.152534,0.0,0.9995603
40.84354333,-73.919065,169.77025,163.0,27672.55,0.5124478,2.0537114,1.0413039
40.834865,-73.92630833,122.43185,124.0,15181.549,22.119202,1.5626888,1.0051489
40.81882333,-73.95199333,128.30469,164.0,21041.969,24.798702,1.1359671,1.0091103
40.80039333,-73.93536833,137.3677,109.0,14973.08,27.571793,0.10425903,1.0029775
40.821185,-73.89158333,175.01787,132.0,23102.36,0.17833267,1.9393232,1.0096782
40.79816,-73.96228333,126.96753,115.0,14601.266,24.83686,0.53494084,1.000338
40.79293,-73.947745,124.82146,121.0,15103.396,28.187054,0.04786485,0.99985325
40.81943,-73.89792833,120.91499,126.0,15235.289,0.038962826,1.7414876,1.0098106
40.80564167,-73.87980333,167.16643,68.0,11367.317,11.777052,0.6669471,1.0126331
40.78076833,-73.95477667,121.663315,140.0,17032.863,28.11458,0.0,0.9997365
40.77378667,-73.956035,151.98943,116.0,17630.773,28.152534,0.0,0.9995603
40.80095333,-73.93538667,137.3677,109.0,14973.08,27.571793,0.10425903,1.0029775
40.834035,-73.92721,202.93062,112.0,22728.229,6.500609,2.075637,1.0833194
40.7632,-73.95703667,265.7805,108.0,28704.293,21.67559,0.9034912,1.0151948
40.76001667,-73.95860333,265.7805,108.0,28704.293,21.67559,0.9034912,1.0151948
40.80231667,-73.962185,169.0119,132.0,22309.57,2.54118,1.041368,1.0032163
40.77446667,-73.95936,151.98943,116.0,17630.773,28.152534,0.0,0.9995603
40.82978,-73.91331167,121.1176,165.0,19984.404,5.403908,1.0763421,1.0019869
40.84396167,-73.895245,183.50221,76.0,13946.168,20.3097,1.6289655,1.0060223
40.84424,-73.90502167,119.66612,143.0,17112.256,3.0354552,1.7027559,1.017371
40.799195,-73.96481667,126.96753,115.0,14601.266,24.83686,0.53494084,1.000338
40.83182,-73.92139333,122.43185,124.0,15181.549,22.119202,1.5626888,1.0051489
40.84626833,-73.91755,111.662895,166.0,18536.041,2.0465806,2.0417857,1.021979
40.806315,-73.88854167,174.61925,59.0,10302.535,11.715825,0.23336814,1.0108393
40.794275,-73.95483667,110.13573,80.0,8810.858,2.676638,0.63717574,1.0050446
40.769325,-73.98883667,167.82324,111.0,18628.379,27.069763,0.6302606,1.0103678
40.78615167,-73.94841667,124.82146,121.0,15103.396,28.187054,0.04786485,0.99985325
40.83857333,-73.91302167,121.55696,173.0,21029.354,3.0354552,1.9275068,1.0055494
40.76429833,-73.95843667,265.7805,108.0,28704.293,21.67559,0.9034912,1.0151948
40.84400167,-73.89597667,183.50221,76.0,13946.168,20.3097,1.6289655,1.0060223
40.8087,-73.90328,168.29265,112.0,18848.777,7.2207155,1.9428554,1.0020025
40.80768,-73.90519333,168.29265,112.0,18848.777,7.2207155,1.9428554,1.0020025
40.79783833,-73.93185,218.9818,85.0,18613.453,3.347065,1.2235403,1.0694616
40.81329,-73.88334667,135.32089,78.0,10555.029,11.476695,1.0725014,1.0124348
40.78349667,-73.98191333,141.66939,148.0,20967.07,18.064835,0.9105784,1.000232
40.773545,-73.95489333,151.98943,116.0,17630.773,28.152534,0.0,0.9995603
40.76536333,-73.96964,128.76662,123.0,15838.294,28.22213,0.13019001,1.0021577
40.80140333,-73.959795,110.13573,80.0,8810.858,2.676638,0.63717574,1.0050446
40.84560167,-73.91729,111.662895,166.0,18536.041,2.0465806,2.0417857,1.021979
40.83541667,-73.92724333,202.93062,112.0,22728.229,6.500609,2.075637,1.0833194
40.81907833,-73.89827833,170.58284,140.0,23881.598,8.855713,1.6667511,1.0051283
40.83325167,-73.91718167,121.1176,165.0,19984.404,5.403908,1.0763421,1.0019869
40.844505,-73.91836667,169.77025,163.0,27672.55,0.5124478,2.0537114,1.0413039
40.80504,-73.88595,174.61925,59.0,10302.535,11.715825,0.23336814,1.0108393
40.83506167,-73.91238,121.1176,165.0,19984.404,5.403908,1.0763421,1.0019869
40.84372,-73.91654667,121.55696,173.0,21029.354,3.0354552,1.9275068,1.0055494
40.79819333,-73.953765,110.13573,80.0,8810.858,2.676638,0.63717574,1.0050446
40.76510667,-73.96897,128.76662,123.0,15838.294,28.22213,0.13019001,1.0021577
40.76930833,-73.98839833,167.82324,111.0,18628.379,27.069763,0.6302606,1.0103678
40.80364333,-73.9536,108.636345,201.0,21835.906,2.347573,0.6859712,1.0024277
40.84446,-73.89359333,183.50221,76.0,13946.168,20.3097,1.6289655,1.0060223
40.83859333,-73.92751833,375.62036,69.0,25917.805,17.775635,1.9302651,1.0973163
40.82077167,-73.88758833,175.01787,132.0,23102.36,0.17833267,1.9393232,1.0096782
40.774565,-73.95790833,151.98943,116.0,17630.773,28.152534,0.0,0.9995603
40.78616,-73.94574333,124.82146,121.0,15103.396,28.187054,0.04786485,0.99985325
40.840805,-73.90973,119.66612,143.0,17112.256,3.0354552,1.7027559,1.017371
40.83655833,-73.89895667,114.54202,141.0,16150.425,0.08722013,2.1415744,1.0091131
40.79436,-73.948925,124.326035,122.0,15167.776,28.046879,0.17838924,1.0026748
40.81886667,-73.89852833,170.58284,140.0,23881.598,8.855713,1.6667511,1.0051283
40.81846333,-73.89892167,170.58284,140.0,23881.598,8.855713,1.6667511,1.0051283
40.80901833,-73.894965,566.2327,11.0,6228.56,11.578984,1.4681399,1.0454613
40.81632333,-73.95905167,128.30469,164.0,21041.969,24.798702,1.1359671,1.0091103
40.76966,-73.988065,167.82324,111.0,18628.379,27.069763,0.6302606,1.0103678
40.77465667,-73.95814667,151.98943,116.0,17630.773,28.152534,0.0,0.9995603
40.80942667,-73.95968167,108.636345,201.0,21835.906,2.347573,0.6859712,1.0024277
40.774715,-73.95230333,151.98943,116.0,17630.773,28.152534,0.0,0.9995603
40.80660333,-73.87966833,167.16643,68.0,11367.317,11.777052,0.6669471,1.0126331
40.76518667,-73.96921333,128.76662,123.0,15838.294,28.22213,0.13019001,1.0021577
40.76985833,-73.98791333,167.82324,111.0,18628.379,27.069763,0.6302606,1.0103678
40.82072333,-73.887645,175.01787,132.0,23102.36,0.17833267,1.9393232,1.0096782
40.82512667,-73.92759667,202.72417,86.0,17434.28,3.763742,2.043402,1.1087794
40.79444,-73.95475667,110.13573,80.0,8810.858,2.676638,0.63717574,1.0050446
40.8438,-73.90928667,119.66612,143.0,17112.256,3.0354552,1.7027559,1.017371
40.80849833,-73.90280667,168.29265,112.0,18848.777,7.2207155,1.9428554,1.0020025
40.83876333,-73.896405,183.50221,76.0,13946.168,20.3097,1.6289655,1.0060223
40.79105833,-73.943345,124.82146,121.0,15103.396,28.187054,0.04786485,0.99985325
40.809135,-73.89379667,566.2327,11.0,6228.56,11.578984,1.4681399,1.0454613
40.83860333,-73.92758167,375.62036,69.0,25917.805,17.775635,1.9302651,1.0973163
40.82962667,-73.929355,202.93062,112.0,22728.229,6.500609,2.075637,1.0833194
40.79442333,-73.94887667,124.326035,122.0,15167.776,28.046879,0.17838924,1.0026748
40.78071333,-73.95904833,121.663315,140.0,17032.863,28.11458,0.0,0.9997365
40.77465167,-73.95209833,151.98943,116.0,17630.773,28.152534,0.0,0.9995603
40.78222,-73.98273833,141.66939,148.0,20967.07,18.064835,0.9105784,1.000232
40.769195,-73.98848167,167.82324,111.0,18628.379,27.069763,0.6302606,1.0103678
40.81810833,-73.95282333,128.30469,164.0,21041.969,24.798702,1.1359671,1.0091103
40.82505333,-73.92761833,202.72417,86.0,17434.28,3.763742,2.043402,1.1087794
40.826115,-73.90984333,123.30504,97.0,11960.589,14.014887,1.0782267,1.0028658
40.77417667,-73.98481667,125.52109,110.0,13807.319,28.156,1.088251,1.0063736
40.805795,-73.88612167,174.61925,59.0,10302.535,11.715825,0.23336814,1.0108393
40.81779333,-73.89464333,170.58284,140.0,23881.598,8.855713,1.6667511,1.0051283
40.79587667,-73.954065,110.13573,80.0,8810.858,2.676638,0.63717574,1.0050446
40.79487333,-73.94844833,124.326035,122.0,15167.776,28.046879,0.17838924,1.0026748
40.80943333,-73.95912167,108.636345,201.0,21835.906,2.347573,0.6859712,1.0024277
40.80831333,-73.96473333,169.0119,132.0,22309.57,2.54118,1.041368,1.0032163
40.80208333,-73.93796167,130.88336,133.0,17407.486,27.936617,0.2646968,1.0110557
40.795215,-73.94821333,124.326035,122.0,15167.776,28.046879,0.17838924,1.0026748
40.81402333,-73.95698167,128.30469,164.0,21041.969,24.798702,1.1359671,1.0091103
40.770145,-73.98765833,167.82324,111.0,18628.379,27.069763,0.6302606,1.0103678
40.77503167,-73.95334333,151.98943,116.0,17630.773,28.152534,0.0,0.9995603
40.83627167,-73.89783167,114.54202,141.0,16150.425,0.08722013,2.1415744,1.0091131
40.76979667,-73.95161833,169.60757,104.0,17639.188,22.561539,0.6019336,1.0684935
40.8127,-73.88209833,135.32089,78.0,10555.029,11.476695,1.0725014,1.0124348
40.83470833,-73.911355,121.1176,165.0,19984.404,5.403908,1.0763421,1.0019869
40.84469167,-73.90652333,119.66612,143.0,17112.256,3.0354552,1.7027559,1.017371
40.81029833,-73.96174333,169.0119,132.0,22309.57,2.54118,1.041368,1.0032163
40.79424833,-73.954845,110.13573,80.0,8810.858,2.676638,0.63717574,1.0050446
40.85229167,-73.93846833,148.85152,212.0,31556.521,1.6701773,1.7901161,1.096303
40.79610667,-73.93244833,218.9818,85.0,18613.453,3.347065,1.2235403,1.0694616
40.834185,-73.91649,121.1176,165.0,19984.404,5.403908,1.0763421,1.0019869
40.80401333,-73.95451,108.636345,201.0,21835.906,2.347573,0.6859712,1.0024277
40.80265333,-73.96290333,169.0119,132.0,22309.57,2.54118,1.041368,1.0032163
40.76455833,-73.95828167,265.7805,108.0,28704.293,21.67559,0.9034912,1.0151948
40.840695,-73.895195,183.50221,76.0,13946.168,20.3097,1.6289655,1.0060223
40.80008,-73.94478333,124.326035,122.0,15167.776,28.046879,0.17838924,1.0026748
40.83337667,-73.90266,145.96529,96.0,14012.668,19.257107,1.463957,1.002401
40.84419667,-73.89440833,183.50221,76.0,13946.168,20.3097,1.6289655,1.0060223
40.808575,-73.90281667,168.29265,112.0,18848.777,7.2207155,1.9428554,1.0020025
40.76869333,-73.95429333,151.98943,116.0,17630.773,28.152534,0.0,0.9995603
40.81861,-73.88908167,139.3279,192.0,26750.957,6.369896,1.6295948,1.0024911
40.81534,-73.90456667,116.49381,139.0,16192.64,8.659099,1.645136,1.0050673
40.762765,-73.95658667,265.7805,108.0,28704.293,21.67559,0.9034912,1.0151948
40.81880333,-73.898605,170.58284,140.0,23881.598,8.855713,1.6667511,1.0051283
40.81410333,-73.88737833,139.3279,192.0,26750.957,6.369896,1.6295948,1.0024911
40.774265,-73.98473833,125.52109,110.0,13807.319,28.156,1.088251,1.0063736
40.82134,-73.927855,202.72417,86.0,17434.28,3.763742,2.043402,1.1087794
40.84086667,-73.9097,119.66612,143.0,17112.256,3.0354552,1.7027559,1.017371
40.774745,-73.984385,125.52109,110.0,13807.319,28.156,1.088251,1.0063736
40.814255,-73.957215,128.30469,164.0,21041.969,24.798702,1.1359671,1.0091103
40.79894167,-73.964235,126.96753,115.0,14601.266,24.83686,0.53494084,1.000338
40.82690167,-73.91369,106.297,152.0,16157.144,13.476775,1.4520429,1.0031214
40.82254333,-73.953395,180.87502,99.0,17906.627,28.100235,1.0447704,1.0059924
40.77728833,-73.95733167,121.663315,140.0,17032.863,28.11458,0.0,0.9997365
40.80421833,-73.91549333,165.73642,147.0,24363.254,14.125048,1.6141295,1.0128083
40.81152667,-73.880915,135.32089,78.0,10555.029,11.476695,1.0725014,1.0124348
40.83434333,-73.91990833,122.43185,124.0,15181.549,22.119202,1.5626888,1.0051489
40.833665,-73.92032667,122.43185,124.0,15181.549,22.119202,1.5626888,1.0051489
40.82685167,-73.91376333,106.297,152.0,16157.144,13.476775,1.4520429,1.0031214
40.76511333,-73.97042333,128.76662,123.0,15838.294,28.22213,0.13019001,1.0021577
40.79196833,-73.94539667,124.82146,121.0,15103.396,28.187054,0.04786485,0.99985325
40.811645,-73.94658833,140.18352,126.0,17663.123,18.989073,0.7035906,1.0027654
40.81815,-73.89910667,170.58284,140.0,23881.598,8.855713,1.6667511,1.0051283
40.80235333,-73.94311667,130.88336,133.0,17407.486,27.936617,0.2646968,1.0110557
40.801715,-73.96771833,126.96753,115.0,14601.266,24.83686,0.53494084,1.000338
40.83861167,-73.91312333,121.55696,173.0,21029.354,3.0354552,1.9275068,1.0055494
40.823425,-73.888585,175.01787,132.0,23102.36,0.17833267,1.9393232,1.0096782
40.82608167,-73.92573667,127.37819,105.0,13374.71,21.92267,1.1428993,1.0079807
40.79502333,-73.95396167,110.13573,80.0,8810.858,2.676638,0.63717574,1.0050446
40.82094333,-73.925275,127.37819,105.0,13374.71,21.92267,1.1428993,1.0079807
40.814165,-73.88828333,139.3279,192.0,26750.957,6.369896,1.6295948,1.0024911
40.81237833,-73.90457167,116.49381,139.0,16192.64,8.659099,1.645136,1.0050673
40.808055,-73.95648833,108.636345,201.0,21835.906,2.347573,0.6859712,1.0024277
40.77775833,-73.95703833,121.663315,140.0,17032.863,28.11458,0.0,0.9997365
40.81642667,-73.91415667,113.73547,124.0,14103.199,2.2383063,1.7503054,1.0076364
40.81249667,-73.88502167,139.3279,192.0,26750.957,6.369896,1.6295948,1.0024911
40.83907,-73.91440167,121.55696,173.0,21029.354,3.0354552,1.9275068,1.0055494
40.81158333,-73.91688333,113.73547,124.0,14103.199,2.2383063,1.7503054,1.0076364
40.768995,-73.95503667,151.98943,116.0,17630.773,28.152534,0.0,0.9995603
40.80872333,-73.89778667,566.2327,11.0,6228.56,11.578984,1.4681399,1.0454613
40.816435,-73.88768667,139.3279,192.0,26750.957,6.369896,1.6295948,1.0024911
40.81832667,-73.91684167,113.73547,124.0,14103.199,2.2383063,1.7503054,1.0076364
40.82156,-73.928015,202.72417,86.0,17434.28,3.763742,2.043402,1.1087794
40.83239167,-73.90333667,145.96529,96.0,14012.668,19.257107,1.463957,1.002401
40.77899667,-73.956075,121.663315,140.0,17032.863,28.11458,0.0,0.9997365
40.82285333,-73.92338333,127.37819,105.0,13374.71,21.92267,1.1428993,1.0079807
40.82591333,-73.88873167,175.01787,132.0,23102.36,0.17833267,1.9393232,1.0096782
40.822095,-73.95734167,180.87502,99.0,17906.627,28.100235,1.0447704,1.0059924
40.80212,-73.94967,150.06033,112.0,16806.758,27.842894,0.0,0.9998224
40.77415333,-73.95110833,169.60757,104.0,17639.188,22.561539,0.6019336,1.0684935
40.81819833,-73.916905,113.73547,124.0,14103.199,2.2383063,1.7503054,1.0076364
40.82876667,-73.92789,202.93062,112.0,22728.229,6.500609,2.075637,1.0833194
40.83191,-73.90241833,145.96529,96.0,14012.668,19.257107,1.463957,1.002401
40.80067333,-73.94677167,124.326035,122.0,15167.776,28.046879,0.17838924,1.0026748
40.83815,-73.91132167,121.55696,173.0,21029.354,3.0354552,1.9275068,1.0055494
40.81517667,-73.88640667,139.3279,192.0,26750.957,6.369896,1.6295948,1.0024911
40.80516833,-73.88276167,167.16643,68.0,11367.317,11.777052,0.6669471,1.0126331
40.76449167,-73.970955,128.76662,123.0,15838.294,28.22213,0.13019001,1.0021577
40.85323,-73.93840833,148.85152,212.0,31556.521,1.6701773,1.7901161,1.096303
40.828105,-73.95042167,162.61893,137.0,22278.793,9.579266,1.308761,1.0119927
40.82235,-73.92029667,127.37819,105.0,13374.71,21.92267,1.1428993,1.0079807
40.82775167,-73.95137667,118.27063,172.0,20342.549,18.79727,0.64105564,1.0027665
40.81825833,-73.89914,170.58284,140.0,23881.598,8.855713,1.6667511,1.0051283
40.79999167,-73.94485333,124.326035,122.0,15167.776,28.046879,0.17838924,1.0026748
40.77068333,-73.95094,169.60757,104.0,17639.188,22.561539,0.6019336,1.0684935
40.828835,-73.928,202.93062,112.0,22728.229,6.500609,2.075637,1.0833194
40.85694833,-73.93497,148.76894,150.0,22315.34,0.5686897,1.7597085,1.0395974
40.84130833,-73.900165,183.50221,76.0,13946.168,20.3097,1.6289655,1.0060223
40.799435,-73.93549,137.3677,109.0,14973.08,27.571793,0.10425903,1.0029775
40.80914,-73.94836,150.06033,112.0,16806.758,27.842894,0.0,0.9998224
40.77655,-73.95611333,121.663315,140.0,17032.863,28.11458,0.0,0.9997365
40.81604167,-73.958805,128.30469,164.0,21041.969,24.798702,1.1359671,1.0091103
40.76301,-73.95662833,265.7805,108.0,28704.293,21.67559,0.9034912,1.0151948
40.80950667,-73.89142667,174.61925,59.0,10302.535,11.715825,0.23336814,1.0108393
40.81802,-73.91336167,113.73547,124.0,14103.199,2.2383063,1.7503054,1.0076364
40.84339167,-73.915845,121.55696,173.0,21029.354,3.0354552,1.9275068,1.0055494
40.80934833,-73.94817,150.06033,112.0,16806.758,27.842894,0.0,0.9998224
40.80691833,-73.90655833,168.29265,112.0,18848.777,7.2207155,1.9428554,1.0020025
40.83221833,-73.90327333,145.96529,96.0,14012.668,19.257107,1.463957,1.002401
40.84225833,-73.92103167,169.77025,163.0,27672.55,0.5124478,2.0537114,1.0413039
40.82040167,-73.91189833,106.297,152.0,16157.144,13.476775,1.4520429,1.0031214
40.80402167,-73.90588333,168.29265,112.0,18848.777,7.2207155,1.9428554,1.0020025
40.826655,-73.90573167,123.30504,97.0,11960.589,14.014887,1.0782267,1.0028658
40.802315,-73.96764,169.0119,132.0,22309.57,2.54118,1.041368,1.0032163
40.82497833,-73.91044667,106.297,152.0,16157.144,13.476775,1.4520429,1.0031214
40.810705,-73.89537667,170.58284,140.0,23881.598,8.855713,1.6667511,1.0051283
40.82158833,-73.91118,106.297,152.0,16157.144,13.476775,1.4520429,1.0031214
40.83162167,-73.90675333,145.96529,96.0,14012.668,19.257107,1.463957,1.002401
40.81598167,-73.9144,113.73547,124.0,14103.199,2.2383063,1.7503054,1.0076364
40.77648833,-73.95602333,121.663315,140.0,17032.863,28.11458,0.0,0.9997365
40.82165333,-73.95771833,180.87502,99.0,17906.627,28.100235,1.0447704,1.0059924
40.81915833,-73.95971333,128.30469,164.0,21041.969,24.798702,1.1359671,1.0091103
40.80439,-73.93966333,130.88336,133.0,17407.486,27.936617,0.2646968,1.0110557
40.83409167,-73.91657,121.1176,165.0,19984.404,5.403908,1.0763421,1.0019869
40.814715,-73.88372333,135.32089,78.0,10555.029,11.476695,1.0725014,1.0124348
40.82550667,-73.92625333,127.37819,105.0,13374.71,21.92267,1.1428993,1.0079807
40.77490333,-73.958745,151.98943,116.0,17630.773,28.152534,0.0,0.9995603
40.812295,-73.896195,170.58284,140.0,23881.598,8.855713,1.6667511,1.0051283
40.81901,-73.90958667,116.49381,139.0,16192.64,8.659099,1.645136,1.0050673
40.81774,-73.95390833,128.30469,164.0,21041.969,24.798702,1.1359671,1.0091103
40.80501833,-73.94762833,150.06033,112.0,16806.758,27.842894,0.0,0.9998224
40.83684667,-73.92711167,375.62036,69.0,25917.805,17.775635,1.9302651,1.0973163
40.770995,-73.950715,169.60757,104.0,17639.188,22.561539,0.6019336,1.0684935
40.81086667,-73.95317667,128.30469,164.0,21041.969,24.798702,1.1359671,1.0091103
40.828295,-73.95087,162.61893,137.0,22278.793,9.579266,1.308761,1.0119927
40.80816,-73.95641667,108.636345,201.0,21835.906,2.347573,0.6859712,1.0024277
40.81243,-73.90501167,116.49381,139.0,16192.64,8.659099,1.645136,1.0050673
40.83909667,-73.91447333,121.55696,173.0,21029.354,3.0354552,1.9275068,1.0055494
40.76700667,-73.95641333,265.7805,108.0,28704.293,21.67559,0.9034912,1.0151948
40.79254,-73.94682833,124.82146,121.0,15103.396,28.187054,0.04786485,0.99985325
40.83526833,-73.90144833,114.54202,141.0,16150.425,0.08722013,2.1415744,1.0091131
40.856515,-73.93510667,290.9026,29.0,8436.175,11.843419,1.7620981,1.0655235
40.82633333,-73.95026,118.27063,172.0,20342.549,18.79727,0.64105564,1.0027665
40.803115,-73.96389833,169.0119,132.0,22309.57,2.54118,1.041368,1.0032163
40.820025,-73.92680833,202.72417,86.0,17434.28,3.763742,2.043402,1.1087794
40.82212667,-73.949935,118.27063,172.0,20342.549,18.79727,0.64105564,1.0027665
40.791905,-73.94524667,124.82146,121.0,15103.396,28.187054,0.04786485,0.99985325
40.81447167,-73.95747833,128.30469,164.0,21041.969,24.798702,1.1359671,1.0091103
40.85225667,-73.938315,148.85152,212.0,31556.521,1.6701773,1.7901161,1.096303
40.81508167,-73.886315,139.3279,192.0,26750.957,6.369896,1.6295948,1.0024911
40.80809,-73.90274667,168.29265,112.0,18848.777,7.2207155,1.9428554,1.0020025
40.80122333,-73.94783333,124.326035,122.0,15167.776,28.046879,0.17838924,1.0026748
40.82135,-73.91785333,106.297,152.0,16157.144,13.476775,1.4520429,1.0031214
40.82991833,-73.90180167,145.96529,96.0,14012.668,19.257107,1.463957,1.002401
40.83694667,-73.92715333,375.62036,69.0,25917.805,17.775635,1.9302651,1.0973163
40.813395,-73.90709,116.49381,139.0,16192.64,8.659099,1.645136,1.0050673
40.81255667,-73.90569167,116.49381,139.0,16192.64,8.659099,1.645136,1.0050673
40.77214333,-73.94996833,169.60757,104.0,17639.188,22.561539,0.6019336,1.0684935
40.81817667,-73.95628833,128.30469,164.0,21041.969,24.798702,1.1359671,1.0091103
40.80300167,-73.94262,130.88336,133.0,17407.486,27.936617,0.2646968,1.0110557
40.80516167,-73.885985,174.61925,59.0,10302.535,11.715825,0.23336814,1.0108393
40.80783667,-73.95663667,108.636345,201.0,21835.906,2.347573,0.6859712,1.0024277
40.80955,-73.89108,174.61925,59.0,10302.535,11.715825,0.23336814,1.0108393
40.819325,-73.90856667,116.49381,139.0,16192.64,8.659099,1.645136,1.0050673
40.80825667,-73.95634833,108.636345,201.0,21835.906,2.347573,0.6859712,1.0024277
40.80397833,-73.905805,168.29265,112.0,18848.777,7.2207155,1.9428554,1.0020025
40.77099333,-73.99316333,167.82324,111.0,18628.379,27.069763,0.6302606,1.0103678
40.83135333,-73.91834667,122.43185,124.0,15181.549,22.119202,1.5626888,1.0051489
40.81414167,-73.88836667,139.3279,192.0,26750.957,6.369896,1.6295948,1.0024911
40.8254,-73.94795,118.27063,172.0,20342.549,18.79727,0.64105564,1.0027665
40.80539333,-73.94740833,150.06033,112.0,16806.758,27.842894,0.0,0.9998224
40.81538333,-73.89838333,170.58284,140.0,23881.598,8.855713,1.6667511,1.0051283
40.81696333,-73.88806167,139.3279,192.0,26750.957,6.369896,1.6295948,1.0024911
40.83609333,-73.92751,202.93062,112.0,22728.229,6.500609,2.075637,1.0833194
40.82275167,-73.92344167,127.37819,105.0,13374.71,21.92267,1.1428993,1.0079807
40.82993833,-73.92994333,202.93062,112.0,22728.229,6.500609,2.075637,1.0833194
40.82039667,-73.892005,175.01787,132.0,23102.36,0.17833267,1.9393232,1.0096782
40.81598,-73.958745,128.30469,164.0,21041.969,24.798702,1.1359671,1.0091103
40.817515,-73.89825,170.58284,140.0,23881.598,8.855713,1.6667511,1.0051283
40.83765167,-73.8973,183.50221,76.0,13946.168,20.3097,1.6289655,1.0060223
40.83061667,-73.907355,145.96529,96.0,14012.668,19.257107,1.463957,1.002401
40.77056833,-73.99219333,167.82324,111.0,18628.379,27.069763,0.6302606,1.0103678
40.809575,-73.890005,174.61925,59.0,10302.535,11.715825,0.23336814,1.0108393
40.825195,-73.88873667,175.01787,132.0,23102.36,0.17833267,1.9393232,1.0096782
40.80363167,-73.96696,169.0119,132.0,22309.57,2.54118,1.041368,1.0032163
40.77238,-73.94979667,169.60757,104.0,17639.188,22.561539,0.6019336,1.0684935
40.80240833,-73.967625,169.0119,132.0,22309.57,2.54118,1.041368,1.0032163
40.8267,-73.91402,106.297,152.0,16157.144,13.476775,1.4520429,1.0031214
40.83859667,-73.92663333,169.77025,163.0,27672.55,0.5124478,2.0537114,1.0413039
40.80629333,-73.889,174.61925,59.0,10302.535,11.715825,0.23336814,1.0108393
40.840655,-73.90162333,183.50221,76.0,13946.168,20.3097,1.6289655,1.0060223
40.81513667,-73.88382333,135.32089,78.0,10555.029,11.476695,1.0725014,1.0124348
40.81886667,-73.95991167,128.30469,164.0,21041.969,24.798702,1.1359671,1.0091103
40.82002667,-73.90819833,123.30504,97.0,11960.589,14.014887,1.0782267,1.0028658
40.82146167,-73.92796333,202.72417,86.0,17434.28,3.763742,2.043402,1.1087794
40.813665,-73.94582167,140.18352,126.0,17663.123,18.989073,0.7035906,1.0027654
40.81824167,-73.91688167,113.73547,124.0,14103.199,2.2383063,1.7503054,1.0076364
40.81805667,-73.91344833,113.73547,124.0,14103.199,2.2383063,1.7503054,1.0076364
40.83864333,-73.91319,121.55696,173.0,21029.354,3.0354552,1.9275068,1.0055494
40.81979333,-73.90831333,123.30504,97.0,11960.589,14.014887,1.0782267,1.0028658
40.80110833,-73.94402167,124.326035,122.0,15167.776,28.046879,0.17838924,1.0026748
40.82469667,-73.91057667,106.297,152.0,16157.144,13.476775,1.4520429,1.0031214
40.80343833,-73.96708833,169.0119,132.0,22309.57,2.54118,1.041368,1.0032163
40.83186833,-73.90664667,145.96529,96.0,14012.668,19.257107,1.463957,1.002401
40.80724,-73.906675,168.29265,112.0,18848.777,7.2207155,1.9428554,1.0020025
40.82268,-73.95321333,180.87502,99.0,17906.627,28.100235,1.0447704,1.0059924
40.768935,-73.95505833,151.98943,116.0,17630.773,28.152534,0.0,0.9995603
40.83277167,-73.903065,145.96529,96.0,14012.668,19.257107,1.463957,1.002401
40.82208667,-73.910895,106.297,152.0,16157.144,13.476775,1.4520429,1.0031214
40.8232,-73.92321333,127.37819,105.0,13374.71,21.92267,1.1428993,1.0079807
40.819245,-73.913715,113.73547,124.0,14103.199,2.2383063,1.7503054,1.0076364
40.83648333,-73.92732,202.93062,112.0,22728.229,6.500609,2.075637,1.0833194
40.83076167,-73.91877,122.43185,124.0,15181.549,22.119202,1.5626888,1.0051489
40.81623167,-73.89753667,170.58284,140.0,23881.598,8.855713,1.6667511,1.0051283
40.82138167,-73.91799833,106.297,152.0,16157.144,13.476775,1.4520429,1.0031214
40.80097333,-73.94412833,124.326035,122.0,15167.776,28.046879,0.17838924,1.0026748
40.806535,-73.88917833,174.61925,59.0,10302.535,11.715825,0.23336814,1.0108393
40.84036333,-73.90180333,119.66612,143.0,17112.256,3.0354552,1.7027559,1.017371
40.81302833,-73.90721167,116.49381,139.0,16192.64,8.659099,1.645136,1.0050673
40.804805,-73.88511833,174.61925,59.0,10302.535,11.715825,0.23336814,1.0108393
40.83454333,-73.91979,122.43185,124.0,15181.549,22.119202,1.5626888,1.0051489
40.83864667,-73.926155,169.77025,163.0,27672.55,0.5124478,2.0537114,1.0413039
40.79501,-73.95398833,110.13573,80.0,8810.858,2.676638,0.63717574,1.0050446
40.80662333,-73.94895833,150.06033,112.0,16806.758,27.842894,0.0,0.9998224
40.81745333,-73.89815667,170.58284,140.0,23881.598,8.855713,1.6667511,1.0051283
40.84501833,-73.91352333,121.55696,173.0,21029.354,3.0354552,1.9275068,1.0055494
40.82098,-73.88721,175.01787,132.0,23102.36,0.17833267,1.9393232,1.0096782
40.817855,-73.95652667,128.30469,164.0,21041.969,24.798702,1.1359671,1.0091103
40.79483167,-73.95433667,110.13573,80.0,8810.858,2.676638,0.63717574,1.0050446
40.77713667,-73.957435,121.663315,140.0,17032.863,28.11458,0.0,0.9997365
40.81925333,-73.90859833,116.49381,139.0,16192.64,8.659099,1.645136,1.0050673
40.81244,-73.89488,170.58284,140.0,23881.598,8.855713,1.6667511,1.0051283
40.76173167,-73.96657,181.82753,155.0,28183.268,28.114243,0.2892998,1.0039169
40.82695167,-73.94724833,118.27063,172.0,20342.549,18.79727,0.64105564,1.0027665
40.78497667,-73.94679,124.82146,121.0,15103.396,28.187054,0.04786485,0.99985325
40.8219,-73.888435,175.01787,132.0,23102.36,0.17833267,1.9393232,1.0096782
40.82236,-73.95447667,180.87502,99.0,17906.627,28.100235,1.0447704,1.0059924
40.81788667,-73.95979833,128.30469,164.0,21041.969,24.798702,1.1359671,1.0091103
40.83744,-73.89967667,183.50221,76.0,13946.168,20.3097,1.6289655,1.0060223
40.82527167,-73.888725,175.01787,132.0,23102.36,0.17833267,1.9393232,1.0096782
40.84128667,-73.92176167,169.77025,163.0,27672.55,0.5124478,2.0537114,1.0413039
40.80174667,-73.949105,124.326035,122.0,15167.776,28.046879,0.17838924,1.0026748
40.84341333,-73.91587667,121.55696,173.0,21029.354,3.0354552,1.9275068,1.0055494
40.82013167,-73.88858,175.01787,132.0,23102.36,0.17833267,1.9393232,1.0096782
40.83858167,-73.92720833,375.62036,69.0,25917.805,17.775635,1.9302651,1.0973163
40.822655,-73.9235,127.37819,105.0,13374.71,21.92267,1.1428993,1.0079807
40.83583,-73.9024,145.96529,96.0,14012.668,19.257107,1.463957,1.002401
40.804945,-73.94767833,150.06033,112.0,16806.758,27.842894,0.0,0.9998224
40.82152833,-73.95045333,118.27063,172.0,20342.549,18.79727,0.64105564,1.0027665
40.81788167,-73.91705833,113.73547,124.0,14103.199,2.2383063,1.7503054,1.0076364
40.81590167,-73.91444167,113.73547,124.0,14103.199,2.2383063,1.7503054,1.0076364
40.76961833,-73.989665,167.82324,111.0,18628.379,27.069763,0.6302606,1.0103678
40.83799667,-73.9277,375.62036,69.0,25917.805,17.775635,1.9302651,1.0973163
40.82614,-73.88897,175.01787,132.0,23102.36,0.17833267,1.9393232,1.0096782
40.83855167,-73.90213833,119.66612,143.0,17112.256,3.0354552,1.7027559,1.017371
40.76470333,-73.97289833,128.76662,123.0,15838.294,28.22213,0.13019001,1.0021577
40.85557833,-73.93567,290.9026,29.0,8436.175,11.843419,1.7620981,1.0655235
40.82728667,-73.92505,127.37819,105.0,13374.71,21.92267,1.1428993,1.0079807
40.82537,-73.9076,123.30504,97.0,11960.589,14.014887,1.0782267,1.0028658
40.8224,-73.95227333,180.87502,99.0,17906.627,28.100235,1.0447704,1.0059924
40.84207833,-73.92109333,169.77025,163.0,27672.55,0.5124478,2.0537114,1.0413039
40.82969667,-73.90787,145.96529,96.0,14012.668,19.257107,1.463957,1.002401
40.81185167,-73.925565,117.67666,146.0,17180.793,17.707485,1.4535319,1.0110443
40.80381,-73.92020333,166.0727,132.0,21921.596,27.257975,1.0896772,1.0190109
40.81133333,-73.91703333,113.73547,124.0,14103.199,2.2383063,1.7503054,1.0076364
40.83927167,-73.91502,121.55696,173.0,21029.354,3.0354552,1.9275068,1.0055494
40.81451333,-73.91529833,113.73547,124.0,14103.199,2.2383063,1.7503054,1.0076364
40.80464333,-73.95131833,150.06033,112.0,16806.758,27.842894,0.0,0.9998224
40.83100833,-73.90041833,114.54202,141.0,16150.425,0.08722013,2.1415744,1.0091131
40.804365,-73.90781667,168.29265,112.0,18848.777,7.2207155,1.9428554,1.0020025
40.80860167,-73.96556,169.0119,132.0,22309.57,2.54118,1.041368,1.0032163
40.81764833,-73.91344333,113.73547,124.0,14103.199,2.2383063,1.7503054,1.0076364
40.80523167,-73.94750333,150.06033,112.0,16806.758,27.842894,0.0,0.9998224
40.814055,-73.91556,113.73547,124.0,14103.199,2.2383063,1.7503054,1.0076364
40.80491833,-73.88591667,174.61925,59.0,10302.535,11.715825,0.23336814,1.0108393
40.82062667,-73.91577333,106.297,152.0,16157.144,13.476775,1.4520429,1.0031214
40.80379833,-73.942,130.88336,133.0,17407.486,27.936617,0.2646968,1.0110557
40.81059333,-73.92731333,176.84497,122.0,21575.086,28.12984,1.7729294,1.0461227
40.85748,-73.929665,148.76894,150.0,22315.34,0.5686897,1.7597085,1.0395974
40.81254,-73.95325333,128.30469,164.0,21041.969,24.798702,1.1359671,1.0091103
40.832545,-73.93138833,202.93062,112.0,22728.229,6.500609,2.075637,1.0833194
40.827805,-73.90421,123.30504,97.0,11960.589,14.014887,1.0782267,1.0028658
40.82658,-73.950725,118.27063,172.0,20342.549,18.79727,0.64105564,1.0027665
40.81372333,-73.90694833,116.49381,139.0,16192.64,8.659099,1.645136,1.0050673
40.76460167,-73.97295833,128.76662,123.0,15838.294,28.22213,0.13019001,1.0021577
40.82172333,-73.91921833,127.37819,105.0,13374.71,21.92267,1.1428993,1.0079807
40.813085,-73.92314833,117.67666,146.0,17180.793,17.707485,1.4535319,1.0110443
40.81392,-73.88961,139.3279,192.0,26750.957,6.369896,1.6295948,1.0024911
40.76980833,-73.99017,167.82324,111.0,18628.379,27.069763,0.6302606,1.0103678
40.831875,-73.90232333,145.96529,96.0,14012.668,19.257107,1.463957,1.002401
40.81767667,-73.92969667,161.84848,165.0,26705.0,3.6181312,2.0452583,1.0442513
40.81320333,-73.94546167,140.18352,126.0,17663.123,18.989073,0.7035906,1.0027654
40.81345333,-73.885275,139.3279,192.0,26750.957,6.369896,1.6295948,1.0024911
40.81961667,-73.95940167,180.87502,99.0,17906.627,28.100235,1.0447704,1.0059924
40.81814,-73.95471,128.30469,164.0,21041.969,24.798702,1.1359671,1.0091103
40.81944333,-73.911395,106.297,152.0,16157.144,13.476775,1.4520429,1.0031214
40.83071167,-73.92000667,122.43185,124.0,15181.549,22.119202,1.5626888,1.0051489
40.76987667,-73.99035333,167.82324,111.0,18628.379,27.069763,0.6302606,1.0103678
40.80345167,-73.94227,130.88336,133.0,17407.486,27.936617,0.2646968,1.0110557
40.81725667,-73.92993167,161.84848,165.0,26705.0,3.6181312,2.0452583,1.0442513
40.83688833,-73.927115,375.62036,69.0,25917.805,17.775635,1.9302651,1.0973163
40.82800833,-73.95013833,162.61893,137.0,22278.793,9.579266,1.308761,1.0119927
40.83146667,-73.90118833,114.54202,141.0,16150.425,0.08722013,2.1415744,1.0091131
40.76247333,-73.96804833,181.82753,155.0,28183.268,28.114243,0.2892998,1.0039169
40.82784333,-73.92565667,127.37819,105.0,13374.71,21.92267,1.1428993,1.0079807
40.82799667,-73.95005,118.27063,172.0,20342.549,18.79727,0.64105564,1.0027665
40.84351333,-73.91987667,169.77025,163.0,27672.55,0.5124478,2.0537114,1.0413039
40.812365,-73.91644667,113.73547,124.0,14103.199,2.2383063,1.7503054,1.0076364
40.81402833,-73.88888833,139.3279,192.0,26750.957,6.369896,1.6295948,1.0024911
40.81474,-73.91512167,113.73547,124.0,14103.199,2.2383063,1.7503054,1.0076364
40.83737667,-73.92747833,375.62036,69.0,25917.805,17.775635,1.9302651,1.0973163
40.814145,-73.94713667,140.18352,126.0,17663.123,18.989073,0.7035906,1.0027654
40.82126833,-73.95832667,180.87502,99.0,17906.627,28.100235,1.0447704,1.0059924
40.83437667,-73.92855167,202.93062,112.0,22728.229,6.500609,2.075637,1.0833194
40.80862333,-73.96563667,169.0119,132.0,22309.57,2.54118,1.041368,1.0032163
40.81327333,-73.92282667,117.67666,146.0,17180.793,17.707485,1.4535319,1.0110443
40.81744,-73.88834167,139.3279,192.0,26750.957,6.369896,1.6295948,1.0024911
40.82336833,-73.89170167,175.01787,132.0,23102.36,0.17833267,1.9393232,1.0096782
40.85924333,-73.932395,148.76894,150.0,22315.34,0.5686897,1.7597085,1.0395974
40.814825,-73.919775,117.67666,146.0,17180.793,17.707485,1.4535319,1.0110443
40.81404333,-73.88878,139.3279,192.0,26750.957,6.369896,1.6295948,1.0024911
40.764625,-73.97295167,128.76662,123.0,15838.294,28.22213,0.13019001,1.0021577
40.80459167,-73.90818667,168.29265,112.0,18848.777,7.2207155,1.9428554,1.0020025
40.813245,-73.92286667,117.67666,146.0,17180.793,17.707485,1.4535319,1.0110443
40.81278833,-73.91622,113.73547,124.0,14103.199,2.2383063,1.7503054,1.0076364
40.80390167,-73.92041333,166.0727,132.0,21921.596,27.257975,1.0896772,1.0190109
40.81099833,-73.90983333,116.49381,139.0,16192.64,8.659099,1.645136,1.0050673
40.82724,-73.925075,127.37819,105.0,13374.71,21.92267,1.1428993,1.0079807
40.83019833,-73.91389667,121.1176,165.0,19984.404,5.403908,1.0763421,1.0019869
40.80953333,-73.94804833,150.06033,112.0,16806.758,27.842894,0.0,0.9998224
40.82303667,-73.891675,175.01787,132.0,23102.36,0.17833267,1.9393232,1.0096782
40.83259333,-73.93136167,202.93062,112.0,22728.229,6.500609,2.075637,1.0833194
40.83463667,-73.92967333,202.93062,112.0,22728.229,6.500609,2.075637,1.0833194
40.82489667,-73.908085,123.30504,97.0,11960.589,14.014887,1.0782267,1.0028658
40.81839333,-73.95611833,128.30469,164.0,21041.969,24.798702,1.1359671,1.0091103
40.76263,-73.968215,181.82753,155.0,28183.268,28.114243,0.2892998,1.0039169
40.829785,-73.93088833,202.93062,112.0,22728.229,6.500609,2.075637,1.0833194
40.7619,-73.96700833,181.82753,155.0,28183.268,28.114243,0.2892998,1.0039169
40.81083,-73.91734333,113.73547,124.0,14103.199,2.2383063,1.7503054,1.0076364
40.82111167,-73.88534,175.01787,132.0,23102.36,0.17833267,1.9393232,1.0096782
40.82645,-73.95061333,118.27063,172.0,20342.549,18.79727,0.64105564,1.0027665
40.81158833,-73.92607,117.67666,146.0,17180.793,17.707485,1.4535319,1.0110443
40.80337,-73.94233333,130.88336,133.0,17407.486,27.936617,0.2646968,1.0110557
40.83911833,-73.92587,169.77025,163.0,27672.55,0.5124478,2.0537114,1.0413039
40.808745,-73.947835,150.06033,112.0,16806.758,27.842894,0.0,0.9998224
40.82117667,-73.88607833,175.01787,132.0,23102.36,0.17833267,1.9393232,1.0096782
40.81264667,-73.95296333,128.30469,164.0,21041.969,24.798702,1.1359671,1.0091103
40.81564,-73.95690833,128.30469,164.0,21041.969,24.798702,1.1359671,1.0091103
40.825845,-73.94897667,118.27063,172.0,20342.549,18.79727,0.64105564,1.0027665
40.81370333,-73.94867167,140.18352,126.0,17663.123,18.989073,0.7035906,1.0027654
40.82844833,-73.92735333,202.93062,112.0,22728.229,6.500609,2.075637,1.0833194
40.81333667,-73.92272167,117.67666,146.0,17180.793,17.707485,1.4535319,1.0110443
40.83042667,-73.91376333,121.1176,165.0,19984.404,5.403908,1.0763421,1.0019869
40.84415667,-73.89739333,183.50221,76.0,13946.168,20.3097,1.6289655,1.0060223
40.81791833,-73.95433833,128.30469,164.0,21041.969,24.798702,1.1359671,1.0091103
40.821515,-73.91852333,127.37819,105.0,13374.71,21.92267,1.1428993,1.0079807
40.80163333,-73.94363333,124.326035,122.0,15167.776,28.046879,0.17838924,1.0026748
40.80132833,-73.943845,124.326035,122.0,15167.776,28.046879,0.17838924,1.0026748
40.834315,-73.92837667,202.93062,112.0,22728.229,6.500609,2.075637,1.0833194
40.81921667,-73.91067833,113.73547,124.0,14103.199,2.2383063,1.7503054,1.0076364
40.84013167,-73.92539667,169.77025,163.0,27672.55,0.5124478,2.0537114,1.0413039
40.81359,-73.88531167,139.3279,192.0,26750.957,6.369896,1.6295948,1.0024911
40.82975667,-73.90783333,145.96529,96.0,14012.668,19.257107,1.463957,1.002401
40.815735,-73.89806167,170.58284,140.0,23881.598,8.855713,1.6667511,1.0051283
40.81234667,-73.95340167,128.30469,164.0,21041.969,24.798702,1.1359671,1.0091103
40.82249167,-73.95271167,180.87502,99.0,17906.627,28.100235,1.0447704,1.0059924
40.814285,-73.89131167,139.3279,192.0,26750.957,6.369896,1.6295948,1.0024911
40.82158333,-73.918755,127.37819,105.0,13374.71,21.92267,1.1428993,1.0079807
40.81678333,-73.93015333,161.84848,165.0,26705.0,3.6181312,2.0452583,1.0442513
40.823105,-73.89168,175.01787,132.0,23102.36,0.17833267,1.9393232,1.0096782
40.83219333,-73.93154167,202.93062,112.0,22728.229,6.500609,2.075637,1.0833194
40.76427,-73.97202167,128.76662,123.0,15838.294,28.22213,0.13019001,1.0021577
40.84482833,-73.90945333,119.66612,143.0,17112.256,3.0354552,1.7027559,1.017371
40.80729333,-73.92837833,176.84497,122.0,21575.086,28.12984,1.7729294,1.0461227
40.80452333,-73.92188333,166.0727,132.0,21921.596,27.257975,1.0896772,1.0190109
40.80339667,-73.93818667,130.88336,133.0,17407.486,27.936617,0.2646968,1.0110557
40.81888,-73.91659167,113.73547,124.0,14103.199,2.2383063,1.7503054,1.0076364
40.81246833,-73.94955167,140.18352,126.0,17663.123,18.989073,0.7035906,1.0027654
40.81404833,-73.94690333,140.18352,126.0,17663.123,18.989073,0.7035906,1.0027654
40.82136167,-73.92833,202.72417,86.0,17434.28,3.763742,2.043402,1.1087794
40.80635667,-73.889095,174.61925,59.0,10302.535,11.715825,0.23336814,1.0108393
40.82911,-73.90821167,145.96529,96.0,14012.668,19.257107,1.463957,1.002401
40.82586,-73.88949,175.01787,132.0,23102.36,0.17833267,1.9393232,1.0096782
40.85877333,-73.93146,148.76894,150.0,22315.34,0.5686897,1.7597085,1.0395974
40.81028333,-73.92198167,166.0727,132.0,21921.596,27.257975,1.0896772,1.0190109
40.79804167,-73.95286667,110.13573,80.0,8810.858,2.676638,0.63717574,1.0050446
40.80984,-73.92785833,176.84497,122.0,21575.086,28.12984,1.7729294,1.0461227
40.80361167,-73.95214667,108.636345,201.0,21835.906,2.347573,0.6859712,1.0024277
40.76284333,-73.96785833,181.82753,155.0,28183.268,28.114243,0.2892998,1.0039169
40.814625,-73.89142833,139.3279,192.0,26750.957,6.369896,1.6295948,1.0024911
40.81647667,-73.887725,139.3279,192.0,26750.957,6.369896,1.6295948,1.0024911
40.83364,-73.89647333,114.54202,141.0,16150.425,0.08722013,2.1415744,1.0091131
40.80329833,-73.94238167,130.88336,133.0,17407.486,27.936617,0.2646968,1.0110557
40.83959167,-73.92559,169.77025,163.0,27672.55,0.5124478,2.0537114,1.0413039
40.83264333,-73.931335,202.93062,112.0,22728.229,6.500609,2.075637,1.0833194
40.82449333,-73.91015167,106.297,152.0,16157.144,13.476775,1.4520429,1.0031214
40.82129,-73.92834,202.72417,86.0,17434.28,3.763742,2.043402,1.1087794
40.81275833,-73.90656667,116.49381,139.0,16192.64,8.659099,1.645136,1.0050673
40.769775,-73.99008833,167.82324,111.0,18628.379,27.069763,0.6302606,1.0103678
40.82084,-73.9158,106.297,152.0,16157.144,13.476775,1.4520429,1.0031214
40.82761833,-73.94916167,118.27063,172.0,20342.549,18.79727,0.64105564,1.0027665
40.81524667,-73.95805167,128.30469,164.0,21041.969,24.798702,1.1359671,1.0091103
40.81829,-73.92945667,161.84848,165.0,26705.0,3.6181312,2.0452583,1.0442513
40.81127667,-73.909725,116.49381,139.0,16192.64,8.659099,1.645136,1.0050673
40.77451333,-73.95420833,151.98943,116.0,17630.773,28.152534,0.0,0.9995603
40.80468333,-73.90828667,168.29265,112.0,18848.777,7.2207155,1.9428554,1.0020025
40.82680833,-73.94690333,118.27063,172.0,20342.549,18.79727,0.64105564,1.0027665
40.844145,-73.89735667,183.50221,76.0,13946.168,20.3097,1.6289655,1.0060223
40.82030833,-73.92698667,202.72417,86.0,17434.28,3.763742,2.043402,1.1087794
40.839385,-73.91536,121.55696,173.0,21029.354,3.0354552,1.9275068,1.0055494
40.842035,-73.92112333,169.77025,163.0,27672.55,0.5124478,2.0537114,1.0413039
40.81553333,-73.95826667,128.30469,164.0,21041.969,24.798702,1.1359671,1.0091103
40.81315833,-73.88520667,139.3279,192.0,26750.957,6.369896,1.6295948,1.0024911
40.81298167,-73.94563,140.18352,126.0,17663.123,18.989073,0.7035906,1.0027654
40.815525,-73.93056167,161.84848,165.0,26705.0,3.6181312,2.0452583,1.0442513
40.803695,-73.91987833,166.0727,132.0,21921.596,27.257975,1.0896772,1.0190109
40.80816,-73.90797167,168.29265,112.0,18848.777,7.2207155,1.9428554,1.0020025
40.85690667,-73.93263833,148.76894,150.0,22315.34,0.5686897,1.7597085,1.0395974
40.82208167,-73.92028833,127.37819,105.0,13374.71,21.92267,1.1428993,1.0079807
40.80601,-73.92541,166.0727,132.0,21921.596,27.257975,1.0896772,1.0190109
40.810435,-73.92186333,166.0727,132.0,21921.596,27.257975,1.0896772,1.0190109
40.809095,-73.91836833,166.0727,132.0,21921.596,27.257975,1.0896772,1.0190109
40.82474667,-73.89153833,175.01787,132.0,23102.36,0.17833267,1.9393232,1.0096782
40.81019667,-73.90880333,168.29265,112.0,18848.777,7.2207155,1.9428554,1.0020025
40.83842,-73.916895,121.55696,173.0,21029.354,3.0354552,1.9275068,1.0055494
40.809715,-73.90743667,168.29265,112.0,18848.777,7.2207155,1.9428554,1.0020025
40.81009,-73.927665,176.84497,122.0,21575.086,28.12984,1.7729294,1.0461227
40.83448,-73.930355,202.93062,112.0,22728.229,6.500609,2.075637,1.0833194
40.812825,-73.94932167,140.18352,126.0,17663.123,18.989073,0.7035906,1.0027654
40.80444333,-73.91893833,166.0727,132.0,21921.596,27.257975,1.0896772,1.0190109
40.80334667,-73.95302833,108.636345,201.0,21835.906,2.347573,0.6859712,1.0024277
40.82368333,-73.89173,175.01787,132.0,23102.36,0.17833267,1.9393232,1.0096782
40.82123,-73.88556,175.01787,132.0,23102.36,0.17833267,1.9393232,1.0096782
40.8046,-73.94143833,130.88336,133.0,17407.486,27.936617,0.2646968,1.0110557
40.81237667,-73.949585,140.18352,126.0,17663.123,18.989073,0.7035906,1.0027654
40.80978667,-73.92964,176.84497,122.0,21575.086,28.12984,1.7729294,1.0461227
40.85893667,-73.93136667,148.76894,150.0,22315.34,0.5686897,1.7597085,1.0395974
40.82996,-73.93151333,202.93062,112.0,22728.229,6.500609,2.075637,1.0833194
40.819655,-73.89152167,175.01787,132.0,23102.36,0.17833267,1.9393232,1.0096782
40.81330167,-73.88524333,139.3279,192.0,26750.957,6.369896,1.6295948,1.0024911
40.85518833,-73.93694167,290.9026,29.0,8436.175,11.843419,1.7620981,1.0655235
40.83255833,-73.89838167,114.54202,141.0,16150.425,0.08722013,2.1415744,1.0091131
40.81559833,-73.91829333,113.73547,124.0,14103.199,2.2383063,1.7503054,1.0076364
40.80924333,-73.91826167,165.73642,147.0,24363.254,14.125048,1.6141295,1.0128083
40.80470333,-73.91885167,166.0727,132.0,21921.596,27.257975,1.0896772,1.0190109
40.82197333,-73.92003167,127.37819,105.0,13374.71,21.92267,1.1428993,1.0079807
40.815235,-73.95663333,128.30469,164.0,21041.969,24.798702,1.1359671,1.0091103
40.85529333,-73.93583333,290.9026,29.0,8436.175,11.843419,1.7620981,1.0655235
40.803095,-73.93839333,130.88336,133.0,17407.486,27.936617,0.2646968,1.0110557
40.8145,-73.918875,117.67666,146.0,17180.793,17.707485,1.4535319,1.0110443
40.81526667,-73.93057833,161.84848,165.0,26705.0,3.6181312,2.0452583,1.0442513
40.80337333,-73.95308667,108.636345,201.0,21835.906,2.347573,0.6859712,1.0024277
40.814035,-73.955765,128.30469,164.0,21041.969,24.798702,1.1359671,1.0091103
40.82389167,-73.89176333,175.01787,132.0,23102.36,0.17833267,1.9393232,1.0096782
40.80461833,-73.91887833,166.0727,132.0,21921.596,27.257975,1.0896772,1.0190109
40.83068,-73.91359833,121.1176,165.0,19984.404,5.403908,1.0763421,1.0019869
40.85740833,-73.93059667,148.76894,150.0,22315.34,0.5686897,1.7597085,1.0395974
40.83454167,-73.93030167,202.93062,112.0,22728.229,6.500609,2.075637,1.0833194
40.83276167,-73.89810667,114.54202,141.0,16150.425,0.08722013,2.1415744,1.0091131
40.857455,-73.93031667,148.76894,150.0,22315.34,0.5686897,1.7597085,1.0395974
40.80481167,-73.91867167,166.0727,132.0,21921.596,27.257975,1.0896772,1.0190109
40.77010667,-73.99117,167.82324,111.0,18628.379,27.069763,0.6302606,1.0103678
40.81252333,-73.95107667,140.18352,126.0,17663.123,18.989073,0.7035906,1.0027654
40.83233667,-73.89868,114.54202,141.0,16150.425,0.08722013,2.1415744,1.0091131
40.80829667,-73.94681833,150.06033,112.0,16806.758,27.842894,0.0,0.9998224
40.81456,-73.91882667,117.67666,146.0,17180.793,17.707485,1.4535319,1.0110443
40.81517333,-73.91906333,117.67666,146.0,17180.793,17.707485,1.4535319,1.0110443
40.82887833,-73.908305,145.96529,96.0,14012.668,19.257107,1.463957,1.002401
40.85512833,-73.93696833,290.9026,29.0,8436.175,11.843419,1.7620981,1.0655235
40.77016833,-73.99154333,167.82324,111.0,18628.379,27.069763,0.6302606,1.0103678
40.81960833,-73.913395,106.297,152.0,16157.144,13.476775,1.4520429,1.0031214
40.81500833,-73.91942333,117.67666,146.0,17180.793,17.707485,1.4535319,1.0110443
40.85722,-73.93105167,148.76894,150.0,22315.34,0.5686897,1.7597085,1.0395974
40.85552167,-73.936775,290.9026,29.0,8436.175,11.843419,1.7620981,1.0655235
40.81204167,-73.94990333,140.18352,126.0,17663.123,18.989073,0.7035906,1.0027654
40.85583333,-73.93666333,290.9026,29.0,8436.175,11.843419,1.7620981,1.0655235
40.828855,-73.90831667,145.96529,96.0,14012.668,19.257107,1.463957,1.002401
40.81432167,-73.89132167,139.3279,192.0,26750.957,6.369896,1.6295948,1.0024911
40.85713333,-73.93130333,148.76894,150.0,22315.34,0.5686897,1.7597085,1.0395974
40.81675667,-73.89203333,139.3279,192.0,26750.957,6.369896,1.6295948,1.0024911
40.80973833,-73.92792667,176.84497,122.0,21575.086,28.12984,1.7729294,1.0461227
40.80423333,-73.91932333,166.0727,132.0,21921.596,27.257975,1.0896772,1.0190109
40.81467667,-73.91854833,117.67666,146.0,17180.793,17.707485,1.4535319,1.0110443
40.82145,-73.95812833,180.87502,99.0,17906.627,28.100235,1.0447704,1.0059924
40.81442,-73.95597,128.30469,164.0,21041.969,24.798702,1.1359671,1.0091103
40.856415,-73.93626,290.9026,29.0,8436.175,11.843419,1.7620981,1.0655235
40.77018333,-73.99162667,167.82324,111.0,18628.379,27.069763,0.6302606,1.0103678
40.82824,-73.9269,202.93062,112.0,22728.229,6.500609,2.075637,1.0833194
40.80425167,-73.92123667,166.0727,132.0,21921.596,27.257975,1.0896772,1.0190109
40.84107,-73.89917,183.50221,76.0,13946.168,20.3097,1.6289655,1.0060223
40.82164667,-73.88878333,175.01787,132.0,23102.36,0.17833267,1.9393232,1.0096782
40.82412667,-73.90921167,123.30504,97.0,11960.589,14.014887,1.0782267,1.0028658
40.80909833,-73.92884,176.84497,122.0,21575.086,28.12984,1.7729294,1.0461227
40.82503167,-73.89103333,175.01787,132.0,23102.36,0.17833267,1.9393232,1.0096782
40.818105,-73.91491,113.73547,124.0,14103.199,2.2383063,1.7503054,1.0076364
40.80627833,-73.92616,166.0727,132.0,21921.596,27.257975,1.0896772,1.0190109
40.80845833,-73.94718333,150.06033,112.0,16806.758,27.842894,0.0,0.9998224
40.81610667,-73.91743333,113.73547,124.0,14103.199,2.2383063,1.7503054,1.0076364
40.80555833,-73.91445333,165.73642,147.0,24363.254,14.125048,1.6141295,1.0128083
40.817195,-73.91591667,113.73547,124.0,14103.199,2.2383063,1.7503054,1.0076364
40.814215,-73.91909667,117.67666,146.0,17180.793,17.707485,1.4535319,1.0110443
40.81357667,-73.93051833,161.84848,165.0,26705.0,3.6181312,2.0452583,1.0442513
40.80937,-73.90755667,168.29265,112.0,18848.777,7.2207155,1.9428554,1.0020025
40.81619667,-73.91728,113.73547,124.0,14103.199,2.2383063,1.7503054,1.0076364
40.82432,-73.891795,175.01787,132.0,23102.36,0.17833267,1.9393232,1.0096782
40.82969667,-73.93133,202.93062,112.0,22728.229,6.500609,2.075637,1.0833194
40.85721333,-73.93543667,290.9026,29.0,8436.175,11.843419,1.7620981,1.0655235
40.82498333,-73.89111167,175.01787,132.0,23102.36,0.17833267,1.9393232,1.0096782
40.81428833,-73.93073,161.84848,165.0,26705.0,3.6181312,2.0452583,1.0442513
40.82487,-73.89134,175.01787,132.0,23102.36,0.17833267,1.9393232,1.0096782
40.818625,-73.89255833,139.3279,192.0,26750.957,6.369896,1.6295948,1.0024911
40.857525,-73.93105667,148.76894,150.0,22315.34,0.5686897,1.7597085,1.0395974
40.80445,-73.91175833,165.73642,147.0,24363.254,14.125048,1.6141295,1.0128083
40.80843333,-73.94712167,150.06033,112.0,16806.758,27.842894,0.0,0.9998224
40.85603167,-73.933035,148.76894,150.0,22315.34,0.5686897,1.7597085,1.0395974
40.813145,-73.909155,116.49381,139.0,16192.64,8.659099,1.645136,1.0050673
40.81104333,-73.92142333,117.67666,146.0,17180.793,17.707485,1.4535319,1.0110443
40.81352833,-73.9304,161.84848,165.0,26705.0,3.6181312,2.0452583,1.0442513
40.80903667,-73.92879167,176.84497,122.0,21575.086,28.12984,1.7729294,1.0461227
40.80518333,-73.91342167,165.73642,147.0,24363.254,14.125048,1.6141295,1.0128083
40.812905,-73.92964667,161.84848,165.0,26705.0,3.6181312,2.0452583,1.0442513
40.80898833,-73.92874167,176.84497,122.0,21575.086,28.12984,1.7729294,1.0461227
40.81502667,-73.91809667,113.73547,124.0,14103.199,2.2383063,1.7503054,1.0076364
40.854865,-73.93569667,290.9026,29.0,8436.175,11.843419,1.7620981,1.0655235
40.81855,-73.89262167,139.3279,192.0,26750.957,6.369896,1.6295948,1.0024911
40.81827167,-73.91469833,113.73547,124.0,14103.199,2.2383063,1.7503054,1.0076364
40.81395,-73.93084667,161.84848,165.0,26705.0,3.6181312,2.0452583,1.0442513
40.85452333,-73.93458833,148.76894,150.0,22315.34,0.5686897,1.7597085,1.0395974
40.80894167,-73.92854167,176.84497,122.0,21575.086,28.12984,1.7729294,1.0461227
40.80492667,-73.912115,165.73642,147.0,24363.254,14.125048,1.6141295,1.0128083
40.82198,-73.911665,106.297,152.0,16157.144,13.476775,1.4520429,1.0031214
40.81380333,-73.91938833,117.67666,146.0,17180.793,17.707485,1.4535319,1.0110443
40.83317833,-73.93103333,202.93062,112.0,22728.229,6.500609,2.075637,1.0833194
40.85454167,-73.93464667,148.76894,150.0,22315.34,0.5686897,1.7597085,1.0395974
40.81541333,-73.91722333,113.73547,124.0,14103.199,2.2383063,1.7503054,1.0076364
40.80440167,-73.911645,165.73642,147.0,24363.254,14.125048,1.6141295,1.0128083
