lat,long,street_width_res100,street_traffic_res100,street_lanes_res100,street_orientation_res100
40.78876333,-73.971665,30.0,4.0,3.0,3.0
40.788875,-73.97192833,30.0,4.0,3.0,3.0
40.78908,-73.96708,47.636364,3.0,4.6363635,2.0
40.78908167,-73.97255,30.0,4.0,3.0,3.0
40.78795333,-73.96969667,32.0,4.0,3.0,3.0
40.78418333,-73.97021167,47.545456,3.0,4.4545455,2.0
40.78470833,-73.96975167,42.8,4.0,3.6,2.0
40.78886333,-73.96676667,47.636364,3.0,4.6363635,2.0
40.788585,-73.97130333,38.857143,4.0,3.5714285,3.0
40.78418333,-73.966635,25.785715,2.0,1.7142857,3.0
40.78182667,-73.98672167,30.5,2.0,2.2,3.0
40.81512333,-73.95032333,28.0,1.0,3.0,2.0
40.76774167,-73.98230833,62.2,1.0,4.5333333,3.0
40.78370667,-73.96508333,26.25,3.0,1.75,3.0
40.77094667,-73.97968333,52.444443,3.0,4.7777777,2.0
40.79593833,-73.95570333,43.0,4.0,1.7142857,3.0
40.78512667,-73.97289167,36.0,1.0,3.4,3.0
40.78309833,-73.95583833,31.0,1.0,3.0,3.0
40.781915,-73.96325,32.576923,2.0,1.4615384,0.0
40.777375,-73.94459,31.0,1.0,3.0,3.0
40.78476,-73.97195,30.333334,1.0,3.0,3.0
40.781725,-73.94579667,53.46154,4.0,4.0,2.0
40.78740333,-73.98071167,38.142857,3.0,3.5714285,1.0
40.758905,-73.96015833,25.878788,4.0,2.2121212,3.0
40.78264333,-73.98460333,40.166668,3.0,3.6666667,2.0
40.79036333,-73.97688333,39.545456,1.0,3.4545455,3.0
40.81563833,-73.94998833,28.0,1.0,3.0,2.0
40.77889,-73.94784,51.25,1.0,4.5,2.0
40.78934667,-73.973275,35.0,4.0,3.3333333,3.0
40.79867333,-73.95970667,52.785713,3.0,5.142857,2.0
40.78009,-73.94704833,47.714287,4.0,4.285714,2.0
40.76795333,-73.982415,48.45,1.0,3.4,2.0
40.78694667,-73.97984667,30.0,4.0,3.0,2.0
40.78111,-73.98738167,38.22,4.0,2.56,2.0
40.789975,-73.97607667,30.0,1.0,3.0,3.0
40.79138333,-73.96195667,28.210526,2.0,1.3684211,2.0
40.78667,-73.97963,51.42857,3.0,4.571429,2.0
40.78251333,-73.95438833,31.5,1.0,3.0,3.0
40.79177333,-73.96295833,26.583334,1.0,1.3333334,2.0
40.790355,-73.941705,40.5,2.0,3.5,3.0
40.78309667,-73.98581667,31.416666,1.0,2.3333333,2.0
40.79022,-73.96991,30.0,1.0,3.0,3.0
40.79833667,-73.95996333,52.785713,3.0,5.142857,2.0
40.76804,-73.98242,48.45,1.0,3.4,2.0
40.77158667,-73.97728333,30.944445,1.0,1.7222222,3.0
40.77291833,-73.94637333,42.5625,3.0,4.625,0.0
40.79016,-73.96973667,41.25,1.0,3.75,2.0
40.796185,-73.95559167,43.0,4.0,1.7142857,3.0
40.75887667,-73.96010333,41.666668,3.0,4.0,0.0
40.78978167,-73.97565,36.0,1.0,3.4,2.0
40.79883167,-73.95958667,52.785713,3.0,5.142857,2.0
40.81433333,-73.95093167,29.0,1.0,3.25,2.0
40.76942167,-73.98085833,56.57143,4.0,3.857143,2.0
40.78273833,-73.96359333,28.0,3.0,2.0,3.0
40.78117,-73.96236,28.09091,2.0,1.4545455,2.0
40.76812833,-73.98243167,48.45,1.0,3.4,2.0
40.78737833,-73.98065667,38.142857,3.0,3.5714285,1.0
40.79151333,-73.96223833,28.210526,2.0,1.3684211,2.0
40.784905,-73.97228167,30.333334,1.0,3.0,3.0
40.78302333,-73.984475,41.875,3.0,3.75,2.0
40.78964,-73.97515667,32.5,4.0,3.25,3.0
40.78093667,-73.96217833,29.0,1.0,2.0,3.0
40.7896,-73.95764833,30.652174,2.0,1.4782609,3.0
40.84138833,-73.89286,31.333334,4.0,3.0,3.0
40.78989667,-73.95836333,26.625,2.0,1.375,2.0
40.79522,-73.93310667,55.714287,3.0,4.571429,2.0
40.80721667,-73.898815,34.5,3.0,3.0,1.0
40.78651667,-73.975995,45.0,4.0,4.0,2.0
40.78789333,-73.98061167,38.142857,3.0,3.5714285,1.0
40.807085,-73.96706333,28.666666,4.0,2.2666667,2.0
40.79345333,-73.96702333,60.833332,4.0,4.3333335,2.0
40.77439333,-73.98249667,32.5,4.0,3.25,3.0
40.79726333,-73.95459,33.285713,4.0,1.2857143,2.0
40.79543,-73.93384167,40.666668,1.0,4.0,3.0
40.78633833,-73.97887167,41.666668,1.0,4.1666665,2.0
40.78922667,-73.98053,49.333332,3.0,4.6666665,2.0
40.79635667,-73.9723,37.23077,1.0,3.5384614,3.0
40.785675,-73.98471,27.84,2.0,1.92,0.0
40.77546,-73.98227833,35.25,1.0,3.25,1.0
40.78637333,-73.94239,50.0,4.0,4.5,2.0
40.78618,-73.97824333,34.333332,4.0,3.1333334,2.0
40.78652667,-73.97923667,51.42857,3.0,4.571429,2.0
40.79070667,-73.977965,30.6,1.0,3.0,3.0
40.78925667,-73.973785,42.0,4.0,3.8,3.0
40.79981333,-73.95881833,50.375,3.0,4.625,2.0
40.76774,-73.98191,62.2,1.0,4.5333333,3.0
40.78785167,-73.98061833,38.142857,3.0,3.5714285,1.0
40.84360667,-73.92448833,32.4,3.0,2.8,2.0
40.80784333,-73.89894667,34.5,3.0,3.0,1.0
40.768135,-73.95300667,46.0,3.0,4.5,2.0
40.79106833,-73.956465,34.2,4.0,1.0,2.0
40.78053667,-73.94668333,56.666668,4.0,5.0,2.0
40.795475,-73.955205,43.0,4.0,1.1428572,2.0
40.79209333,-73.97388833,35.125,1.0,3.25,2.0
40.78605333,-73.95322833,35.77778,1.0,3.2222223,3.0
40.78691833,-73.97746833,35.25,1.0,3.25,2.0
40.79670167,-73.93201,48.0,3.0,3.75,2.0
40.77552167,-73.982295,35.25,1.0,3.25,1.0
40.77540667,-73.94437,40.625,3.0,3.125,2.0
40.79201333,-73.97374167,35.125,1.0,3.25,2.0
40.78166,-73.94584167,53.46154,4.0,4.0,2.0
40.78687833,-73.97750833,35.25,1.0,3.25,2.0
40.77422333,-73.98251167,32.5,4.0,3.25,3.0
40.80458667,-73.95585,60.0,3.0,6.0,3.0
40.84209167,-73.89406167,35.4,3.0,2.8,3.0
40.776545,-73.94356667,55.555557,3.0,3.8888888,2.0
40.79146333,-73.97264167,37.75,4.0,3.5,3.0
40.78903,-73.980605,36.444443,3.0,3.4444444,3.0
40.78774167,-73.95382833,45.6,1.0,4.5,3.0
40.75905833,-73.96049833,25.878788,4.0,2.2121212,3.0
40.79043,-73.94182667,40.5,2.0,3.5,3.0
40.78324167,-73.95644,41.625,4.0,4.0,2.0
40.75906667,-73.95949,37.576923,3.0,3.5384614,3.0
40.79417333,-73.97020667,60.0,3.0,5.5,2.0
40.81011333,-73.89813167,34.5,3.0,3.0,0.0
40.77857833,-73.94727833,31.0,1.0,3.0,3.0
40.78666,-73.97653167,31.0,1.0,3.0,3.0
40.78367667,-73.98390167,38.25,3.0,3.5,2.0
40.80542167,-73.899475,34.5,3.0,3.0,0.0
40.79101833,-73.95653167,34.2,4.0,1.0,2.0
40.77597333,-73.94396667,44.333332,3.0,3.5,2.0
40.78499833,-73.98472333,27.921053,1.0,1.8947369,1.0
40.77330833,-73.94893667,43.142857,3.0,4.285714,3.0
40.78573,-73.98470667,27.84,2.0,1.92,0.0
40.75916167,-73.96068667,25.878788,4.0,2.2121212,3.0
40.79774,-73.951185,46.0,3.0,4.0,3.0
40.797615,-73.95443833,33.285713,4.0,1.2857143,2.0
40.76783,-73.97065667,42.067566,1.0,3.8108108,2.0
40.783335,-73.95697833,41.625,4.0,4.0,2.0
40.78617833,-73.95362833,35.77778,1.0,3.2222223,3.0
40.79653667,-73.93213833,48.0,3.0,3.75,2.0
40.79676667,-73.95492333,43.0,4.0,1.0,2.0
40.82287167,-73.887255,31.666666,4.0,2.2698412,2.0
40.79073667,-73.95680833,29.25,2.0,1.0,2.0
40.84343167,-73.92461167,28.714285,3.0,3.2857144,2.0
40.80613167,-73.902365,49.0,3.0,4.0,1.0
40.81362667,-73.89948167,51.5,3.0,4.6666665,3.0
40.78071167,-73.9465,57.533333,4.0,4.6,2.0
40.805955,-73.947145,35.692307,1.0,2.6923077,3.0
40.80953,-73.95983667,60.0,3.0,4.5,3.0
40.79690667,-73.95479667,43.0,4.0,1.0,2.0
40.78186167,-73.945695,36.285713,2.0,2.7142856,0.0
40.791,-73.971625,40.166668,1.0,3.6666667,2.0
40.7908,-73.97831833,30.6,1.0,3.0,3.0
40.79080333,-73.97892167,37.0,3.0,3.5,2.0
40.8226,-73.88750833,31.666666,4.0,2.2698412,2.0
40.78434667,-73.983185,35.57143,1.0,3.2857144,3.0
40.7966,-73.97217667,37.23077,1.0,3.5384614,3.0
40.78591667,-73.94266,50.0,4.0,4.5,2.0
40.77342667,-73.94932167,30.0,4.0,3.0,3.0
40.77396333,-73.98251167,38.666668,1.0,3.1666667,3.0
40.77660833,-73.94351667,55.555557,3.0,3.8888888,2.0
40.79038833,-73.95702833,29.25,2.0,1.0,2.0
40.806175,-73.96737333,28.565218,4.0,2.4782608,3.0
40.78188,-73.95818167,33.857143,1.0,3.2857144,3.0
40.816245,-73.94980333,28.0,1.0,3.0,1.0
40.83678667,-73.91806833,35.0,3.0,3.6,0.0
40.77375833,-73.95192833,37.333332,1.0,3.3333333,2.0
40.79000333,-73.95868167,26.625,2.0,1.375,2.0
40.773365,-73.96004167,36.0,1.0,3.5714285,3.0
40.806685,-73.89871333,34.5,3.0,3.0,0.0
40.843095,-73.92465667,28.714285,3.0,3.2857144,2.0
40.76888333,-73.98121,56.57143,4.0,3.857143,2.0
40.78656667,-73.954495,53.42857,3.0,5.285714,3.0
40.77355667,-73.95993833,38.4,1.0,3.8,3.0
40.790915,-73.97859167,30.6,1.0,3.0,3.0
40.76849333,-73.95254167,44.0,3.0,4.714286,3.0
40.79723333,-73.97175333,38.57143,4.0,3.5714285,3.0
40.79215333,-73.96372167,60.642857,3.0,4.857143,2.0
40.78659167,-73.95286,61.0,3.0,6.0,3.0
40.75933833,-73.961075,24.3125,4.0,1.6875,3.0
40.79645333,-73.97226167,37.23077,1.0,3.5384614,3.0
40.80002167,-73.96766833,38.2,4.0,3.0,3.0
40.79414667,-73.949095,50.125,4.0,4.75,2.0
40.797535,-73.96059167,53.272728,3.0,5.181818,2.0
40.795155,-73.93322,54.0,3.0,5.0,3.0
40.78681,-73.94806167,55.384617,4.0,5.0,2.0
40.81350667,-73.899135,52.25,1.0,4.75,2.0
40.84315667,-73.90962667,33.3,3.0,3.4,0.0
40.76121,-73.95757833,37.875,1.0,3.1666667,0.0
40.83735333,-73.91770833,31.2,4.0,3.6,0.0
40.77075833,-73.98724667,49.625,4.0,4.0,3.0
40.80615167,-73.87953667,38.5,1.0,3.0,1.0
40.765805,-73.97206,41.714287,1.0,3.7142856,2.0
40.83370667,-73.9024,30.0,4.0,3.0,2.0
40.79562833,-73.95461833,43.0,4.0,1.0,2.0
40.811215,-73.90329667,44.0,3.0,3.5,2.0
40.79555833,-73.93413833,60.0,3.0,6.0,3.0
40.81547667,-73.90040833,34.42857,4.0,3.142857,0.0
40.80417,-73.95488,45.714287,3.0,4.428571,3.0
40.84413333,-73.92372,31.5,3.0,3.0,1.0
40.80892667,-73.895605,48.6,3.0,4.4,0.0
40.7693,-73.95195833,40.555557,3.0,4.5555553,3.0
40.84142667,-73.92564667,32.0,4.0,3.5,2.0
40.79075333,-73.942635,62.5,1.0,5.875,2.0
40.83194167,-73.92131667,33.0,1.0,3.0,2.0
40.77091833,-73.98715333,49.625,4.0,4.0,3.0
40.81051333,-73.89874,34.5,3.0,3.0,0.0
40.81975,-73.897585,39.166668,3.0,3.8333333,2.0
40.843665,-73.90627,30.8,4.0,3.4,1.0
40.767875,-73.970495,42.067566,1.0,3.8108108,2.0
40.79014833,-73.941085,47.0,3.0,4.3333335,3.0
40.79409667,-73.97013333,60.0,3.0,5.5,2.0
40.80541333,-73.88117167,45.166668,1.0,3.6666667,0.0
40.84028333,-73.91002833,36.090908,3.0,3.7272727,0.0
40.80749333,-73.88944167,51.333332,3.0,4.0,1.0
40.75951,-73.95901667,30.195652,4.0,2.7826087,2.0
40.817495,-73.90356167,40.5,3.0,3.5,0.0
40.807605,-73.96688667,28.666666,4.0,2.2666667,2.0
40.786255,-73.97541167,42.4,1.0,3.8,3.0
40.835245,-73.912915,37.125,3.0,3.5,0.0
40.81892,-73.89614833,35.8,1.0,3.4,2.0
40.78149167,-73.95433333,40.25,1.0,4.0,2.0
40.84229167,-73.92512667,35.0,3.0,3.8,2.0
40.80517667,-73.90222167,44.166668,3.0,3.6666667,1.0
40.83730333,-73.917745,31.2,4.0,3.6,0.0
40.76218833,-73.95701833,52.5,3.0,5.25,2.0
40.83208833,-73.91789333,30.6,4.0,3.0,2.0
40.76223,-73.956985,52.5,3.0,5.25,2.0
40.75945667,-73.96148333,24.3125,4.0,1.6875,3.0
40.84112667,-73.90956,39.5,3.0,3.75,1.0
40.7854,-73.94763167,58.0,3.0,5.5,3.0
40.765855,-73.97201333,41.714287,1.0,3.7142856,2.0
40.76086,-73.95799667,37.875,1.0,3.1666667,0.0
40.76041333,-73.96383333,41.95,4.0,3.6,2.0
40.80545833,-73.88087333,45.166668,1.0,3.6666667,0.0
40.782095,-73.98283833,40.444443,1.0,3.7777777,3.0
40.785155,-73.94646,55.25,1.0,4.5,2.0
40.84341,-73.90953333,33.3,3.0,3.4,0.0
40.793605,-73.969145,45.0,3.0,4.5,3.0
40.79004833,-73.94900333,32.0,1.0,3.25,3.0
40.80547333,-73.95807667,54.0,3.0,4.8333335,2.0
40.780215,-73.98504833,47.0,3.0,5.0,3.0
40.84277667,-73.89324667,43.625,3.0,3.3333333,2.0
40.786845,-73.95255667,40.805557,1.0,3.3333333,3.0
40.79237667,-73.95508,30.166666,2.0,1.3333334,1.0
40.841025,-73.92208333,39.444443,4.0,2.7777777,3.0
40.842125,-73.892235,31.5,1.0,3.0,2.0
40.80855,-73.88972167,56.25,3.0,3.8333333,1.0
40.75958833,-73.958945,30.195652,4.0,2.7826087,2.0
40.76490833,-73.96860667,36.923077,4.0,3.3076923,3.0
40.81226,-73.95697833,52.2,3.0,5.0,2.0
40.76693167,-73.971345,43.34,1.0,3.92,2.0
40.82323333,-73.88797,30.333334,1.0,3.0,1.0
40.79340167,-73.97463167,40.0,4.0,3.7777777,3.0
40.785135,-73.946495,55.25,1.0,4.5,2.0
40.79158,-73.95584,30.777779,2.0,1.0,2.0
40.84419667,-73.91757833,45.0,3.0,3.5,0.0
40.81484833,-73.90011833,35.42857,4.0,3.2857144,0.0
40.76595333,-73.97195667,41.714287,1.0,3.7142856,2.0
40.767035,-73.97126833,43.34,1.0,3.92,2.0
40.7991,-73.93475833,32.75,4.0,3.5,3.0
40.76495667,-73.96877667,36.923077,4.0,3.3076923,3.0
40.79514333,-73.94826333,34.857143,4.0,3.2857144,3.0
40.79778667,-73.971365,45.666668,1.0,4.1666665,2.0
40.79191833,-73.95539167,30.166666,2.0,1.3333334,1.0
40.7742,-73.95947,38.2,4.0,3.8,3.0
40.772585,-73.96063833,37.11111,1.0,3.6666667,3.0
40.80943333,-73.903525,36.04348,4.0,2.9565217,2.0
40.76733,-73.971035,43.34,1.0,3.92,2.0
40.80945167,-73.90302833,36.04348,4.0,2.9565217,2.0
40.78214667,-73.957995,41.0,4.0,3.5454545,2.0
40.79019833,-73.949355,35.1,1.0,2.3,3.0
40.81173833,-73.95730833,52.2,3.0,5.0,2.0
40.77413167,-73.95949333,38.2,4.0,3.8,3.0
40.79134,-73.97253333,37.75,4.0,3.5,3.0
40.76757167,-73.970795,43.34,1.0,3.92,2.0
40.80805833,-73.964165,29.956522,2.0,2.1956522,3.0
40.774125,-73.952775,30.0,1.0,3.0,3.0
40.800805,-73.96780333,48.23077,3.0,4.4615383,1.0
40.77790333,-73.94580833,39.857143,1.0,3.857143,3.0
40.77318667,-73.960155,36.0,1.0,3.5714285,3.0
40.77407667,-73.95950833,38.2,4.0,3.8,3.0
40.842745,-73.90968333,33.3,3.0,3.4,0.0
40.80889833,-73.89594667,34.5,3.0,3.0,0.0
40.79741333,-73.93151,43.133335,4.0,2.8,3.0
40.797755,-73.96144,30.0,4.0,3.0,3.0
40.79770167,-73.95109333,46.0,3.0,4.0,3.0
40.79168167,-73.95569667,30.777779,2.0,1.0,2.0
40.80831,-73.96358167,29.956522,2.0,2.1956522,3.0
40.84411,-73.91739333,45.0,3.0,3.5,0.0
40.79453667,-73.96988833,42.666668,4.0,4.0,2.0
40.80643333,-73.879635,38.5,1.0,3.0,1.0
40.79355167,-73.96904,45.0,3.0,4.5,3.0
40.775965,-73.983515,56.5,4.0,4.5,2.0
40.84416833,-73.91753833,45.0,3.0,3.5,0.0
40.76125333,-73.95755667,37.875,1.0,3.1666667,0.0
40.78030667,-73.98553167,43.88889,3.0,4.0,1.0
40.78470667,-73.94354333,48.25,1.0,4.25,2.0
40.84131333,-73.92570833,32.0,4.0,3.5,2.0
40.78652,-73.97783167,35.25,1.0,3.25,2.0
40.80602167,-73.95793167,54.0,3.0,4.8333335,2.0
40.765515,-73.972215,41.714287,1.0,3.7142856,2.0
40.79043667,-73.97948333,37.0,3.0,3.5,2.0
40.84361667,-73.90565167,30.8,4.0,3.4,1.0
40.81940667,-73.89642,35.8,1.0,3.4,2.0
40.76878333,-73.972105,29.0,4.0,1.7777778,2.0
40.84403833,-73.92396833,31.5,3.0,3.0,1.0
40.76729167,-73.97109,43.34,1.0,3.92,2.0
40.80930667,-73.90371167,36.04348,4.0,2.9565217,2.0
40.81096833,-73.95429833,52.8,3.0,5.0,3.0
40.83376333,-73.90236333,30.0,4.0,3.0,2.0
40.84268,-73.89312667,43.625,3.0,3.3333333,2.0
40.81085833,-73.95801667,43.833332,3.0,4.3333335,3.0
40.806325,-73.94812,31.0,1.0,3.0,3.0
40.80256,-73.90793333,45.833332,3.0,4.6666665,3.0
40.77346333,-73.94937833,30.0,4.0,3.0,3.0
40.78015333,-73.98492333,61.0,3.0,6.0,2.0
40.794275,-73.970135,60.0,3.0,5.5,2.0
40.809025,-73.89464833,58.833332,3.0,5.3333335,0.0
40.81426333,-73.899735,35.42857,4.0,3.2857144,0.0
40.809555,-73.90311167,36.04348,4.0,2.9565217,2.0
40.809115,-73.96292,39.4375,1.0,3.75,2.0
40.78233333,-73.95783,41.0,4.0,3.5454545,2.0
40.806415,-73.88759333,49.0,3.0,4.25,0.0
40.80860333,-73.96336167,40.727272,1.0,4.0,2.0
40.81740667,-73.95013333,27.5,1.0,3.0,1.0
40.79564833,-73.954585,43.0,4.0,1.0,2.0
40.817455,-73.903075,40.5,3.0,3.5,0.0
40.79130833,-73.95623667,30.777779,2.0,1.0,2.0
40.84535833,-73.91732667,50.75,3.0,3.5,2.0
40.84362,-73.90507833,39.6,3.0,4.0,1.0
40.77346667,-73.951195,37.333332,1.0,3.3333333,2.0
40.81729167,-73.90236167,52.2,3.0,4.6,1.0
40.80168167,-73.96040833,53.333332,3.0,4.6666665,1.0
40.78727667,-73.944875,53.666668,1.0,3.8888888,2.0
40.77126667,-73.98692,49.625,4.0,4.0,3.0
40.78649167,-73.94251333,50.0,4.0,4.5,2.0
40.79031333,-73.95009667,35.1,1.0,2.3,3.0
40.804875,-73.884795,69.625,3.0,5.0,0.0
40.82247167,-73.95473333,29.0,4.0,3.0,3.0
40.78921333,-73.947025,30.0,1.0,3.0,3.0
40.78557667,-73.94809667,58.0,3.0,5.5,3.0
40.80473,-73.95631167,60.0,3.0,6.0,3.0
40.81544167,-73.906315,46.0,4.0,4.0,0.0
40.84464833,-73.906095,32.46154,1.0,3.0,0.0
40.76914833,-73.98854333,58.0,3.0,5.5,2.0
40.82298167,-73.95643167,30.6,1.0,2.6,2.0
40.799075,-73.96454833,31.0,4.0,3.0,3.0
40.77375167,-73.95014667,30.0,4.0,3.0,3.0
40.83540667,-73.90134833,33.47059,4.0,3.2941177,2.0
40.80789833,-73.89738667,34.5,3.0,3.0,0.0
40.845115,-73.91745,49.666668,3.0,3.4166667,0.0
40.80801667,-73.904615,31.0,4.0,2.5454545,2.0
40.827285,-73.91316,30.5,1.0,3.0,2.0
40.83562167,-73.914005,34.636364,1.0,3.3636363,2.0
40.82942333,-73.91233667,33.15,1.0,3.0,2.0
40.79915667,-73.96472333,31.0,4.0,3.0,3.0
40.82940167,-73.91226833,33.15,1.0,3.0,2.0
40.83290167,-73.91735333,29.0,4.0,3.0,2.0
40.81755667,-73.953495,54.714287,3.0,5.428571,2.0
40.82632333,-73.90972167,30.916666,1.0,3.1666667,0.0
40.77681833,-73.95696333,38.2,1.0,3.8,3.0
40.80412167,-73.91689667,31.7,4.0,2.4,0.0
40.84391667,-73.894685,45.166668,1.0,3.5,2.0
40.83496167,-73.91581333,33.285713,4.0,3.4285715,2.0
40.82145833,-73.89158833,62.0,3.0,6.0,1.0
40.83334167,-73.91717,29.0,4.0,3.0,2.0
40.79961667,-73.93579667,35.923077,4.0,2.8461537,3.0
40.82669667,-73.909525,35.75,1.0,3.5,0.0
40.826975,-73.925235,34.0,4.0,3.6666667,2.0
40.81751,-73.90352,40.5,3.0,3.5,0.0
40.83936333,-73.91058667,44.0,3.0,4.0,2.0
40.82338833,-73.92255,33.5,4.0,3.0,0.0
40.818075,-73.95286,47.75,3.0,4.25,2.0
40.84474833,-73.9122,35.369564,1.0,2.826087,2.0
40.81188,-73.903805,56.625,3.0,5.5,0.0
40.83529333,-73.92686333,31.857143,3.0,3.2857144,2.0
40.843765,-73.90882667,31.8,3.0,3.6,0.0
40.77586333,-73.99138833,43.333332,1.0,2.3333333,2.0
40.80243333,-73.962415,45.333332,3.0,3.6666667,3.0
40.84425667,-73.893215,38.95,3.0,3.0,0.0
40.81923333,-73.89811667,41.0,3.0,4.0,2.0
40.84407833,-73.89667833,35.764706,4.0,3.1176472,0.0
40.84127,-73.92572833,32.0,4.0,3.5,2.0
40.84387167,-73.89257667,42.57143,3.0,3.4285715,2.0
40.774705,-73.95827667,44.833332,1.0,4.6666665,3.0
40.80229333,-73.93841,27.0,4.0,2.3333333,3.0
40.79930667,-73.96528333,31.0,4.0,3.0,3.0
40.79698333,-73.94929167,33.555557,4.0,2.1111112,2.0
40.81553333,-73.88392667,52.5,3.0,5.0,0.0
40.83639,-73.89794333,36.166668,3.0,2.3333333,0.0
40.80842,-73.896715,34.5,3.0,3.0,0.0
40.76938833,-73.98891833,58.0,3.0,5.5,2.0
40.808115,-73.90439333,31.0,4.0,2.5454545,2.0
40.83536667,-73.91538833,33.285713,4.0,3.4285715,2.0
40.766505,-73.97155833,40.8125,1.0,3.75,2.0
40.77345667,-73.95496167,57.25,1.0,5.5,2.0
40.79310667,-73.94806667,47.136364,3.0,3.8181818,2.0
40.79474167,-73.97364167,48.2,3.0,4.8,3.0
40.80499,-73.95694833,45.375,3.0,4.5,2.0
40.81585833,-73.90419833,40.0,4.0,2.8333333,1.0
40.83408,-73.92742833,31.857143,3.0,3.142857,2.0
40.844005,-73.91715167,45.0,3.0,3.5,0.0
40.82223833,-73.957195,30.6,1.0,2.6,2.0
40.8415,-73.90078,36.666668,1.0,3.0,2.0
40.80716333,-73.95710667,54.4,3.0,5.0,2.0
40.77551333,-73.95403167,45.0,1.0,4.0,2.0
40.80406833,-73.91676667,31.7,4.0,2.4,0.0
40.81758333,-73.89541,54.833332,3.0,5.3333335,2.0
40.80907833,-73.894235,58.833332,3.0,5.3333335,0.0
40.80835167,-73.90390667,31.0,4.0,2.5454545,2.0
40.81734,-73.89524667,54.833332,3.0,5.3333335,2.0
40.78876833,-73.95109833,33.1,1.0,2.8,2.0
40.82153167,-73.891595,62.0,3.0,6.0,1.0
40.801385,-73.95975,60.5,3.0,4.75,2.0
40.80167,-73.94890167,39.75,4.0,3.75,3.0
40.80389833,-73.96678333,43.875,4.0,3.6875,2.0
40.79813333,-73.93246333,42.0,4.0,3.0,0.0
40.76059167,-73.964275,41.95,4.0,3.6,2.0
40.76615667,-73.97178833,39.666668,1.0,3.6666667,2.0
40.809555,-73.95899333,60.0,3.0,4.8,3.0
40.83522167,-73.91556667,33.285713,4.0,3.4285715,2.0
40.79784833,-73.961635,30.0,4.0,3.0,3.0
40.78528667,-73.94739333,44.25,3.0,4.0,3.0
40.77490333,-73.95279,30.0,1.0,3.0,3.0
40.84354333,-73.919065,42.75,3.0,3.5,2.0
40.834865,-73.92630833,31.857143,3.0,3.2857144,2.0
40.81882333,-73.95199333,54.4,3.0,5.0,2.0
40.80039333,-73.93536833,44.416668,1.0,3.5,2.0
40.821185,-73.89158333,56.333332,3.0,5.111111,0.0
40.79816,-73.96228333,40.0,3.0,4.0,3.0
40.79293,-73.947745,47.136364,3.0,3.8181818,2.0
40.81943,-73.89792833,41.0,3.0,4.0,2.0
40.80564167,-73.87980333,38.77778,3.0,2.7777777,0.0
40.78076833,-73.95477667,37.333332,1.0,3.6666667,3.0
40.77378667,-73.956035,54.5,3.0,6.0,3.0
40.80095333,-73.93538667,46.5,1.0,4.0,2.0
40.834035,-73.92721,31.857143,3.0,3.142857,2.0
40.7632,-73.95703667,48.6,3.0,5.0,2.0
40.76001667,-73.95860333,50.583332,3.0,4.9166665,2.0
40.80231667,-73.962185,45.333332,3.0,3.6666667,3.0
40.77446667,-73.95936,38.2,4.0,3.8,3.0
40.82978,-73.91331167,34.411766,4.0,3.0,2.0
40.84396167,-73.895245,36.8125,4.0,2.9375,0.0
40.84424,-73.90502167,39.6,3.0,4.0,1.0
40.799195,-73.96481667,31.0,4.0,3.0,3.0
40.83182,-73.92139333,48.75,3.0,4.0,0.0
40.84626833,-73.91755,33.5,3.0,3.25,2.0
40.806315,-73.88854167,63.0,3.0,5.6,0.0
40.794275,-73.95483667,32.714287,4.0,1.1428572,2.0
40.769325,-73.98883667,58.0,3.0,5.5,2.0
40.78615167,-73.94841667,58.88889,4.0,5.888889,2.0
40.83857333,-73.91302167,38.0,4.0,2.3846154,2.0
40.76429833,-73.95843667,45.18182,1.0,4.090909,3.0
40.84400167,-73.89597667,26.615385,4.0,2.0,0.0
40.8087,-73.90328,49.0,3.0,4.0,1.0
40.80768,-73.90519333,33.0,4.0,2.75,2.0
40.79783833,-73.93185,43.133335,4.0,2.8,3.0
40.81329,-73.88334667,36.0,3.0,4.0,1.0
40.78349667,-73.98191333,39.7,1.0,3.7,3.0
40.773545,-73.95489333,57.25,1.0,5.5,2.0
40.76536333,-73.96964,34.6,4.0,3.4,3.0
40.80140333,-73.959795,60.5,3.0,4.75,2.0
40.84560167,-73.91729,50.75,3.0,3.5,2.0
40.83541667,-73.92724333,29.777779,3.0,3.0,2.0
40.81907833,-73.89827833,41.0,3.0,4.0,2.0
40.83325167,-73.91718167,29.0,4.0,3.0,2.0
40.844505,-73.91836667,38.333332,4.0,3.0,0.0
40.80504,-73.88595,34.5,3.0,4.0,1.0
40.83506167,-73.91238,36.0,3.0,3.5,0.0
40.84372,-73.91654667,30.6,4.0,3.0,0.0
40.79819333,-73.953765,33.416668,4.0,2.6666667,2.0
40.76510667,-73.96897,34.6,1.0,3.2,3.0
40.76930833,-73.98839833,58.0,3.0,5.5,2.0
40.80364333,-73.9536,45.0,3.0,4.5,3.0
40.84446,-73.89359333,42.75,1.0,3.5,2.0
40.83859333,-73.92751833,28.944445,3.0,3.6666667,2.0
40.82077167,-73.88758833,42.5,4.0,3.3333333,1.0
40.774565,-73.95790833,62.25,3.0,6.5,2.0
40.78616,-73.94574333,43.333332,1.0,3.2222223,3.0
40.840805,-73.90973,33.142857,4.0,3.0,1.0
40.83655833,-73.89895667,38.0,3.0,2.0,0.0
40.79436,-73.948925,50.125,4.0,4.75,2.0
40.81886667,-73.89852833,35.866665,1.0,3.2666667,1.0
40.81846333,-73.89892167,43.22222,3.0,4.2222223,2.0
40.80901833,-73.894965,48.6,3.0,4.4,0.0
40.81632333,-73.95905167,54.6,3.0,4.8,3.0
40.76966,-73.988065,48.625,4.0,4.25,2.0
40.77465667,-73.95814667,62.25,3.0,6.5,2.0
40.80942667,-73.95968167,60.0,3.0,4.5,3.0
40.774715,-73.95230333,30.0,1.0,3.0,3.0
40.80660333,-73.87966833,38.5,1.0,3.5,1.0
40.76518667,-73.96921333,34.6,4.0,3.4,3.0
40.76985833,-73.98791333,48.625,4.0,4.25,2.0
40.82072333,-73.887645,42.5,4.0,3.3333333,1.0
40.82512667,-73.92759667,36.333332,3.0,4.0,0.0
40.79444,-73.95475667,32.714287,4.0,1.1428572,2.0
40.8438,-73.90928667,39.5,3.0,4.0,0.0
40.80849833,-73.90280667,49.0,3.0,4.0,1.0
40.83876333,-73.896405,37.8,3.0,2.6,2.0
40.79105833,-73.943345,45.375,3.0,4.125,3.0
40.809135,-73.89379667,52.333332,3.0,4.1666665,0.0
40.83860333,-73.92758167,28.944445,3.0,3.6666667,2.0
40.82962667,-73.929355,39.625,3.0,3.375,0.0
40.79442333,-73.94887667,50.125,4.0,4.75,2.0
40.78071333,-73.95904833,57.5,3.0,5.6666665,3.0
40.77465167,-73.95209833,30.0,1.0,3.0,3.0
40.78222,-73.98273833,40.444443,1.0,3.7777777,3.0
40.769195,-73.98848167,58.0,3.0,5.5,2.0
40.81810833,-73.95282333,55.833332,3.0,4.8333335,2.0
40.82505333,-73.92761833,36.333332,3.0,4.0,0.0
40.826115,-73.90984333,30.916666,1.0,3.1666667,0.0
40.77417667,-73.98481667,46.68421,1.0,3.7368422,3.0
40.805795,-73.88612167,34.5,3.0,4.0,1.0
40.81779333,-73.89464333,51.25,3.0,4.5,2.0
40.79587667,-73.954065,43.0,4.0,1.0,2.0
40.79487333,-73.94844833,44.875,4.0,4.25,2.0
40.80943333,-73.95912167,60.0,3.0,4.5,3.0
40.80831333,-73.96473333,48.416668,3.0,4.3333335,3.0
40.80208333,-73.93796167,27.0,4.0,2.3333333,3.0
40.795215,-73.94821333,34.857143,4.0,3.2857144,3.0
40.81402333,-73.95698167,71.0,3.0,6.0,3.0
40.770145,-73.98765833,46.1,4.0,4.0,2.0
40.77503167,-73.95334333,43.4,1.0,3.8,3.0
40.83627167,-73.89783167,46.0,3.0,4.0,1.0
40.76979667,-73.95161833,51.0,3.0,5.0,2.0
40.8127,-73.88209833,55.75,3.0,4.75,0.0
40.83470833,-73.911355,36.0,1.0,3.5,0.0
40.84469167,-73.90652333,34.3125,1.0,3.0,0.0
40.81029833,-73.96174333,60.0,3.0,4.0,3.0
40.79424833,-73.954845,32.714287,4.0,1.1428572,2.0
40.85229167,-73.93846833,35.5,3.0,3.5,1.0
40.79610667,-73.93244833,42.0,1.0,3.6,3.0
40.834185,-73.91649,27.318182,4.0,1.8636364,0.0
40.80401333,-73.95451,60.0,3.0,6.0,3.0
40.80265333,-73.96290333,40.833332,3.0,2.8333333,2.0
40.76455833,-73.95828167,45.18182,1.0,4.090909,3.0
40.840695,-73.895195,42.0,3.0,3.0,2.0
40.80008,-73.94478333,45.8,4.0,4.3,2.0
40.83337667,-73.90266,30.0,4.0,3.0,2.0
40.84419667,-73.89440833,45.166668,1.0,3.5,2.0
40.808575,-73.90281667,49.0,3.0,4.0,1.0
40.76869333,-73.95429333,31.0,1.0,3.0,3.0
40.81861,-73.88908167,33.285713,4.0,3.2857144,1.0
40.81534,-73.90456667,40.0,4.0,2.8333333,1.0
40.762765,-73.95658667,48.6,3.0,5.0,2.0
40.81880333,-73.898605,35.866665,1.0,3.2666667,1.0
40.81410333,-73.88737833,30.0,1.0,3.0,1.0
40.774265,-73.98473833,46.68421,1.0,3.7368422,3.0
40.82134,-73.927855,34.0,1.0,3.142857,1.0
40.84086667,-73.9097,39.5,3.0,3.75,1.0
40.774745,-73.984385,46.68421,1.0,3.7368422,3.0
40.814255,-73.957215,60.416668,3.0,5.0833335,3.0
40.79894167,-73.964235,42.2,1.0,3.4,3.0
40.82690167,-73.91369,28.25,1.0,3.0,2.0
40.82254333,-73.953395,37.625,4.0,3.25,2.0
40.77728833,-73.95733167,38.2,4.0,3.8,3.0
40.80421833,-73.91549333,36.117645,3.0,2.9411764,0.0
40.81152667,-73.880915,48.5,1.0,3.0,1.0
40.83434333,-73.91990833,30.333334,1.0,3.3333333,2.0
40.833665,-73.92032667,31.5,1.0,3.0,0.0
40.82685167,-73.91376333,28.25,1.0,3.0,2.0
40.76511333,-73.97042333,41.333332,1.0,4.0,3.0
40.79196833,-73.94539667,50.0,3.0,5.0,3.0
40.811645,-73.94658833,40.595238,1.0,3.0952382,2.0
40.81815,-73.89910667,43.22222,3.0,4.2222223,2.0
40.80235333,-73.94311667,41.2,1.0,3.8,3.0
40.801715,-73.96771833,35.3,4.0,3.1,3.0
40.83861167,-73.91312333,38.0,4.0,2.3846154,2.0
40.823425,-73.888585,31.0,1.0,3.0,0.0
40.82608167,-73.92573667,30.8,4.0,3.6,2.0
40.79502333,-73.95396167,34.2,4.0,1.0,2.0
40.82094333,-73.925275,42.05,4.0,3.2,2.0
40.814165,-73.88828333,29.4,1.0,2.3,0.0
40.81237833,-73.90457167,43.2,4.0,3.8,0.0
40.808055,-73.95648833,44.7,1.0,6.0,2.0
40.77775833,-73.95703833,38.6,1.0,3.8,3.0
40.81642667,-73.91415667,54.166668,3.0,4.6666665,2.0
40.81249667,-73.88502167,45.0,3.0,5.0,0.0
40.83907,-73.91440167,36.0,1.0,2.6666667,2.0
40.81158333,-73.91688333,34.767857,4.0,3.2142856,0.0
40.768995,-73.95503667,51.25,4.0,4.5,2.0
40.80872333,-73.89778667,34.5,3.0,3.0,1.0
40.816435,-73.88768667,33.9,4.0,2.8,3.0
40.81832667,-73.91684167,40.0,3.0,3.5,0.0
40.82156,-73.928015,33.25,3.0,3.5,3.0
40.83239167,-73.90333667,30.0,4.0,3.0,2.0
40.77899667,-73.956075,35.714287,1.0,3.5714285,3.0
40.82285333,-73.92338333,0.0,-1.0,0.0,-1.0
40.82591333,-73.88873167,40.875,1.0,3.625,1.0
40.822095,-73.95734167,34.875,1.0,2.8125,2.0
40.80212,-73.94967,43.125,3.0,3.5,2.0
40.77415333,-73.95110833,50.0,4.0,4.5,2.0
40.81819833,-73.916905,40.0,3.0,3.5,0.0
40.82876667,-73.92789,30.90909,4.0,2.7272727,3.0
40.83191,-73.90241833,37.166668,3.0,3.0,0.0
40.80067333,-73.94677167,56.5,1.0,4.0,3.0
40.83815,-73.91132167,37.18182,3.0,2.5454545,0.0
40.81517667,-73.88640667,30.5625,4.0,2.5,3.0
40.80516833,-73.88276167,63.125,3.0,4.5,0.0
40.76449167,-73.970955,38.8,1.0,3.6,3.0
40.85323,-73.93840833,33.333332,1.0,3.3333333,1.0
40.828105,-73.95042167,31.6,4.0,2.8,2.0
40.82235,-73.92029667,43.076923,3.0,3.7692308,2.0
40.82775167,-73.95137667,31.09091,4.0,2.8181818,2.0
40.81825833,-73.89914,43.22222,3.0,4.2222223,2.0
40.79999167,-73.94485333,58.0,3.0,5.6,3.0
40.77068333,-73.95094,50.642857,3.0,5.142857,2.0
40.828835,-73.928,30.90909,4.0,2.7272727,3.0
40.85694833,-73.93497,37.5,3.0,4.0,1.0
40.84130833,-73.900165,39.2,3.0,2.8,2.0
40.799435,-73.93549,35.923077,4.0,2.8461537,3.0
40.80914,-73.94836,51.02941,3.0,4.4117646,3.0
40.77655,-73.95611333,50.0,4.0,5.0,2.0
40.81604167,-73.958805,54.6,3.0,4.8,3.0
40.76301,-73.95662833,48.6,3.0,5.0,2.0
40.80950667,-73.89142667,58.666668,3.0,5.3333335,0.0
40.81802,-73.91336167,36.75,1.0,3.75,2.0
40.84339167,-73.915845,55.666668,3.0,5.0,2.0
40.80934833,-73.94817,51.02941,3.0,4.4117646,3.0
40.80691833,-73.90655833,31.7,4.0,2.6,2.0
40.83221833,-73.90327333,30.0,4.0,3.0,2.0
40.84225833,-73.92103167,30.0,4.0,3.0,2.0
40.82040167,-73.91189833,39.714287,1.0,3.5714285,2.0
40.80402167,-73.90588333,34.333332,3.0,4.0,3.0
40.826655,-73.90573167,50.0,3.0,4.0,2.0
40.802315,-73.96764,35.3,4.0,3.1,3.0
40.82497833,-73.91044667,40.0,1.0,4.0,2.0
40.810705,-73.89537667,42.0,3.0,4.0,1.0
40.82158833,-73.91118,39.42857,1.0,3.9285715,2.0
40.83162167,-73.90675333,45.0,1.0,4.0,0.0
40.81598167,-73.9144,54.166668,3.0,4.6666665,2.0
40.77648833,-73.95602333,50.0,4.0,5.0,2.0
40.82165333,-73.95771833,34.875,1.0,2.8125,2.0
40.81915833,-73.95971333,48.4,3.0,4.5,2.0
40.80439,-73.93966333,31.5,4.0,2.3333333,3.0
40.83409167,-73.91657,27.318182,4.0,1.8636364,0.0
40.814715,-73.88372333,52.75,3.0,5.0,0.0
40.82550667,-73.92625333,33.666668,3.0,3.5,0.0
40.77490333,-73.958745,44.833332,1.0,4.6666665,3.0
40.812295,-73.896195,53.2,3.0,4.2,3.0
40.81901,-73.90958667,33.25,1.0,3.25,0.0
40.81774,-73.95390833,50.0,3.0,4.0,3.0
40.80501833,-73.94762833,34.0,1.0,2.8,2.0
40.83684667,-73.92711167,32.4,3.0,4.0,2.0
40.770995,-73.950715,50.642857,3.0,5.142857,2.0
40.81086667,-73.95317667,60.0,3.0,6.0,3.0
40.828295,-73.95087,31.6,4.0,2.8,2.0
40.80816,-73.95641667,40.8,1.0,4.9,2.0
40.81243,-73.90501167,46.0,3.0,4.5,0.0
40.83909667,-73.91447333,34.5625,3.0,2.5,0.0
40.76700667,-73.95641333,47.5,1.0,4.5,3.0
40.79254,-73.94682833,50.0,3.0,5.0,3.0
40.83526833,-73.90144833,33.47059,4.0,3.2941177,2.0
40.856515,-73.93510667,42.0,3.0,4.0,2.0
40.82633333,-73.95026,44.714287,1.0,3.857143,2.0
40.803115,-73.96389833,50.9375,3.0,4.125,2.0
40.820025,-73.92680833,37.766666,1.0,3.3333333,2.0
40.82212667,-73.949935,40.333332,3.0,3.5,3.0
40.791905,-73.94524667,50.0,3.0,5.0,3.0
40.81447167,-73.95747833,41.0,2.0,3.0,3.0
40.85225667,-73.938315,35.5,3.0,3.5,1.0
40.81508167,-73.886315,30.5625,4.0,2.5,3.0
40.80809,-73.90274667,49.0,3.0,4.0,1.0
40.80122333,-73.94783333,52.0,3.0,5.2,3.0
40.82135,-73.91785333,45.692307,4.0,3.4615386,0.0
40.82991833,-73.90180167,42.3,3.0,3.4,2.0
40.83694667,-73.92715333,32.4,3.0,4.0,2.0
40.813395,-73.90709,31.9,4.0,3.4,0.0
40.81255667,-73.90569167,49.2,3.0,4.8,0.0
40.77214333,-73.94996833,45.0,3.0,4.5,2.0
40.81817667,-73.95628833,33.0,4.0,2.75,2.0
40.80300167,-73.94262,38.0,4.0,2.9166667,3.0
40.80516167,-73.885985,34.5,3.0,4.0,1.0
40.80783667,-73.95663667,54.4,3.0,5.0,2.0
40.80955,-73.89108,60.0,3.0,5.3333335,0.0
40.819325,-73.90856667,38.0,4.0,3.6666667,0.0
40.80825667,-73.95634833,40.8,1.0,4.9,2.0
40.80397833,-73.905805,34.333332,3.0,4.0,3.0
40.77099333,-73.99316333,45.0,3.0,4.0,3.0
40.83135333,-73.91834667,30.916666,3.0,3.0,2.0
40.81414167,-73.88836667,29.4,1.0,2.3,0.0
40.8254,-73.94795,60.0,3.0,5.5,2.0
40.80539333,-73.94740833,35.692307,1.0,2.6923077,3.0
40.81538333,-73.89838333,42.0,1.0,4.0,2.0
40.81696333,-73.88806167,30.0,4.0,2.0555556,3.0
40.83609333,-73.92751,32.5,3.0,3.25,2.0
40.82275167,-73.92344167,31.0,4.0,3.0,2.0
40.82993833,-73.92994333,53.333332,3.0,4.3333335,0.0
40.82039667,-73.892005,56.333332,3.0,5.111111,0.0
40.81598,-73.958745,54.6,3.0,4.8,3.0
40.817515,-73.89825,45.5,1.0,4.5,2.0
40.83765167,-73.8973,31.5,2.0,2.0,2.0
40.83061667,-73.907355,41.0,1.0,4.0,2.0
40.77056833,-73.99219333,60.0,3.0,6.0,3.0
40.809575,-73.890005,64.75,3.0,4.5,0.0
40.825195,-73.88873667,31.375,1.0,3.0,1.0
40.80363167,-73.96696,43.875,4.0,3.6875,2.0
40.77238,-73.94979667,42.0,1.0,4.2,3.0
40.80240833,-73.967625,35.3,4.0,3.1,3.0
40.8267,-73.91402,28.25,1.0,3.0,2.0
40.83859667,-73.92663333,32.857143,3.0,4.0,2.0
40.80629333,-73.889,63.57143,3.0,4.571429,0.0
40.840655,-73.90162333,37.6,1.0,3.6,2.0
40.81513667,-73.88382333,52.5,3.0,5.0,0.0
40.81886667,-73.95991167,48.4,3.0,4.5,2.0
40.82002667,-73.90819833,30.0,1.0,3.0,2.0
40.82146167,-73.92796333,33.25,3.0,3.5,3.0
40.813665,-73.94582167,30.0,1.0,3.0,3.0
40.81824167,-73.91688167,40.0,3.0,3.5,0.0
40.81805667,-73.91344833,36.75,1.0,3.75,2.0
40.83864333,-73.91319,38.0,4.0,2.3846154,2.0
40.81979333,-73.90831333,26.857143,1.0,3.0,0.0
40.80110833,-73.94402167,39.0,4.0,3.6666667,3.0
40.82469667,-73.91057667,44.863636,3.0,3.4545455,0.0
40.80343833,-73.96708833,43.875,4.0,3.6875,2.0
40.83186833,-73.90664667,45.0,1.0,4.0,0.0
40.80724,-73.906675,33.166668,4.0,2.6666667,2.0
40.82268,-73.95321333,37.625,4.0,3.25,2.0
40.768935,-73.95505833,51.25,4.0,4.5,2.0
40.83277167,-73.903065,30.0,4.0,3.0,2.0
40.82208667,-73.910895,39.42857,1.0,3.9285715,2.0
40.8232,-73.92321333,33.5,4.0,3.0,0.0
40.819245,-73.913715,38.625,3.0,3.5,2.0
40.83648333,-73.92732,32.4,3.0,4.0,2.0
40.83076167,-73.91877,44.833332,1.0,4.0,2.0
40.81623167,-73.89753667,33.0,1.0,3.0,2.0
40.82138167,-73.91799833,45.692307,4.0,3.4615386,0.0
40.80097333,-73.94412833,39.0,4.0,3.6666667,3.0
40.806535,-73.88917833,63.57143,3.0,4.571429,0.0
40.84036333,-73.90180333,37.6,1.0,3.6,2.0
40.81302833,-73.90721167,44.8,3.0,4.6,1.0
40.804805,-73.88511833,45.5,3.0,4.6666665,1.0
40.83454333,-73.91979,29.0,1.0,3.5,0.0
40.83864667,-73.926155,32.857143,3.0,4.0,2.0
40.79501,-73.95398833,34.2,4.0,1.0,2.0
40.80662333,-73.94895833,32.0,1.0,3.0,3.0
40.81745333,-73.89815667,45.5,1.0,4.5,2.0
40.84501833,-73.91352333,38.809525,4.0,2.9047618,0.0
40.82098,-73.88721,42.5,4.0,3.3333333,1.0
40.817855,-73.95652667,33.5,3.0,2.625,2.0
40.79483167,-73.95433667,34.2,4.0,1.0,2.0
40.77713667,-73.957435,38.2,4.0,3.8,3.0
40.81925333,-73.90859833,38.0,4.0,3.6666667,0.0
40.81244,-73.89488,41.0,3.0,4.0,2.0
40.76173167,-73.96657,46.666668,4.0,4.0,3.0
40.82695167,-73.94724833,40.0,1.0,3.3333333,3.0
40.78497667,-73.94679,44.25,3.0,4.0,3.0
40.8219,-73.888435,34.763157,4.0,2.5526316,2.0
40.82236,-73.95447667,29.5,4.0,3.0,3.0
40.81788667,-73.95979833,49.25,3.0,4.375,2.0
40.83744,-73.89967667,36.857143,4.0,3.2857144,2.0
40.82527167,-73.888725,31.375,1.0,3.0,1.0
40.84128667,-73.92176167,39.444443,4.0,2.7777777,3.0
40.80174667,-73.949105,39.75,4.0,3.75,3.0
40.84341333,-73.91587667,55.666668,3.0,5.0,2.0
40.82013167,-73.88858,41.75,3.0,3.75,1.0
40.83858167,-73.92720833,28.944445,3.0,3.6666667,2.0
40.822655,-73.9235,31.0,4.0,3.0,2.0
40.83583,-73.9024,50.11111,3.0,4.888889,2.0
40.804945,-73.94767833,34.0,1.0,2.8,2.0
40.82152833,-73.95045333,53.625,3.0,4.5,2.0
40.81788167,-73.91705833,40.0,3.0,3.5,0.0
40.81590167,-73.91444167,54.166668,3.0,4.6666665,2.0
40.76961833,-73.989665,45.0,1.0,4.5,3.0
40.83799667,-73.9277,28.2,3.0,3.6,3.0
40.82614,-73.88897,40.875,1.0,3.625,1.0
40.83855167,-73.90213833,48.0,1.0,4.8,2.0
40.76470333,-73.97289833,47.84375,1.0,3.6875,2.0
40.85557833,-73.93567,42.0,3.0,4.0,2.0
40.82728667,-73.92505,43.714287,4.0,3.142857,2.0
40.82537,-73.9076,30.588236,2.0,2.764706,0.0
40.8224,-73.95227333,32.07143,1.0,3.142857,3.0
40.84207833,-73.92109333,30.0,4.0,3.0,2.0
40.82969667,-73.90787,35.142857,1.0,3.4285715,0.0
40.81185167,-73.925565,45.4,3.0,3.5,2.0
40.80381,-73.92020333,60.0,3.0,5.0,2.0
40.81133333,-73.91703333,36.227272,3.0,2.909091,0.0
40.83927167,-73.91502,34.5625,3.0,2.5,0.0
40.81451333,-73.91529833,47.07143,3.0,4.285714,0.0
40.80464333,-73.95131833,40.75,1.0,3.0833333,3.0
40.83100833,-73.90041833,42.6,3.0,3.0,2.0
40.804365,-73.90781667,34.75,1.0,4.0,3.0
40.80860167,-73.96556,36.38889,4.0,3.5555556,2.0
40.81764833,-73.91344333,43.0,1.0,4.0,2.0
40.80523167,-73.94750333,30.0,4.0,3.0,3.0
40.814055,-73.91556,36.0,1.0,3.2857144,0.0
40.80491833,-73.88591667,34.5,3.0,4.0,1.0
40.82062667,-73.91577333,39.75,3.0,3.5,0.0
40.80379833,-73.942,46.0,4.0,3.2857144,2.0
40.81059333,-73.92731333,41.0,4.0,2.9285715,2.0
40.85748,-73.929665,30.444445,3.0,2.5555556,2.0
40.81254,-73.95325333,34.25,3.0,3.5,3.0
40.832545,-73.93138833,25.277779,1.0,2.7777777,2.0
40.827805,-73.90421,47.285713,3.0,3.857143,2.0
40.82658,-73.950725,43.75,1.0,4.25,2.0
40.81372333,-73.90694833,31.9,4.0,3.4,0.0
40.76460167,-73.97295833,47.84375,1.0,3.6875,2.0
40.82172333,-73.91921833,44.1,4.0,3.1,0.0
40.813085,-73.92314833,41.76923,1.0,2.7692308,0.0
40.81392,-73.88961,30.375,3.0,2.5,0.0
40.76980833,-73.99017,45.0,1.0,4.5,3.0
40.831875,-73.90232333,37.166668,3.0,3.0,0.0
40.81767667,-73.92969667,28.772728,4.0,2.6363637,1.0
40.81320333,-73.94546167,43.0,4.0,3.1111112,2.0
40.81345333,-73.885275,45.0,3.0,5.0,1.0
40.81961667,-73.95940167,32.42857,4.0,2.6666667,2.0
40.81814,-73.95471,47.166668,3.0,4.0,1.0
40.81944333,-73.911395,42.5,3.0,4.0,0.0
40.83071167,-73.92000667,47.833332,3.0,3.9166667,2.0
40.76987667,-73.99035333,45.0,1.0,4.5,3.0
40.80345167,-73.94227,29.4,2.0,1.8,2.0
40.81725667,-73.92993167,31.666666,3.0,3.3333333,0.0
40.83688833,-73.927115,32.4,3.0,4.0,2.0
40.82800833,-73.95013833,37.88889,4.0,3.3333333,2.0
40.83146667,-73.90118833,32.77778,1.0,2.4444444,0.0
40.76247333,-73.96804833,35.0,4.0,3.0,3.0
40.82784333,-73.92565667,37.466667,3.0,3.4666667,0.0
40.82799667,-73.95005,37.88889,4.0,3.3333333,2.0
40.84351333,-73.91987667,36.8,3.0,3.6,2.0
40.812365,-73.91644667,37.2,1.0,3.4,0.0
40.81402833,-73.88888833,30.857143,1.0,2.2857144,1.0
40.81474,-73.91512167,47.07143,3.0,4.285714,0.0
40.83737667,-73.92747833,28.2,3.0,3.6,3.0
40.814145,-73.94713667,30.0,1.0,3.0,3.0
40.82126833,-73.95832667,36.6875,4.0,2.4375,2.0
40.83437667,-73.92855167,35.833332,3.0,3.6666667,2.0
40.80862333,-73.96563667,36.38889,4.0,3.5555556,2.0
40.81327333,-73.92282667,40.625,3.0,3.125,2.0
40.81744,-73.88834167,30.0,4.0,2.0555556,3.0
40.82336833,-73.89170167,51.0,3.0,5.0,1.0
40.85924333,-73.932395,33.0,1.0,3.0,2.0
40.814825,-73.919775,49.333332,3.0,4.5555553,2.0
40.81404333,-73.88878,30.857143,1.0,2.2857144,1.0
40.764625,-73.97295167,47.84375,1.0,3.6875,2.0
40.80459167,-73.90818667,34.75,1.0,4.0,3.0
40.813245,-73.92286667,40.625,3.0,3.125,2.0
40.81278833,-73.91622,32.923077,3.0,3.1538463,0.0
40.80390167,-73.92041333,60.0,3.0,5.0,2.0
40.81099833,-73.90983333,36.0,1.0,3.0,1.0
40.82724,-73.925075,43.714287,4.0,3.142857,2.0
40.83019833,-73.91389667,31.083334,1.0,3.0,2.0
40.80953333,-73.94804833,51.02941,3.0,4.4117646,3.0
40.82303667,-73.891675,51.0,3.0,5.0,1.0
40.83259333,-73.93136167,25.277779,1.0,2.7777777,2.0
40.83463667,-73.92967333,31.0,3.0,3.5,2.0
40.82489667,-73.908085,30.588236,2.0,2.764706,0.0
40.81839333,-73.95611833,33.0,4.0,2.75,2.0
40.76263,-73.968215,35.0,4.0,3.0,3.0
40.829785,-73.93088833,28.842106,4.0,2.1578948,2.0
40.7619,-73.96700833,46.666668,4.0,4.0,3.0
40.81083,-73.91734333,36.44737,1.0,3.1052632,0.0
40.82111167,-73.88534,36.0,1.0,4.0,1.0
40.82645,-73.95061333,44.714287,1.0,3.857143,2.0
40.81158833,-73.92607,45.4,3.0,3.5,2.0
40.80337,-73.94233333,38.0,4.0,2.9166667,3.0
40.83911833,-73.92587,37.5,3.0,3.75,2.0
40.808745,-73.947835,53.363636,3.0,5.2727275,3.0
40.82117667,-73.88607833,44.6,3.0,3.8,0.0
40.81264667,-73.95296333,34.25,3.0,3.5,3.0
40.81564,-73.95690833,40.92857,4.0,3.357143,3.0
40.825845,-73.94897667,45.0,1.0,4.5,3.0
40.81370333,-73.94867167,54.0,3.0,4.8333335,2.0
40.82844833,-73.92735333,29.272728,1.0,2.5454545,3.0
40.81333667,-73.92272167,40.625,3.0,3.125,2.0
40.83042667,-73.91376333,31.083334,1.0,3.0,2.0
40.84415667,-73.89739333,35.764706,4.0,3.1176472,0.0
40.81791833,-73.95433833,50.0,3.0,4.0,3.0
40.821515,-73.91852333,43.846153,4.0,3.0769231,0.0
40.80163333,-73.94363333,42.25,4.0,4.0,2.0
40.80132833,-73.943845,42.25,4.0,4.0,2.0
40.834315,-73.92837667,35.833332,3.0,3.6666667,2.0
40.81921667,-73.91067833,47.8125,3.0,4.0,1.0
40.84013167,-73.92539667,34.285713,3.0,3.857143,2.0
40.81359,-73.88531167,45.0,3.0,5.0,1.0
40.82975667,-73.90783333,35.142857,1.0,3.4285715,0.0
40.815735,-73.89806167,42.0,1.0,4.0,2.0
40.81234667,-73.95340167,34.25,3.0,3.5,3.0
40.82249167,-73.95271167,32.07143,1.0,3.142857,3.0
40.814285,-73.89131167,44.2,3.0,3.6,1.0
40.82158333,-73.918755,43.846153,4.0,3.0769231,0.0
40.81678333,-73.93015333,31.666666,3.0,3.3333333,0.0
40.823105,-73.89168,51.0,3.0,5.0,1.0
40.83219333,-73.93154167,30.0,4.0,2.0,1.0
40.76427,-73.97202167,40.4,1.0,3.6,2.0
40.84482833,-73.90945333,45.233334,3.0,3.5333333,0.0
40.80729333,-73.92837833,69.0,3.0,6.0,3.0
40.80452333,-73.92188333,50.375,3.0,5.0,2.0
40.80339667,-73.93818667,34.57143,1.0,3.4285715,3.0
40.81888,-73.91659167,36.0,1.0,3.4,0.0
40.81246833,-73.94955167,52.625,3.0,5.25,2.0
40.81404833,-73.94690333,39.5,4.0,2.75,3.0
40.82136167,-73.92833,33.25,3.0,3.5,3.0
40.80635667,-73.889095,63.57143,3.0,4.571429,0.0
40.82911,-73.90821167,33.0,4.0,3.4,0.0
40.82586,-73.88949,60.714287,3.0,5.285714,2.0
40.85877333,-73.93146,37.5,1.0,3.4285715,2.0
40.81028333,-73.92198167,38.25,4.0,3.642857,3.0
40.79804167,-73.95286667,47.0,3.0,4.0,2.0
40.80984,-73.92785833,56.666668,3.0,5.2222223,2.0
40.80361167,-73.95214667,43.27778,4.0,3.1111112,3.0
40.76284333,-73.96785833,43.4,1.0,3.4,3.0
40.814625,-73.89142833,44.2,3.0,3.6,1.0
40.81647667,-73.887725,33.9,4.0,2.8,3.0
40.83364,-73.89647333,56.875,3.0,4.375,1.0
40.80329833,-73.94238167,38.0,4.0,2.9166667,3.0
40.83959167,-73.92559,37.5,3.0,3.75,2.0
40.83264333,-73.931335,25.277779,1.0,2.7777777,2.0
40.82449333,-73.91015167,44.863636,3.0,3.4545455,0.0
40.82129,-73.92834,33.25,3.0,3.5,3.0
40.81275833,-73.90656667,44.8,3.0,4.6,1.0
40.769775,-73.99008833,45.0,1.0,4.5,3.0
40.82084,-73.9158,39.75,3.0,3.5,0.0
40.82761833,-73.94916167,36.833332,1.0,3.3333333,2.0
40.81524667,-73.95805167,50.25,3.0,3.9166667,2.0
40.81829,-73.92945667,33.0,4.0,3.0,1.0
40.81127667,-73.909725,36.0,1.0,3.0,1.0
40.77451333,-73.95420833,42.0,1.0,3.8,3.0
40.80468333,-73.90828667,33.5,4.0,4.0,3.0
40.82680833,-73.94690333,40.0,1.0,3.3333333,3.0
40.844145,-73.89735667,35.764706,4.0,3.1176472,0.0
40.82030833,-73.92698667,29.8,1.0,3.0,0.0
40.839385,-73.91536,43.125,1.0,3.5,0.0
40.842035,-73.92112333,30.0,4.0,3.0,2.0
40.81553333,-73.95826667,47.05357,3.0,3.2142856,2.0
40.81315833,-73.88520667,45.0,3.0,5.0,0.0
40.81298167,-73.94563,43.0,4.0,3.1111112,2.0
40.815525,-73.93056167,30.466667,4.0,2.6,1.0
40.803695,-73.91987833,60.0,3.0,5.0,2.0
40.80816,-73.90797167,53.25,3.0,5.25,1.0
40.85690667,-73.93263833,46.5,1.0,4.5,2.0
40.82208167,-73.92028833,45.25,3.0,3.25,2.0
40.80601,-73.92541,38.717392,2.0,3.173913,2.0
40.810435,-73.92186333,38.25,4.0,3.642857,3.0
40.809095,-73.91836833,34.85,1.0,3.25,3.0
40.82474667,-73.89153833,69.0,3.0,6.0,1.0
40.81019667,-73.90880333,32.0,3.0,4.0,1.0
40.83842,-73.916895,28.714285,1.0,3.0,0.0
40.809715,-73.90743667,37.0,3.0,3.8,1.0
40.81009,-73.927665,38.5,4.0,3.0,2.0
40.83448,-73.930355,25.125,4.0,2.75,2.0
40.812825,-73.94932167,52.625,3.0,5.25,2.0
40.80444333,-73.91893833,38.733334,4.0,3.0,2.0
40.80334667,-73.95302833,44.357143,4.0,3.5714285,2.0
40.82368333,-73.89173,51.0,3.0,5.0,1.0
40.82123,-73.88556,36.0,1.0,4.0,1.0
40.8046,-73.94143833,32.583332,2.0,2.0833333,2.0
40.81237667,-73.949585,52.625,3.0,5.25,2.0
40.80978667,-73.92964,44.57143,4.0,3.857143,3.0
40.85893667,-73.93136667,38.73077,4.0,3.3846154,0.0
40.82996,-73.93151333,32.25,1.0,2.25,1.0
40.819655,-73.89152167,31.5,1.0,2.8333333,2.0
40.81330167,-73.88524333,45.0,3.0,5.0,1.0
40.85518833,-73.93694167,33.5,3.0,3.1666667,2.0
40.83255833,-73.89838167,48.25,3.0,4.75,2.0
40.81559833,-73.91829333,31.964285,4.0,2.4285715,2.0
40.80924333,-73.91826167,34.85,1.0,3.25,3.0
40.80470333,-73.91885167,41.2,3.0,3.4,2.0
40.82197333,-73.92003167,45.25,3.0,3.25,2.0
40.815235,-73.95663333,40.92857,4.0,3.357143,3.0
40.85529333,-73.93583333,42.0,3.0,4.0,2.0
40.803095,-73.93839333,34.57143,1.0,3.4285715,3.0
40.8145,-73.918875,31.708334,4.0,2.6666667,2.0
40.81526667,-73.93057833,30.466667,4.0,2.6,1.0
40.80337333,-73.95308667,44.357143,4.0,3.5714285,2.0
40.814035,-73.955765,62.357143,3.0,5.571429,3.0
40.82389167,-73.89176333,51.0,3.0,5.0,1.0
40.80461833,-73.91887833,41.2,3.0,3.4,2.0
40.83068,-73.91359833,31.083334,1.0,3.0,2.0
40.85740833,-73.93059667,28.5625,2.0,2.25,0.0
40.83454167,-73.93030167,25.125,4.0,2.75,2.0
40.83276167,-73.89810667,48.25,3.0,4.75,2.0
40.857455,-73.93031667,30.444445,3.0,2.5555556,2.0
40.80481167,-73.91867167,41.2,3.0,3.4,2.0
40.77010667,-73.99117,57.0,3.0,6.0,3.0
40.81252333,-73.95107667,35.75,1.0,2.8333333,2.0
40.83233667,-73.89868,54.0,3.0,5.3333335,2.0
40.80829667,-73.94681833,60.0,3.0,6.0,3.0
40.81456,-73.91882667,31.708334,4.0,2.6666667,2.0
40.81517333,-73.91906333,35.8,3.0,2.8,0.0
40.82887833,-73.908305,31.166666,1.0,3.1666667,0.0
40.85512833,-73.93696833,33.5,3.0,3.1666667,2.0
40.77016833,-73.99154333,55.714287,1.0,5.142857,3.0
40.81960833,-73.913395,41.666668,3.0,3.6666667,0.0
40.81500833,-73.91942333,35.8,3.0,2.8,0.0
40.85722,-73.93105167,28.5625,2.0,2.25,0.0
40.85552167,-73.936775,34.666668,3.0,3.0,2.0
40.81204167,-73.94990333,48.714287,3.0,4.428571,2.0
40.85583333,-73.93666333,34.666668,3.0,3.0,2.0
40.828855,-73.90831667,31.166666,1.0,3.1666667,0.0
40.81432167,-73.89132167,44.2,3.0,3.6,1.0
40.85713333,-73.93130333,28.5625,2.0,2.25,0.0
40.81675667,-73.89203333,51.38889,3.0,4.6666665,0.0
40.80973833,-73.92792667,56.666668,3.0,5.2222223,2.0
40.80423333,-73.91932333,42.545456,3.0,3.3636363,0.0
40.81467667,-73.91854833,31.708334,4.0,2.6666667,2.0
40.82145,-73.95812833,34.875,1.0,2.8125,2.0
40.81442,-73.95597,43.9,4.0,4.2,3.0
40.856415,-73.93626,42.0,3.0,4.0,2.0
40.77018333,-73.99162667,55.714287,1.0,5.142857,3.0
40.82824,-73.9269,29.88889,4.0,2.7222223,0.0
40.80425167,-73.92123667,49.166668,3.0,4.6666665,3.0
40.84107,-73.89917,43.25,1.0,3.5,0.0
40.82164667,-73.88878333,31.75,1.0,2.625,2.0
40.82412667,-73.90921167,55.166668,3.0,4.6666665,0.0
40.80909833,-73.92884,37.771427,1.0,3.0285714,2.0
40.82503167,-73.89103333,45.210526,3.0,3.8947368,2.0
40.818105,-73.91491,38.454544,1.0,3.1818182,2.0
40.80627833,-73.92616,59.0,3.0,6.0,3.0
40.80845833,-73.94718333,60.0,3.0,6.0,3.0
40.81610667,-73.91743333,46.954544,3.0,4.181818,2.0
40.80555833,-73.91445333,45.2,3.0,3.8,3.0
40.817195,-73.91591667,42.6,3.0,3.6,2.0
40.814215,-73.91909667,49.333332,3.0,4.5555553,2.0
40.81357667,-73.93051833,48.785713,1.0,3.857143,2.0
40.80937,-73.90755667,47.0,3.0,4.75,0.0
40.81619667,-73.91728,46.954544,3.0,4.181818,2.0
40.82432,-73.891795,69.0,3.0,6.0,1.0
40.82969667,-73.93133,28.842106,4.0,2.1578948,2.0
40.85721333,-73.93543667,37.857143,3.0,4.0,2.0
40.82498333,-73.89111167,45.210526,3.0,3.8947368,2.0
40.81428833,-73.93073,27.875,1.0,2.0,1.0
40.82487,-73.89134,58.42857,3.0,4.714286,2.0
40.818625,-73.89255833,31.5,1.0,2.5,2.0
40.857525,-73.93105667,28.5625,2.0,2.25,0.0
40.80445,-73.91175833,32.87037,4.0,2.2592592,2.0
40.80843333,-73.94712167,60.0,3.0,6.0,3.0
40.85603167,-73.933035,49.714287,3.0,4.714286,2.0
40.813145,-73.909155,31.90909,1.0,2.4545455,1.0
40.81104333,-73.92142333,47.5,1.0,4.4,3.0
40.81352833,-73.9304,48.785713,1.0,3.857143,2.0
40.80903667,-73.92879167,37.771427,1.0,3.0285714,2.0
40.80518333,-73.91342167,32.375,1.0,2.6875,2.0
40.812905,-73.92964667,48.81818,4.0,3.7272727,2.0
40.80898833,-73.92874167,46.357143,3.0,3.5714285,2.0
40.81502667,-73.91809667,31.964285,4.0,2.4285715,2.0
40.854865,-73.93569667,32.0,3.0,4.0,2.0
40.81855,-73.89262167,28.725,4.0,2.1,2.0
40.81827167,-73.91469833,38.454544,1.0,3.1818182,2.0
40.81395,-73.93084667,34.569443,1.0,2.6944444,1.0
40.85452333,-73.93458833,32.2,1.0,3.4,2.0
40.80894167,-73.92854167,46.357143,3.0,3.5714285,2.0
40.80492667,-73.912115,34.342106,4.0,2.5789473,2.0
40.82198,-73.911665,39.42857,1.0,3.9285715,2.0
40.81380333,-73.91938833,41.6,1.0,3.9,3.0
40.83317833,-73.93103333,25.285715,4.0,1.8571428,2.0
40.85454167,-73.93464667,32.2,1.0,3.4,2.0
40.81541333,-73.91722333,36.0,4.0,3.142857,2.0
40.80440167,-73.911645,32.87037,4.0,2.2592592,2.0
