lat,long,has_residence_res30_distance,has_manufacture_res30_distance,has_commercial_res30_distance,has_park_res30_distance
40.78876333,-73.971665,0.0,74.29646,1.4142135,15.556349
40.788875,-73.97192833,0.0,73.29646,2.4142137,16.556349
40.78908,-73.96708,0.0,91.71068,6.656854,2.4142137
40.78908167,-73.97255,0.0,71.71068,2.4142137,16.0
40.78795333,-73.96969667,0.0,80.053825,1.4142135,8.071068
40.78418333,-73.97021167,0.0,73.25484,9.071068,0.0
40.78470833,-73.96975167,0.0,74.669044,9.656855,0.0
40.78886333,-73.96676667,0.0,92.29646,8.071068,1.0
40.788585,-73.97130333,0.0,74.88225,0.0,14.142136
40.78418333,-73.966635,9.485281,80.781746,19.79899,0.0
40.78182667,-73.98672167,1.4142135,22.0,11.313708,0.0
40.81512333,-73.95032333,0.0,12.414213,11.656855,1.0
40.76774167,-73.98230833,3.4142137,27.31371,0.0,4.2426405
40.78370667,-73.96508333,15.556349,76.29646,23.213203,0.0
40.77094667,-73.97968333,0.0,31.04163,3.4142137,0.0
40.79593833,-73.95570333,12.656855,61.698486,19.142136,0.0
40.78512667,-73.97289167,0.0,64.497475,0.0,9.828427
40.78309833,-73.95583833,0.0,45.62742,6.656854,10.899495
40.781915,-73.96325,8.485281,66.81118,14.142136,0.0
40.777375,-73.94459,0.0,2.828427,6.656854,5.2426405
40.78476,-73.97195,0.0,67.08326,2.4142137,7.071068
40.781725,-73.94579667,0.0,10.071068,0.0,4.2426405
40.78740333,-73.98071167,0.0,51.112698,8.071068,1.4142135
40.758905,-73.96015833,0.0,2.0,0.0,4.4142137
40.78264333,-73.98460333,0.0,28.31371,9.414213,0.0
40.79036333,-73.97688333,0.0,68.325905,2.828427,8.071068
40.81563833,-73.94998833,0.0,15.2426405,8.828427,0.0
40.77889,-73.94784,1.4142135,9.414213,0.0,15.2426405
40.78934667,-73.973275,0.0,70.71068,0.0,15.828427
40.79867333,-73.95970667,0.0,57.870056,6.2426405,0.0
40.78009,-73.94704833,2.0,8.071068,0.0,11.0
40.76795333,-73.982415,3.828427,25.899494,0.0,4.8284273
40.78694667,-73.97984667,0.0,51.769554,3.828427,5.8284273
40.78111,-73.98738167,0.0,19.0,11.485281,0.0
40.789975,-73.97607667,0.0,68.56854,0.0,10.485281
40.79138333,-73.96195667,8.071068,81.46804,18.899494,0.0
40.78667,-73.97963,0.0,50.769554,3.4142137,6.0
40.78251333,-73.95438833,0.0,39.79899,1.0,16.556349
40.79177333,-73.96295833,3.828427,86.29646,14.071068,0.0
40.790355,-73.941705,0.0,11.899495,22.142136,9.2426405
40.78309667,-73.98581667,1.0,27.242641,12.485281,0.0
40.79022,-73.96991,1.0,83.36753,0.0,12.727922
40.79833667,-73.95996333,0.0,59.28427,7.656854,0.0
40.76804,-73.98242,3.4142137,25.485281,0.0,4.4142137
40.77158667,-73.97728333,5.2426405,38.79899,8.071068,0.0
40.77291833,-73.94637333,0.0,21.213203,15.556349,3.828427
40.79016,-73.96973667,1.0,83.36753,0.0,12.727922
40.796185,-73.95559167,11.2426405,60.28427,18.556349,0.0
40.75887667,-73.96010333,0.0,2.0,0.0,4.8284273
40.78978167,-73.97565,1.0,67.98276,0.0,11.899495
40.79883167,-73.95958667,0.0,56.870056,5.2426405,1.0
40.81433333,-73.95093167,0.0,10.0,12.2426405,1.0
40.76942167,-73.98085833,0.0,29.284271,0.0,0.0
40.78273833,-73.96359333,11.313708,70.225395,16.556349,0.0
40.78117,-73.96236,3.828427,62.154327,9.071068,0.0
40.76812833,-73.98243167,3.4142137,25.485281,0.0,4.4142137
40.78737833,-73.98065667,0.0,51.526913,7.071068,2.4142137
40.79151333,-73.96223833,6.656854,82.88225,17.485281,0.0
40.784905,-73.97228167,0.0,66.08326,1.4142135,8.071068
40.78302333,-73.984475,0.0,29.31371,10.414213,0.0
40.78964,-73.97515667,1.0,68.81118,0.0,12.727922
40.78093667,-73.96217833,2.828427,61.154327,8.485281,0.0
40.7896,-73.95764833,9.071068,62.982758,26.870058,0.0
40.84138833,-73.89286,0.0,7.0,15.142136,0.0
40.78989667,-73.95836333,11.313708,65.39697,29.284271,0.0
40.79522,-73.93310667,0.0,8.656855,1.4142135,7.4142137
40.80721667,-73.898815,20.31371,0.0,16.556349,20.79899
40.78651667,-73.975995,1.4142135,55.740116,0.0,15.071068
40.78789333,-73.98061167,0.0,53.526913,8.071068,2.0
40.807085,-73.96706333,0.0,47.62742,17.414213,1.0
40.79345333,-73.96702333,0.0,88.46804,0.0,11.313708
40.77439333,-73.98249667,4.2426405,15.656855,0.0,3.828427
40.79726333,-73.95459,5.656854,54.62742,17.0,0.0
40.79543,-73.93384167,0.0,11.656855,4.4142137,6.2426405
40.78633833,-73.97887167,0.0,51.01219,0.0,9.0
40.78922667,-73.98053,0.0,58.526913,11.313708,1.0
40.79635667,-73.9723,0.0,87.681244,3.4142137,5.2426405
40.785675,-73.98471,1.4142135,39.31371,16.142136,0.0
40.77546,-73.98227833,2.0,15.0,0.0,7.4142137
40.78637333,-73.94239,0.0,24.656855,16.485281,4.0
40.78618,-73.97824333,1.4142135,51.254833,0.0,12.0
40.78652667,-73.97923667,0.0,50.59798,1.0,8.0
40.79070667,-73.977965,0.0,68.669044,7.071068,4.4142137
40.78925667,-73.973785,1.0,68.88225,0.0,17.656855
40.79981333,-73.95881833,0.0,51.62742,0.0,1.0
40.76774,-73.98191,2.4142137,28.31371,0.0,3.4142137
40.78785167,-73.98061833,0.0,53.526913,8.071068,2.0
40.84360667,-73.92448833,0.0,13.656855,13.485281,2.0
40.80784333,-73.89894667,18.31371,0.0,15.142136,19.970562
40.768135,-73.95300667,0.0,2.4142137,5.2426405,10.2426405
40.79106833,-73.956465,8.071068,61.811184,26.627417,0.0
40.78053667,-73.94668333,1.0,8.485281,0.0,9.485281
40.795475,-73.955205,13.828427,60.526913,21.970562,0.0
40.79209333,-73.97388833,1.4142135,79.88225,0.0,6.656854
40.78605333,-73.95322833,0.0,40.183765,4.8284273,12.727922
40.78691833,-73.97746833,1.0,55.497475,0.0,14.828427
40.79670167,-73.93201,0.0,9.485281,2.0,14.071068
40.77552167,-73.982295,2.0,15.0,0.0,7.4142137
40.77540667,-73.94437,0.0,9.2426405,13.485281,0.0
40.79201333,-73.97374167,1.4142135,79.88225,0.0,6.656854
40.78166,-73.94584167,0.0,10.071068,0.0,4.2426405
40.78687833,-73.97750833,1.4142135,55.08326,0.0,13.828427
40.77422333,-73.98251167,5.2426405,16.071068,0.0,2.828427
40.80458667,-73.95585,0.0,30.071068,14.313708,9.0
40.84209167,-73.89406167,0.0,11.828427,14.142136,0.0
40.776545,-73.94356667,0.0,4.0,11.313708,0.0
40.79146333,-73.97264167,0.0,79.53911,0.0,7.0
40.78903,-73.980605,0.0,58.526913,11.313708,1.0
40.78774167,-73.95382833,0.0,46.66905,11.313708,6.2426405
40.75905833,-73.96049833,0.0,3.0,0.0,5.4142137
40.79043,-73.94182667,0.0,11.313708,20.727922,8.656855
40.78324167,-73.95644,0.0,48.04163,8.485281,8.485281
40.75906667,-73.95949,1.0,0.0,0.0,2.4142137
40.79417333,-73.97020667,0.0,90.02438,0.0,5.8284273
40.81011333,-73.89813167,12.485281,0.0,9.485281,19.242641
40.77857833,-73.94727833,0.0,7.0,0.0,13.656855
40.78666,-73.97653167,0.0,55.740116,0.0,16.899494
40.78367667,-73.98390167,0.0,33.55635,10.2426405,0.0
40.80542167,-73.899475,25.04163,0.0,11.414213,26.384777
40.79101833,-73.95653167,8.485281,62.225395,27.455845,0.0
40.77597333,-73.94396667,0.0,6.8284273,11.899495,0.0
40.78499833,-73.98472333,1.0,37.31371,15.313708,0.0
40.77330833,-73.94893667,0.0,18.485281,7.071068,12.414213
40.78573,-73.98470667,1.4142135,39.31371,16.142136,0.0
40.75916167,-73.96068667,1.0,4.4142137,0.0,6.0
40.79774,-73.951185,0.0,41.79899,5.4142137,1.0
40.797615,-73.95443833,4.8284273,54.0,17.0,0.0
40.76783,-73.97065667,0.0,54.66905,5.2426405,0.0
40.783335,-73.95697833,0.0,50.04163,8.071068,7.071068
40.78617833,-73.95362833,0.0,42.59798,7.071068,10.485281
40.79653667,-73.93213833,0.0,9.485281,1.4142135,12.656855
40.79676667,-73.95492333,8.414213,57.455845,17.970562,0.0
40.82287167,-73.887255,0.0,0.0,11.414213,1.0
40.79073667,-73.95680833,8.485281,62.225395,26.870058,0.0
40.84343167,-73.92461167,0.0,12.656855,12.485281,2.4142137
40.80613167,-73.902365,17.31371,0.0,14.414213,18.828426
40.81362667,-73.89948167,0.0,3.828427,0.0,16.242641
40.78071167,-73.9465,0.0,8.485281,0.0,8.071068
40.805955,-73.947145,0.0,27.213203,4.4142137,8.071068
40.80953,-73.95983667,0.0,20.79899,21.828426,9.485281
40.79690667,-73.95479667,7.0,56.04163,17.970562,0.0
40.78186167,-73.945695,0.0,9.485281,0.0,2.828427
40.791,-73.971625,0.0,79.19596,1.0,10.2426405
40.7908,-73.97831833,0.0,67.84062,9.071068,3.828427
40.79080333,-73.97892167,0.0,67.01219,10.899495,2.4142137
40.8226,-73.88750833,0.0,0.0,10.0,0.0
40.78434667,-73.983185,0.0,36.384777,9.071068,0.0
40.7966,-73.97217667,0.0,87.26703,4.4142137,5.8284273
40.78591667,-73.94266,0.0,22.242641,14.656855,3.828427
40.77342667,-73.94932167,0.0,18.656855,5.2426405,13.0
40.77396333,-73.98251167,5.2426405,16.071068,0.0,2.828427
40.77660833,-73.94351667,0.0,4.0,11.313708,0.0
40.79038833,-73.95702833,8.071068,61.811184,26.455845,0.0
40.806175,-73.96737333,0.0,52.04163,13.0,0.0
40.78188,-73.95818167,0.0,52.970562,1.0,6.2426405
40.816245,-73.94980333,0.0,16.485281,8.0,0.0
40.83678667,-73.91806833,0.0,9.485281,16.414213,11.0
40.77375833,-73.95192833,1.0,19.0,0.0,17.31371
40.79000333,-73.95868167,12.727922,67.39697,31.0,0.0
40.773365,-73.96004167,1.4142135,36.112698,0.0,19.384777
40.806685,-73.89871333,22.31371,0.0,16.0,22.213203
40.843095,-73.92465667,0.0,13.485281,11.656855,4.4142137
40.76888333,-73.98121,0.0,29.242641,0.0,0.0
40.78656667,-73.954495,0.0,46.01219,9.899495,7.071068
40.77355667,-73.95993833,1.0,35.526913,0.0,19.79899
40.790915,-73.97859167,0.0,68.42641,10.485281,2.4142137
40.76849333,-73.95254167,0.0,2.0,5.2426405,8.828427
40.79723333,-73.97175333,0.0,84.4386,6.0,7.0
40.79215333,-73.96372167,1.4142135,88.08326,11.656855,0.0
40.78659167,-73.95286,0.0,40.59798,5.2426405,12.313708
40.75933833,-73.961075,0.0,5.4142137,0.0,7.0
40.79645333,-73.97226167,0.0,87.681244,3.4142137,5.2426405
40.80002167,-73.96766833,0.0,66.46804,4.4142137,6.8284273
40.79414667,-73.949095,0.0,36.071068,6.0,6.656854
40.797535,-73.96059167,0.0,63.526913,11.828427,1.0
40.795155,-73.93322,0.0,9.2426405,2.0,6.0
40.78681,-73.94806167,0.0,30.627417,6.0,14.0
40.81350667,-73.899135,0.0,2.4142137,0.0,16.828426
40.84315667,-73.90962667,0.0,18.0,17.970562,2.0
40.76121,-73.95757833,0.0,3.4142137,3.4142137,6.656854
40.83735333,-73.91770833,0.0,10.071068,15.2426405,9.828427
40.77075833,-73.98724667,1.0,6.2426405,0.0,4.4142137
40.80615167,-73.87953667,33.112698,0.0,38.769554,17.727922
40.765805,-73.97206,0.0,56.35534,2.4142137,0.0
40.83370667,-73.9024,0.0,13.727922,41.01219,2.828427
40.79562833,-73.95461833,11.656855,57.112698,18.828426,0.0
40.811215,-73.90329667,2.0,0.0,0.0,1.0
40.79555833,-73.93413833,0.0,13.071068,5.8284273,6.656854
40.81547667,-73.90040833,0.0,11.899495,8.485281,10.899495
40.80417,-73.95488,0.0,29.414213,15.556349,12.828427
40.84413333,-73.92372,0.0,14.828427,16.31371,0.0
40.80892667,-73.895605,21.213203,0.0,18.970562,26.213203
40.7693,-73.95195833,0.0,2.4142137,6.656854,6.0
40.84142667,-73.92564667,0.0,11.0,6.8284273,3.828427
40.79075333,-73.942635,0.0,13.313708,17.31371,6.656854
40.83194167,-73.92131667,0.0,23.414213,16.414213,7.071068
40.77091833,-73.98715333,1.0,6.2426405,0.0,4.4142137
40.81051333,-73.89874,9.899495,0.0,6.656854,15.828427
40.81975,-73.897585,0.0,15.556349,13.485281,0.0
40.843665,-73.90627,0.0,6.8284273,22.384777,4.8284273
40.767875,-73.970495,0.0,54.66905,5.2426405,0.0
40.79014833,-73.941085,0.0,11.071068,24.04163,11.2426405
40.79409667,-73.97013333,1.0,91.02438,0.0,6.2426405
40.80541333,-73.88117167,33.62742,0.0,33.28427,18.242641
40.84028333,-73.91002833,0.0,20.242641,24.79899,3.828427
40.80749333,-73.88944167,17.414213,0.0,32.414215,5.4142137
40.75951,-73.95901667,3.828427,1.0,0.0,0.0
40.817495,-73.90356167,0.0,19.828426,20.414213,10.828427
40.807605,-73.96688667,0.0,45.213203,19.828426,1.4142135
40.786255,-73.97541167,0.0,56.154327,0.0,13.2426405
40.835245,-73.912915,0.0,14.142136,30.698484,2.4142137
40.81892,-73.89614833,0.0,9.899495,8.414213,0.0
40.78149167,-73.95433333,1.0,37.55635,0.0,18.970562
40.84229167,-73.92512667,0.0,12.727922,8.414213,3.4142137
40.80517667,-73.90222167,20.31371,0.0,16.142136,21.828426
40.83730333,-73.917745,0.0,10.071068,15.2426405,9.828427
40.76218833,-73.95701833,0.0,6.4142137,7.656854,11.071068
40.83208833,-73.91789333,0.0,23.627417,18.485281,10.828427
40.76223,-73.956985,0.0,6.4142137,7.656854,11.071068
40.75945667,-73.96148333,0.0,7.8284273,0.0,9.0
40.84112667,-73.90956,0.0,17.0,22.627417,1.0
40.7854,-73.94763167,0.0,24.79899,3.828427,13.656855
40.765855,-73.97201333,0.0,56.35534,2.4142137,0.0
40.76086,-73.95799667,0.0,3.828427,1.4142135,4.8284273
40.76041333,-73.96383333,1.0,18.071068,0.0,2.4142137
40.80545833,-73.88087333,33.04163,0.0,34.698486,17.656855
40.782095,-73.98283833,0.0,29.213203,4.0,7.071068
40.785155,-73.94646,0.0,22.142136,1.0,9.485281
40.84341,-73.90953333,0.0,18.414213,16.970562,3.0
40.793605,-73.969145,0.0,90.781746,1.4142135,9.656855
40.79004833,-73.94900333,0.0,38.55635,11.2426405,12.485281
40.80547333,-73.95807667,0.0,29.384777,15.0,1.0
40.780215,-73.98504833,0.0,18.485281,2.828427,2.4142137
40.84277667,-73.89324667,0.0,9.656855,10.899495,2.0
40.786845,-73.95255667,0.0,40.59798,5.2426405,12.727922
40.79237667,-73.95508,6.656854,56.828426,25.79899,0.0
40.841025,-73.92208333,0.0,5.8284273,8.414213,2.828427
40.842125,-73.892235,0.0,4.8284273,10.899495,2.0
40.80855,-73.88972167,13.828427,0.0,33.526913,9.828427
40.75958833,-73.958945,3.828427,1.0,0.0,0.0
40.76490833,-73.96860667,0.0,43.112698,2.4142137,11.899495
40.81226,-73.95697833,0.0,5.656854,11.656855,6.0
40.76693167,-73.971345,0.0,56.01219,5.2426405,0.0
40.82323333,-73.88797,0.0,3.4142137,9.2426405,1.0
40.79340167,-73.97463167,0.0,83.63961,3.828427,6.4142137
40.785135,-73.946495,0.0,22.142136,1.0,9.485281
40.79158,-73.95584,7.071068,61.071068,25.455845,0.0
40.84419667,-73.91757833,0.0,20.970562,6.2426405,1.0
40.81484833,-73.90011833,0.0,8.485281,5.2426405,13.485281
40.76595333,-73.97195667,0.0,56.769554,3.4142137,0.0
40.767035,-73.97126833,0.0,55.426407,5.2426405,0.0
40.7991,-73.93475833,0.0,13.485281,10.899495,1.0
40.76495667,-73.96877667,0.0,43.112698,2.4142137,11.899495
40.79514333,-73.94826333,0.0,34.31371,4.2426405,7.071068
40.79778667,-73.971365,0.0,82.02438,8.414213,6.656854
40.79191833,-73.95539167,6.656854,58.656853,25.04163,0.0
40.7742,-73.95947,1.0,35.35534,0.0,19.384777
40.772585,-73.96063833,1.4142135,36.870056,0.0,19.79899
40.80943333,-73.903525,3.828427,0.0,2.4142137,6.4142137
40.76733,-73.971035,0.0,55.840622,5.656854,0.0
40.80945167,-73.90302833,4.2426405,0.0,2.0,6.0
40.78214667,-73.957995,0.0,52.384777,2.4142137,6.656854
40.79019833,-73.949355,0.0,39.142136,11.828427,13.071068
40.81173833,-73.95730833,0.0,8.071068,11.828427,4.4142137
40.77413167,-73.95949333,1.0,35.35534,0.0,19.384777
40.79134,-73.97253333,1.4142135,78.953316,0.0,8.0
40.76757167,-73.970795,0.0,55.254833,5.2426405,0.0
40.80805833,-73.964165,0.0,39.28427,24.970562,8.071068
40.774125,-73.952775,0.0,21.656855,2.4142137,19.970562
40.800805,-73.96780333,0.0,65.053825,2.0,3.4142137
40.77790333,-73.94580833,0.0,2.828427,2.0,9.899495
40.77318667,-73.960155,1.4142135,36.112698,0.0,19.384777
40.77407667,-73.95950833,1.0,35.35534,0.0,19.384777
40.842745,-73.90968333,0.0,17.828426,19.384777,0.0
40.80889833,-73.89594667,20.79899,0.0,18.384777,27.213203
40.79741333,-73.93151,0.0,10.485281,5.0,13.313708
40.797755,-73.96144,0.0,63.769554,12.071068,4.2426405
40.79770167,-73.95109333,0.0,40.79899,4.4142137,1.0
40.79168167,-73.95569667,6.656854,60.071068,25.04163,0.0
40.80831,-73.96358167,0.0,36.870056,26.79899,9.071068
40.84411,-73.91739333,0.0,21.384777,6.656854,0.0
40.79453667,-73.96988833,0.0,88.610176,0.0,6.4142137
40.80643333,-73.879635,31.698484,0.0,39.35534,16.31371
40.79355167,-73.96904,0.0,91.36753,2.828427,11.071068
40.775965,-73.983515,0.0,10.414213,0.0,11.485281
40.84416833,-73.91753833,0.0,20.970562,6.2426405,1.0
40.76125333,-73.95755667,0.0,3.4142137,3.4142137,6.656854
40.78030667,-73.98553167,0.0,18.071068,3.828427,1.4142135
40.78470667,-73.94354333,0.0,16.0,9.485281,3.4142137
40.84131333,-73.92570833,0.0,11.0,6.8284273,3.828427
40.78652,-73.97783167,1.4142135,52.66905,0.0,13.0
40.80602167,-73.95793167,0.0,27.384777,17.0,0.0
40.765515,-73.972215,0.0,56.941124,2.4142137,0.0
40.79043667,-73.97948333,0.0,65.18377,11.313708,1.4142135
40.84361667,-73.90565167,0.0,3.4142137,19.79899,4.0
40.81940667,-73.89642,0.0,11.313708,9.828427,0.0
40.76878333,-73.972105,6.656854,61.91169,11.899495,0.0
40.84403833,-73.92396833,0.0,14.828427,16.31371,0.0
40.76729167,-73.97109,0.0,55.840622,5.656854,0.0
40.80930667,-73.90371167,3.4142137,0.0,2.828427,6.8284273
40.81096833,-73.95429833,0.0,4.0,0.0,5.2426405
40.83376333,-73.90236333,0.0,13.727922,41.01219,2.828427
40.84268,-73.89312667,0.0,9.656855,10.899495,2.0
40.81085833,-73.95801667,0.0,12.313708,14.0,3.828427
40.806325,-73.94812,0.0,30.698484,3.828427,11.313708
40.80256,-73.90793333,20.384777,0.0,30.31371,27.142136
40.77346333,-73.94937833,0.0,18.656855,5.2426405,13.0
40.78015333,-73.98492333,0.0,18.899494,2.0,2.828427
40.794275,-73.970135,0.0,90.02438,0.0,5.8284273
40.809025,-73.89464833,20.384777,0.0,20.384777,22.627417
40.81426333,-73.899735,0.0,5.656854,2.4142137,14.656855
40.809555,-73.90311167,3.828427,0.0,1.0,5.0
40.809115,-73.96292,0.0,32.62742,31.04163,9.485281
40.78233333,-73.95783,0.0,51.79899,3.828427,6.656854
40.806415,-73.88759333,22.0,0.0,29.0,0.0
40.80860333,-73.96336167,0.0,35.455845,28.213203,9.485281
40.81740667,-73.95013333,0.0,17.142136,10.2426405,1.0
40.79564833,-73.954585,11.656855,57.112698,18.828426,0.0
40.817455,-73.903075,0.0,20.656855,19.79899,12.828427
40.79130833,-73.95623667,8.485281,62.225395,27.04163,0.0
40.84535833,-73.91732667,0.0,26.384777,11.414213,0.0
40.84362,-73.90507833,0.0,1.4142135,18.970562,4.0
40.77346667,-73.951195,0.0,17.828426,0.0,15.485281
40.81729167,-73.90236167,0.0,21.79899,18.384777,13.2426405
40.80168167,-73.96040833,0.0,47.112698,3.4142137,0.0
40.78727667,-73.944875,0.0,27.656855,11.071068,2.828427
40.77126667,-73.98692,0.0,8.071068,0.0,5.0
40.78649167,-73.94251333,0.0,24.656855,16.485281,4.0
40.79031333,-73.95009667,0.0,42.142136,11.0,12.313708
40.804875,-73.884795,29.828426,0.0,25.485281,8.828427
40.82247167,-73.95473333,0.0,5.656854,12.414213,4.2426405
40.78921333,-73.947025,0.0,31.79899,13.0,9.2426405
40.78557667,-73.94809667,0.0,26.627417,5.656854,15.2426405
40.80473,-73.95631167,0.0,29.899494,14.485281,7.0
40.81544167,-73.906315,0.0,14.899495,17.556349,8.414213
40.84464833,-73.906095,0.0,6.8284273,20.142136,2.0
40.76914833,-73.98854333,2.4142137,1.0,0.0,6.0
40.82298167,-73.95643167,0.0,0.0,10.071068,0.0
40.799075,-73.96454833,0.0,63.3259,13.727922,5.8284273
40.77375167,-73.95014667,0.0,18.414213,2.4142137,14.828427
40.83540667,-73.90134833,0.0,12.0,40.656853,1.0
40.80789833,-73.89738667,19.384777,0.0,16.970562,24.556349
40.845115,-73.91745,0.0,25.384777,10.656855,0.0
40.80801667,-73.904615,7.0,0.0,9.071068,13.071068
40.827285,-73.91316,1.0,0.0,6.2426405,9.899495
40.83562167,-73.914005,0.0,18.384777,27.04163,0.0
40.82942333,-73.91233667,0.0,3.4142137,11.828427,9.899495
40.79915667,-73.96472333,0.0,63.740116,12.727922,6.2426405
40.82940167,-73.91226833,0.0,3.4142137,11.828427,9.899495
40.83290167,-73.91735333,0.0,23.970562,23.31371,10.485281
40.81755667,-73.953495,0.0,10.414213,7.071068,4.2426405
40.82632333,-73.90972167,6.0,0.0,2.4142137,7.656854
40.77681833,-73.95696333,0.0,37.870056,0.0,21.213203
40.80412167,-73.91689667,0.0,3.4142137,38.828426,0.0
40.84391667,-73.894685,0.0,9.0,9.899495,1.0
40.83496167,-73.91581333,0.0,20.79899,27.142136,7.2426405
40.82145833,-73.89158833,2.0,5.2426405,0.0,13.2426405
40.83334167,-73.91717,0.0,23.384777,24.727922,9.899495
40.79961667,-73.93579667,0.0,15.656855,7.071068,1.0
40.82669667,-73.909525,6.4142137,0.0,2.828427,8.656855
40.826975,-73.925235,0.0,15.142136,0.0,4.4142137
40.81751,-73.90352,0.0,20.242641,20.0,11.828427
40.83936333,-73.91058667,0.0,23.485281,26.970562,6.4142137
40.82338833,-73.92255,0.0,19.0,2.0,7.656854
40.818075,-73.95286,0.0,13.2426405,8.2426405,1.4142135
40.84474833,-73.9122,0.0,30.242641,6.2426405,1.0
40.81188,-73.903805,0.0,0.0,0.0,2.828427
40.83529333,-73.92686333,0.0,16.414213,18.071068,0.0
40.843765,-73.90882667,0.0,15.828427,19.384777,4.0
40.77586333,-73.99138833,2.4142137,13.727922,6.656854,0.0
40.80243333,-73.962415,0.0,48.01219,10.485281,4.0
40.84425667,-73.893215,0.0,12.727922,5.2426405,1.4142135
40.81923333,-73.89811667,0.0,16.556349,12.313708,0.0
40.84407833,-73.89667833,0.0,2.4142137,8.0,0.0
40.84127,-73.92572833,0.0,11.0,6.8284273,3.828427
40.84387167,-73.89257667,0.0,9.899495,6.2426405,1.0
40.774705,-73.95827667,0.0,32.526913,2.0,22.213203
40.80229333,-73.93841,0.0,5.656854,2.4142137,4.4142137
40.79930667,-73.96528333,0.0,63.568542,10.485281,6.656854
40.79698333,-73.94929167,0.0,36.04163,0.0,1.4142135
40.81553333,-73.88392667,2.828427,0.0,30.870058,16.142136
40.83639,-73.89794333,0.0,11.899495,29.899494,0.0
40.80842,-73.896715,20.556349,0.0,16.970562,26.727922
40.76938833,-73.98891833,3.828427,0.0,0.0,5.4142137
40.808115,-73.90439333,7.0,0.0,9.071068,13.071068
40.83536667,-73.91538833,0.0,20.970562,25.556349,5.4142137
40.766505,-73.97155833,0.0,55.59798,4.2426405,0.0
40.77345667,-73.95496167,0.0,22.970562,1.0,23.627417
40.79310667,-73.94806667,0.0,30.414213,1.0,8.485281
40.79474167,-73.97364167,0.0,90.29646,3.4142137,5.2426405
40.80499,-73.95694833,0.0,29.727922,14.656855,5.4142137
40.81585833,-73.90419833,0.0,13.0,15.2426405,11.313708
40.83408,-73.92742833,0.0,12.828427,21.242641,1.4142135
40.844005,-73.91715167,0.0,21.79899,7.071068,0.0
40.82223833,-73.957195,0.0,0.0,5.8284273,1.0
40.8415,-73.90078,5.2426405,0.0,20.414213,9.485281
40.80716333,-73.95710667,0.0,22.142136,15.556349,0.0
40.77551333,-73.95403167,0.0,28.31371,0.0,26.627417
40.80406833,-73.91676667,0.0,2.4142137,39.828426,1.0
40.81758333,-73.89541,0.0,4.2426405,3.0,5.2426405
40.80907833,-73.894235,19.970562,0.0,20.79899,22.213203
40.80835167,-73.90390667,6.8284273,0.0,7.2426405,11.2426405
40.81734,-73.89524667,0.0,3.828427,2.0,5.656854
40.78876833,-73.95109833,0.0,43.183765,6.8284273,12.727922
40.82153167,-73.891595,2.0,5.2426405,0.0,13.2426405
40.801385,-73.95975,0.0,48.28427,1.0,0.0
40.80167,-73.94890167,2.4142137,27.0,0.0,5.656854
40.80389833,-73.96678333,0.0,55.497475,5.8284273,5.2426405
40.79813333,-73.93246333,0.0,9.899495,7.8284273,9.485281
40.76059167,-73.964275,2.4142137,19.485281,0.0,1.0
40.76615667,-73.97178833,0.0,56.183765,4.0,0.0
40.809555,-73.95899333,0.0,18.384777,18.828426,6.656854
40.83522167,-73.91556667,0.0,21.384777,26.556349,5.8284273
40.79784833,-73.961635,0.0,64.18377,12.485281,5.2426405
40.78528667,-73.94739333,0.0,24.79899,3.828427,13.656855
40.77490333,-73.95279,0.0,24.656855,1.0,22.970562
40.84354333,-73.919065,0.0,16.899494,3.0,1.0
40.834865,-73.92630833,0.0,18.071068,19.899494,0.0
40.81882333,-73.95199333,0.0,17.485281,10.0,0.0
40.80039333,-73.93536833,0.0,12.727922,5.656854,1.4142135
40.821185,-73.89158333,1.0,4.2426405,0.0,13.656855
40.79816,-73.96228333,0.0,64.01219,12.313708,7.071068
40.79293,-73.947745,0.0,29.0,0.0,7.071068
40.81943,-73.89792833,0.0,16.556349,12.313708,0.0
40.80564167,-73.87980333,34.698486,0.0,36.35534,19.31371
40.78076833,-73.95477667,1.0,38.31371,0.0,19.384777
40.77378667,-73.956035,0.0,25.627417,2.4142137,28.04163
40.80095333,-73.93538667,0.0,11.313708,4.8284273,3.4142137
40.834035,-73.92721,0.0,12.828427,21.242641,1.4142135
40.7632,-73.95703667,0.0,10.414213,5.2426405,7.071068
40.76001667,-73.95860333,1.4142135,2.4142137,0.0,1.0
40.80231667,-73.962185,0.0,48.01219,10.485281,4.0
40.77446667,-73.95936,1.0,35.35534,0.0,19.384777
40.82978,-73.91331167,0.0,6.4142137,14.485281,5.656854
40.84396167,-73.895245,0.0,7.071068,9.0,0.0
40.84424,-73.90502167,0.0,2.4142137,16.556349,3.0
40.799195,-73.96481667,0.0,63.740116,12.727922,6.2426405
40.83182,-73.92139333,0.0,24.414213,15.414213,7.2426405
40.84626833,-73.91755,0.0,24.04163,12.414213,3.0
40.806315,-73.88854167,21.828426,0.0,28.0,1.0
40.794275,-73.95483667,9.899495,57.071068,21.899494,0.0
40.769325,-73.98883667,2.828427,0.0,0.0,6.4142137
40.78615167,-73.94841667,0.0,29.04163,5.8284273,15.414213
40.83857333,-73.91302167,0.0,25.0,23.142136,3.828427
40.76429833,-73.95843667,1.0,16.899494,0.0,1.0
40.84400167,-73.89597667,0.0,5.2426405,8.828427,0.0
40.8087,-73.90328,5.656854,0.0,4.4142137,8.414213
40.80768,-73.90519333,9.0,0.0,11.313708,15.313708
40.79783833,-73.93185,0.0,10.071068,6.0,11.899495
40.81329,-73.88334667,7.0,0.0,37.769554,10.414213
40.78349667,-73.98191333,0.0,35.455845,2.828427,5.656854
40.773545,-73.95489333,0.0,22.970562,1.0,23.627417
40.76536333,-73.96964,0.0,46.941124,0.0,8.071068
40.80140333,-73.959795,0.0,48.28427,1.0,0.0
40.84560167,-73.91729,0.0,26.455845,11.0,1.0
40.83541667,-73.92724333,0.0,14.0,16.242641,1.4142135
40.81907833,-73.89827833,0.0,16.556349,12.313708,0.0
40.83325167,-73.91718167,0.0,23.384777,24.727922,9.899495
40.844505,-73.91836667,0.0,21.727922,7.0,0.0
40.80504,-73.88595,28.0,0.0,24.828426,4.4142137
40.83506167,-73.91238,0.0,13.313708,32.112698,3.828427
40.84372,-73.91654667,0.0,21.970562,8.656855,0.0
40.79819333,-73.953765,1.0,49.970562,15.2426405,0.0
40.76510667,-73.96897,0.0,44.526913,1.4142135,10.485281
40.76930833,-73.98839833,1.4142135,2.0,0.0,6.4142137
40.80364333,-73.9536,0.0,31.414213,16.31371,16.0
40.84446,-73.89359333,0.0,13.485281,5.656854,1.0
40.83859333,-73.92751833,0.0,8.071068,3.828427,2.0
40.82077167,-73.88758833,0.0,0.0,10.0,6.8284273
40.774565,-73.95790833,0.0,32.112698,2.0,23.213203
40.78616,-73.94574333,0.0,24.899494,5.8284273,5.4142137
40.840805,-73.90973,0.0,17.414213,23.627417,1.0
40.83655833,-73.89895667,1.4142135,9.656855,33.31371,0.0
40.79436,-73.948925,0.0,35.071068,5.656854,7.071068
40.81886667,-73.89852833,0.0,16.556349,12.313708,0.0
40.81846333,-73.89892167,0.0,16.556349,12.313708,0.0
40.80901833,-73.894965,21.213203,0.0,19.384777,24.627417
40.81632333,-73.95905167,0.0,7.071068,0.0,6.0
40.76966,-73.988065,1.4142135,2.0,0.0,4.8284273
40.77465667,-73.95814667,0.0,32.526913,2.0,22.213203
40.80942667,-73.95968167,0.0,20.79899,21.242641,8.071068
40.774715,-73.95230333,0.0,22.828426,2.0,21.142136
40.80660333,-73.87966833,30.698484,0.0,40.35534,15.313708
40.76518667,-73.96921333,0.0,45.526913,1.0,9.485281
40.76985833,-73.98791333,1.0,3.0,0.0,5.2426405
40.82072333,-73.887645,0.0,0.0,10.0,6.8284273
40.82512667,-73.92759667,2.0,3.828427,0.0,1.0
40.79444,-73.95475667,10.899495,57.485283,21.485281,0.0
40.8438,-73.90928667,0.0,17.828426,17.556349,4.0
40.80849833,-73.90280667,7.656854,0.0,5.0,9.0
40.83876333,-73.896405,0.0,12.828427,27.627417,0.0
40.79105833,-73.943345,0.0,15.899495,13.899495,6.4142137
40.809135,-73.89379667,19.142136,0.0,22.213203,20.79899
40.83860333,-73.92758167,0.0,8.071068,3.828427,2.0
40.82962667,-73.929355,0.0,9.899495,10.0,0.0
40.79442333,-73.94887667,0.0,35.485283,5.4142137,6.656854
40.78071333,-73.95904833,1.0,54.31371,0.0,6.2426405
40.77465167,-73.95209833,0.0,22.414213,1.0,20.727922
40.78222,-73.98273833,0.0,29.213203,4.0,7.071068
40.769195,-73.98848167,1.4142135,2.0,0.0,6.4142137
40.81810833,-73.95282333,0.0,14.2426405,7.8284273,1.0
40.82505333,-73.92761833,1.4142135,3.4142137,0.0,1.4142135
40.826115,-73.90984333,5.4142137,0.0,1.0,6.2426405
40.77417667,-73.98481667,0.0,7.071068,0.0,5.4142137
40.805795,-73.88612167,25.0,0.0,27.414213,3.4142137
40.81779333,-73.89464333,0.0,2.4142137,3.0,7.656854
40.79587667,-73.954065,9.828427,54.698486,16.414213,0.0
40.79487333,-73.94844833,0.0,34.899494,4.8284273,6.656854
40.80943333,-73.95912167,0.0,19.384777,19.242641,6.2426405
40.80831333,-73.96473333,0.0,39.899494,25.142136,5.656854
40.80208333,-73.93796167,0.0,7.071068,1.0,3.828427
40.795215,-73.94821333,0.0,34.31371,4.2426405,7.071068
40.81402333,-73.95698167,0.0,4.0,9.071068,3.828427
40.770145,-73.98765833,2.0,4.0,0.0,5.2426405
40.77503167,-73.95334333,1.0,26.485281,0.0,24.79899
40.83627167,-73.89783167,0.0,12.313708,28.899494,1.0
40.76979667,-73.95161833,0.0,4.2426405,7.071068,4.8284273
40.8127,-73.88209833,11.414213,0.0,40.071068,7.0
40.83470833,-73.911355,0.0,10.071068,30.414213,7.656854
40.84469167,-73.90652333,0.0,8.828427,22.142136,2.0
40.81029833,-73.96174333,0.0,26.556349,24.970562,7.4142137
40.79424833,-73.954845,9.899495,57.071068,21.899494,0.0
40.85229167,-73.93846833,0.0,47.66905,10.899495,0.0
40.79610667,-73.93244833,0.0,9.071068,2.0,11.2426405
40.834185,-73.91649,0.0,21.213203,28.556349,11.485281
40.80401333,-73.95451,0.0,30.0,16.142136,13.414213
40.80265333,-73.96290333,0.0,47.840622,12.899495,4.4142137
40.76455833,-73.95828167,0.0,17.485281,0.0,0.0
40.840695,-73.895195,0.0,12.313708,21.79899,0.0
40.80008,-73.94478333,0.0,14.071068,5.656854,11.414213
40.83337667,-73.90266,0.0,11.899495,39.183765,1.0
40.84419667,-73.89440833,0.0,10.899495,8.071068,0.0
40.808575,-73.90281667,7.656854,0.0,5.0,9.0
40.76869333,-73.95429333,0.0,7.071068,1.4142135,14.414213
40.81861,-73.88908167,0.0,3.828427,8.485281,15.2426405
40.81534,-73.90456667,0.0,11.0,13.656855,12.313708
40.762765,-73.95658667,0.0,8.0,7.071068,9.485281
40.81880333,-73.898605,0.0,16.556349,12.313708,0.0
40.81410333,-73.88737833,0.0,4.0,25.627417,19.79899
40.774265,-73.98473833,0.0,6.656854,0.0,6.4142137
40.82134,-73.927855,0.0,0.0,4.8284273,2.828427
40.84086667,-73.9097,0.0,17.414213,23.627417,1.0
40.774745,-73.984385,0.0,8.2426405,0.0,8.2426405
40.814255,-73.957215,0.0,5.0,7.656854,4.2426405
40.79894167,-73.964235,0.0,63.91169,15.142136,6.4142137
40.82690167,-73.91369,0.0,0.0,7.4142137,7.071068
40.82254333,-73.953395,0.0,9.485281,14.485281,3.0
40.77728833,-73.95733167,1.0,40.698486,0.0,18.384777
40.80421833,-73.91549333,0.0,0.0,37.0,2.0
40.81152667,-73.880915,18.071068,0.0,42.0,5.2426405
40.83434333,-73.91990833,0.0,15.2426405,25.0,10.414213
40.833665,-73.92032667,0.0,17.414213,22.414213,8.414213
40.82685167,-73.91376333,0.0,0.0,7.4142137,7.071068
40.76511333,-73.97042333,1.0,49.526913,0.0,6.656854
40.79196833,-73.94539667,0.0,21.656855,5.656854,0.0
40.811645,-73.94658833,0.0,26.656855,9.0,1.0
40.81815,-73.89910667,0.0,16.556349,12.313708,0.0
40.80235333,-73.94311667,0.0,6.8284273,9.656855,1.0
40.801715,-73.96771833,1.4142135,61.811184,0.0,2.0
40.83861167,-73.91312333,0.0,25.0,23.142136,3.828427
40.823425,-73.888585,0.0,4.2426405,7.2426405,1.4142135
40.82608167,-73.92573667,0.0,11.313708,2.0,2.828427
40.79502333,-73.95396167,9.485281,55.31371,17.656855,0.0
40.82094333,-73.925275,1.0,10.0,0.0,2.828427
40.814165,-73.88828333,0.0,0.0,23.970562,23.79899
40.81237833,-73.90457167,0.0,0.0,3.828427,6.656854
40.808055,-73.95648833,0.0,17.899494,11.313708,1.0
40.77775833,-73.95703833,1.0,41.870056,0.0,19.384777
40.81642667,-73.91415667,4.0,0.0,0.0,8.828427
40.81249667,-73.88502167,1.0,0.0,34.941124,10.485281
40.83907,-73.91440167,0.0,20.0,17.727922,7.071068
40.81158333,-73.91688333,0.0,17.142136,11.828427,6.0
40.768995,-73.95503667,1.0,10.485281,0.0,17.0
40.80872333,-73.89778667,16.556349,0.0,14.142136,22.31371
40.816435,-73.88768667,0.0,6.4142137,18.384777,22.828426
40.81832667,-73.91684167,0.0,12.313708,0.0,8.656855
40.82156,-73.928015,1.0,0.0,3.828427,3.828427
40.83239167,-73.90333667,0.0,7.656854,34.941124,1.0
40.77899667,-73.956075,1.0,40.414215,0.0,19.384777
40.82285333,-73.92338333,0.0,16.0,1.0,5.8284273
40.82591333,-73.88873167,0.0,4.2426405,8.2426405,2.0
40.822095,-73.95734167,0.0,1.0,4.4142137,1.0
40.80212,-73.94967,0.0,30.414213,0.0,5.8284273
40.77415333,-73.95110833,0.0,19.414213,0.0,17.071068
40.81819833,-73.916905,0.0,12.313708,0.0,8.656855
40.82876667,-73.92789,0.0,9.899495,2.828427,0.0
40.83191,-73.90241833,0.0,10.828427,37.526913,4.2426405
40.80067333,-73.94677167,1.0,20.242641,0.0,12.313708
40.83815,-73.91132167,0.0,22.656855,30.970562,1.4142135
40.81517667,-73.88640667,0.0,3.828427,24.04163,22.384777
40.80516833,-73.88276167,32.142136,0.0,29.79899,16.414213
40.76449167,-73.970955,2.0,50.28427,0.0,6.656854
40.85323,-73.93840833,0.0,49.08326,12.313708,0.0
40.828105,-73.95042167,0.0,9.2426405,4.4142137,2.0
40.82235,-73.92029667,0.0,26.79899,7.4142137,8.071068
40.82775167,-73.95137667,0.0,5.4142137,2.828427,1.0
40.81825833,-73.89914,0.0,16.556349,12.313708,0.0
40.79999167,-73.94485333,0.0,14.485281,6.656854,12.414213
40.77068333,-73.95094,0.0,6.4142137,7.2426405,5.2426405
40.828835,-73.928,0.0,9.899495,2.828427,0.0
40.85694833,-73.93497,0.0,46.254833,10.828427,2.4142137
40.84130833,-73.900165,3.828427,0.0,19.828426,8.071068
40.799435,-73.93549,0.0,15.071068,8.485281,1.0
40.80914,-73.94836,2.4142137,24.79899,0.0,5.8284273
40.77655,-73.95611333,0.0,35.62742,0.0,24.627417
40.81604167,-73.958805,0.0,8.485281,0.0,7.0
40.76301,-73.95662833,0.0,9.0,6.656854,8.485281
40.80950667,-73.89142667,12.313708,0.0,26.455845,16.31371
40.81802,-73.91336167,3.828427,1.0,0.0,10.071068
40.84339167,-73.915845,0.0,21.213203,10.485281,3.828427
40.80934833,-73.94817,1.0,25.384777,0.0,4.4142137
40.80691833,-73.90655833,11.828427,0.0,17.556349,17.899494
40.83221833,-73.90327333,0.0,8.2426405,34.941124,2.0
40.84225833,-73.92103167,0.0,9.0,5.8284273,6.656854
40.82040167,-73.91189833,0.0,9.2426405,1.0,1.0
40.80402167,-73.90588333,23.0,0.0,24.384777,25.455845
40.826655,-73.90573167,0.0,4.2426405,13.727922,6.0
40.802315,-73.96764,1.0,60.982758,0.0,2.4142137
40.82497833,-73.91044667,1.0,0.0,0.0,1.4142135
40.810705,-73.89537667,16.970562,0.0,13.727922,28.414213
40.82158833,-73.91118,0.0,5.0,0.0,1.4142135
40.83162167,-73.90675333,0.0,2.4142137,26.384777,11.656855
40.81598167,-73.9144,3.0,0.0,0.0,9.414213
40.77648833,-73.95602333,0.0,35.62742,0.0,24.627417
40.82165333,-73.95771833,0.0,1.0,3.0,1.0
40.81915833,-73.95971333,5.8284273,0.0,0.0,2.828427
40.80439,-73.93966333,1.0,1.0,0.0,6.8284273
40.83409167,-73.91657,0.0,21.213203,28.556349,11.485281
40.814715,-73.88372333,3.0,0.0,33.112698,16.242641
40.82550667,-73.92625333,0.0,8.485281,1.0,1.4142135
40.77490333,-73.958745,0.0,34.941124,1.0,19.79899
40.812295,-73.896195,10.899495,0.0,7.071068,21.656855
40.81901,-73.90958667,0.0,7.8284273,8.414213,9.656855
40.81774,-73.95390833,0.0,10.828427,5.2426405,5.8284273
40.80501833,-73.94762833,0.0,26.970562,7.8284273,7.2426405
40.83684667,-73.92711167,0.0,13.313708,11.656855,6.0
40.770995,-73.950715,0.0,8.0,6.656854,5.656854
40.81086667,-73.95317667,2.828427,5.2426405,0.0,5.0
40.828295,-73.95087,0.0,7.2426405,4.4142137,0.0
40.80816,-73.95641667,0.0,16.899494,10.899495,0.0
40.81243,-73.90501167,0.0,2.0,5.8284273,8.656855
40.83909667,-73.91447333,0.0,20.0,17.31371,8.071068
40.76700667,-73.95641333,0.0,13.0,0.0,9.485281
40.79254,-73.94682833,0.0,26.414213,0.0,4.2426405
40.83526833,-73.90144833,0.0,13.0,41.24264,2.4142137
40.856515,-73.93510667,0.0,46.426407,9.2426405,4.2426405
40.82633333,-73.95026,1.0,10.2426405,0.0,7.071068
40.803115,-73.96389833,0.0,48.08326,13.2426405,6.4142137
40.820025,-73.92680833,1.0,5.2426405,0.0,3.4142137
40.82212667,-73.949935,0.0,20.79899,14.414213,5.2426405
40.791905,-73.94524667,0.0,21.656855,5.656854,0.0
40.81447167,-73.95747833,0.0,6.4142137,6.2426405,4.2426405
40.85225667,-73.938315,0.0,47.254833,9.899495,1.0
40.81508167,-73.886315,0.0,2.4142137,25.455845,20.970562
40.80809,-73.90274667,9.485281,0.0,7.0,11.0
40.80122333,-73.94783333,2.828427,23.414213,0.0,9.2426405
40.82135,-73.91785333,0.0,20.79899,12.071068,2.828427
40.82991833,-73.90180167,0.0,14.071068,33.112698,13.071068
40.83694667,-73.92715333,0.0,12.727922,10.656855,6.0
40.813395,-73.90709,0.0,8.414213,15.485281,12.828427
40.81255667,-73.90569167,0.0,4.2426405,8.2426405,11.071068
40.77214333,-73.94996833,0.0,12.828427,6.656854,8.414213
40.81817667,-73.95628833,2.0,11.313708,0.0,10.0
40.80300167,-73.94262,0.0,5.656854,6.8284273,1.0
40.80516167,-73.885985,28.0,0.0,24.828426,4.4142137
40.80783667,-73.95663667,0.0,19.31371,12.727922,0.0
40.80955,-73.89108,11.899495,0.0,26.870058,15.899495
40.819325,-73.90856667,0.0,6.4142137,9.071068,6.656854
40.80825667,-73.95634833,0.0,16.899494,10.899495,0.0
40.80397833,-73.905805,23.0,0.0,24.384777,25.455845
40.77099333,-73.99316333,8.2426405,1.0,0.0,8.2426405
40.83135333,-73.91834667,0.0,24.04163,15.656855,12.0
40.81414167,-73.88836667,0.0,0.0,23.970562,23.79899
40.8254,-73.94795,0.0,19.485281,7.2426405,13.727922
40.80539333,-73.94740833,0.0,27.384777,6.8284273,7.656854
40.81538333,-73.89838333,0.0,6.2426405,2.4142137,9.0
40.81696333,-73.88806167,0.0,4.0,15.556349,20.0
40.83609333,-73.92751,0.0,12.414213,13.828427,3.828427
40.82275167,-73.92344167,0.0,15.0,1.0,4.8284273
40.82993833,-73.92994333,0.0,7.071068,12.828427,0.0
40.82039667,-73.892005,0.0,3.828427,0.0,16.899494
40.81598,-73.958745,0.0,8.485281,0.0,7.0
40.817515,-73.89825,0.0,12.313708,8.071068,1.0
40.83765167,-73.8973,0.0,11.485281,28.970562,0.0
40.83061667,-73.907355,0.0,1.4142135,21.142136,9.485281
40.77056833,-73.99219333,6.0,2.4142137,0.0,9.071068
40.809575,-73.890005,10.2426405,0.0,29.698484,14.2426405
40.825195,-73.88873667,0.0,5.0,7.0,5.0
40.80363167,-73.96696,0.0,55.91169,4.8284273,5.656854
40.77238,-73.94979667,0.0,13.828427,5.656854,9.414213
40.80240833,-73.967625,1.0,60.982758,0.0,2.4142137
40.8267,-73.91402,0.0,0.0,8.0,5.656854
40.83859667,-73.92663333,0.0,11.899495,7.2426405,0.0
40.80629333,-73.889,21.414213,0.0,28.0,1.0
40.840655,-73.90162333,6.0,0.0,24.414213,10.899495
40.81513667,-73.88382333,3.4142137,0.0,32.28427,15.556349
40.81886667,-73.95991167,5.2426405,0.0,0.0,2.828427
40.82002667,-73.90819833,0.0,3.828427,7.656854,8.656855
40.82146167,-73.92796333,0.0,0.0,4.8284273,2.828427
40.813665,-73.94582167,0.0,29.0,9.656855,4.8284273
40.81824167,-73.91688167,0.0,12.313708,0.0,8.656855
40.81805667,-73.91344833,3.828427,1.0,0.0,10.071068
40.83864333,-73.91319,0.0,25.0,23.142136,3.828427
40.81979333,-73.90831333,0.0,4.8284273,8.071068,7.656854
40.80110833,-73.94402167,0.0,9.828427,7.4142137,7.2426405
40.82469667,-73.91057667,0.0,0.0,0.0,0.0
40.80343833,-73.96708833,0.0,57.3259,3.4142137,5.656854
40.83186833,-73.90664667,0.0,3.4142137,27.384777,11.656855
40.80724,-73.906675,10.828427,0.0,17.142136,17.485281
40.82268,-73.95321333,0.0,9.485281,15.313708,4.0
40.768935,-73.95505833,1.0,10.485281,0.0,17.0
40.83277167,-73.903065,0.0,9.071068,36.35534,0.0
40.82208667,-73.910895,0.0,4.4142137,0.0,3.828427
40.8232,-73.92321333,0.0,16.0,0.0,5.4142137
40.819245,-73.913715,2.4142137,6.4142137,0.0,8.071068
40.83648333,-73.92732,0.0,12.727922,12.2426405,5.4142137
40.83076167,-73.91877,0.0,22.627417,13.2426405,12.071068
40.81623167,-73.89753667,0.0,7.071068,2.828427,5.0
40.82138167,-73.91799833,0.0,20.79899,12.071068,2.828427
40.80097333,-73.94412833,0.0,9.828427,7.4142137,7.2426405
40.806535,-73.88917833,20.0,0.0,29.0,2.0
40.84036333,-73.90180333,5.0,0.0,25.828426,11.313708
40.81302833,-73.90721167,0.0,7.4142137,15.071068,12.414213
40.804805,-73.88511833,29.414213,0.0,25.071068,7.8284273
40.83454333,-73.91979,0.0,14.2426405,24.414213,10.828427
40.83864667,-73.926155,0.0,12.727922,8.2426405,0.0
40.79501,-73.95398833,9.485281,55.31371,17.656855,0.0
40.80662333,-73.94895833,0.0,27.870058,4.0,14.727922
40.81745333,-73.89815667,0.0,11.313708,7.071068,1.4142135
40.84501833,-73.91352333,0.0,32.112698,1.4142135,0.0
40.82098,-73.88721,1.0,0.0,11.0,6.2426405
40.817855,-73.95652667,2.0,10.899495,0.0,9.414213
40.79483167,-73.95433667,9.485281,55.899494,19.071068,0.0
40.77713667,-73.957435,1.0,39.698486,0.0,19.384777
40.81925333,-73.90859833,0.0,6.4142137,9.071068,6.656854
40.81244,-73.89488,14.142136,0.0,9.899495,23.727922
40.76173167,-73.96657,2.0,30.142136,0.0,7.8284273
40.82695167,-73.94724833,0.0,20.414213,9.414213,13.313708
40.78497667,-73.94679,0.0,21.556349,0.0,9.899495
40.8219,-73.888435,0.0,0.0,7.0,1.0
40.82236,-73.95447667,0.0,7.071068,11.828427,3.828427
40.81788667,-73.95979833,2.4142137,1.0,0.0,3.828427
40.83744,-73.89967667,0.0,5.4142137,34.0,0.0
40.82527167,-73.888725,0.0,5.0,7.0,5.0
40.84128667,-73.92176167,0.0,6.4142137,7.0,4.2426405
40.80174667,-73.949105,2.0,28.0,0.0,5.656854
40.84341333,-73.91587667,0.0,22.213203,9.485281,3.4142137
40.82013167,-73.88858,0.0,0.0,6.8284273,8.414213
40.83858167,-73.92720833,0.0,9.071068,4.2426405,1.0
40.822655,-73.9235,0.0,15.0,2.0,5.0
40.83583,-73.9024,0.0,11.0,43.656853,5.0
40.804945,-73.94767833,0.0,27.970562,8.2426405,8.2426405
40.82152833,-73.95045333,0.0,20.79899,16.414213,2.828427
40.81788167,-73.91705833,0.0,12.727922,1.0,9.2426405
40.81590167,-73.91444167,2.0,0.0,0.0,8.485281
40.76961833,-73.989665,2.4142137,0.0,2.4142137,6.656854
40.83799667,-73.9277,0.0,9.485281,6.8284273,3.828427
40.82614,-73.88897,0.0,5.2426405,7.2426405,2.4142137
40.83855167,-73.90213833,0.0,0.0,32.24264,9.071068
40.76470333,-73.97289833,0.0,57.698486,1.4142135,0.0
40.85557833,-73.93567,0.0,47.183765,7.071068,7.656854
40.82728667,-73.92505,0.0,16.970562,0.0,4.0
40.82537,-73.9076,0.0,1.0,6.2426405,2.828427
40.8224,-73.95227333,0.0,12.727922,15.142136,2.828427
40.84207833,-73.92109333,0.0,9.0,5.8284273,6.656854
40.82969667,-73.90787,0.0,1.0,17.31371,9.485281
40.81185167,-73.925565,0.0,3.4142137,13.727922,8.0
40.80381,-73.92020333,2.828427,0.0,39.828426,5.4142137
40.81133333,-73.91703333,0.0,18.556349,13.0,5.0
40.83927167,-73.91502,0.0,18.0,15.313708,9.485281
40.81451333,-73.91529833,0.0,3.828427,0.0,8.071068
40.80464333,-73.95131833,0.0,31.142136,10.899495,16.242641
40.83100833,-73.90041833,0.0,17.414213,33.72792,12.313708
40.804365,-73.90781667,17.970562,0.0,28.04163,21.556349
40.80860167,-73.96556,0.0,40.142136,24.899494,2.828427
40.81764833,-73.91344333,3.4142137,0.0,0.0,9.071068
40.80523167,-73.94750333,0.0,27.384777,6.8284273,7.656854
40.814055,-73.91556,0.0,6.2426405,1.0,8.071068
40.80491833,-73.88591667,28.0,0.0,24.828426,4.4142137
40.82062667,-73.91577333,0.0,14.727922,6.2426405,8.0
40.80379833,-73.942,0.0,6.2426405,4.4142137,1.0
40.81059333,-73.92731333,0.0,0.0,10.899495,1.0
40.85748,-73.929665,0.0,31.112698,18.384777,9.485281
40.81254,-73.95325333,0.0,1.4142135,2.0,5.4142137
40.832545,-73.93138833,0.0,0.0,21.213203,5.2426405
40.827805,-73.90421,0.0,7.0,21.213203,5.2426405
40.82658,-73.950725,1.0,7.8284273,0.0,5.2426405
40.81372333,-73.90694833,0.0,9.0,14.899495,14.2426405
40.76460167,-73.97295833,0.0,58.698486,1.0,0.0
40.82172333,-73.91921833,0.0,23.627417,9.0,3.828427
40.813085,-73.92314833,0.0,8.071068,10.2426405,5.0
40.81392,-73.88961,0.0,0.0,21.727922,28.384777
40.76980833,-73.99017,2.4142137,0.0,2.828427,6.656854
40.831875,-73.90232333,0.0,10.828427,37.526913,4.2426405
40.81767667,-73.92969667,5.656854,0.0,3.828427,4.0
40.81320333,-73.94546167,0.0,30.414213,12.485281,4.2426405
40.81345333,-73.885275,0.0,1.0,32.112698,13.727922
40.81961667,-73.95940167,4.0,0.0,0.0,2.4142137
40.81814,-73.95471,0.0,12.0,1.4142135,8.0
40.81944333,-73.911395,0.0,8.485281,1.0,4.4142137
40.83071167,-73.92000667,0.0,26.627417,11.0,6.656854
40.76987667,-73.99035333,2.4142137,0.0,2.828427,6.656854
40.80345167,-73.94227,0.0,6.656854,5.0,1.0
40.81725667,-73.92993167,3.828427,0.0,3.0,5.4142137
40.83688833,-73.927115,0.0,13.313708,11.656855,6.0
40.82800833,-73.95013833,0.0,9.828427,3.828427,3.4142137
40.83146667,-73.90118833,0.0,14.0,37.55635,8.485281
40.76247333,-73.96804833,2.0,36.384777,0.0,14.071068
40.82784333,-73.92565667,0.0,15.142136,0.0,1.0
40.82799667,-73.95005,0.0,10.828427,4.0,4.2426405
40.84351333,-73.91987667,0.0,15.656855,4.2426405,1.4142135
40.812365,-73.91644667,0.0,13.313708,8.0,7.656854
40.81402833,-73.88888833,0.0,1.0,24.142136,25.384777
40.81474,-73.91512167,0.0,2.828427,0.0,8.485281
40.83737667,-73.92747833,0.0,10.485281,8.828427,5.8284273
40.814145,-73.94713667,0.0,24.0,6.0,6.4142137
40.82126833,-73.95832667,1.0,0.0,1.0,2.0
40.83437667,-73.92855167,0.0,8.2426405,19.0,5.4142137
40.80862333,-73.96563667,0.0,40.142136,24.899494,2.828427
40.81327333,-73.92282667,0.0,8.071068,9.656855,6.4142137
40.81744,-73.88834167,0.0,3.828427,13.727922,18.0
40.82336833,-73.89170167,2.0,10.485281,0.0,7.4142137
40.85924333,-73.932395,0.0,42.485283,19.656855,0.0
40.814825,-73.919775,0.0,16.414213,1.4142135,7.656854
40.81404333,-73.88878,0.0,1.0,24.142136,25.384777
40.764625,-73.97295167,0.0,58.698486,1.0,0.0
40.80459167,-73.90818667,15.556349,0.0,27.870058,19.727922
40.813245,-73.92286667,0.0,8.485281,10.656855,5.4142137
40.81278833,-73.91622,0.0,11.313708,6.0,8.485281
40.80390167,-73.92041333,2.0,0.0,39.24264,6.8284273
40.81099833,-73.90983333,0.0,3.828427,23.828426,1.4142135
40.82724,-73.925075,0.0,15.556349,0.0,4.4142137
40.83019833,-73.91389667,0.0,8.2426405,16.31371,3.828427
40.80953333,-73.94804833,0.0,24.970562,0.0,3.4142137
40.82303667,-73.891675,2.0,9.485281,0.0,8.414213
40.83259333,-73.93136167,0.0,0.0,21.213203,5.2426405
40.83463667,-73.92967333,0.0,5.2426405,19.656855,9.0
40.82489667,-73.908085,0.0,1.0,3.828427,2.4142137
40.81839333,-73.95611833,1.0,11.313708,0.0,11.0
40.76263,-73.968215,2.0,37.384777,0.0,15.071068
40.829785,-73.93088833,0.0,6.8284273,11.0,0.0
40.7619,-73.96700833,3.4142137,32.55635,0.0,10.2426405
40.81083,-73.91734333,0.0,19.970562,13.828427,4.0
40.82111167,-73.88534,5.2426405,0.0,18.0,10.071068
40.82645,-73.95061333,1.0,7.8284273,0.0,5.2426405
40.81158833,-73.92607,0.0,2.4142137,12.313708,7.2426405
40.80337,-73.94233333,0.0,6.656854,5.0,1.0
40.83911833,-73.92587,0.0,12.899495,8.414213,0.0
40.808745,-73.947835,2.4142137,27.213203,0.0,6.0
40.82117667,-73.88607833,2.828427,0.0,15.0,7.071068
40.81264667,-73.95296333,0.0,2.4142137,2.4142137,4.4142137
40.81564,-73.95690833,0.0,6.656854,4.2426405,1.4142135
40.825845,-73.94897667,0.0,16.071068,3.828427,12.313708
40.81370333,-73.94867167,0.0,19.0,10.071068,4.2426405
40.82844833,-73.92735333,0.0,11.313708,1.0,0.0
40.81333667,-73.92272167,0.0,8.071068,9.656855,6.4142137
40.83042667,-73.91376333,0.0,8.828427,16.899494,3.828427
40.84415667,-73.89739333,0.0,0.0,8.0,0.0
40.81791833,-73.95433833,0.0,11.414213,3.828427,6.4142137
40.821515,-73.91852333,0.0,22.213203,11.2426405,2.0
40.80163333,-73.94363333,0.0,8.0,8.414213,4.8284273
40.80132833,-73.943845,0.0,8.414213,8.0,5.8284273
40.834315,-73.92837667,0.0,9.2426405,19.0,4.4142137
40.81921667,-73.91067833,0.0,8.2426405,4.0,6.656854
40.84013167,-73.92539667,0.0,13.656855,9.414213,3.828427
40.81359,-73.88531167,0.0,0.0,31.112698,14.727922
40.82975667,-73.90783333,0.0,1.0,17.727922,8.485281
40.815735,-73.89806167,0.0,7.071068,2.828427,7.4142137
40.81234667,-73.95340167,0.0,1.4142135,1.0,6.8284273
40.82249167,-73.95271167,0.0,11.313708,15.485281,3.4142137
40.814285,-73.89131167,1.4142135,0.0,15.313708,25.04163
40.82158333,-73.918755,0.0,22.627417,10.828427,2.0
40.81678333,-73.93015333,3.4142137,0.0,3.0,5.8284273
40.823105,-73.89168,2.0,9.485281,0.0,8.414213
40.83219333,-73.93154167,0.0,0.0,19.79899,3.828427
40.76427,-73.97202167,1.0,54.28427,0.0,3.4142137
40.84482833,-73.90945333,0.0,19.242641,15.142136,1.4142135
40.80729333,-73.92837833,2.828427,0.0,17.556349,11.828427
40.80452333,-73.92188333,2.828427,0.0,34.071068,6.8284273
40.80339667,-73.93818667,0.0,4.2426405,1.0,8.828427
40.81888,-73.91659167,0.0,12.313708,2.0,7.071068
40.81246833,-73.94955167,0.0,14.414213,7.4142137,3.828427
40.81404833,-73.94690333,0.0,25.0,7.0,5.0
40.82136167,-73.92833,2.0,0.0,2.828427,4.2426405
40.80635667,-73.889095,21.0,0.0,28.0,1.0
40.82911,-73.90821167,2.0,0.0,13.899495,9.2426405
40.82586,-73.88949,0.0,7.656854,4.8284273,4.2426405
40.85877333,-73.93146,0.0,38.899494,20.31371,2.0
40.81028333,-73.92198167,0.0,17.071068,21.556349,2.828427
40.79804167,-73.95286667,1.0,47.384777,11.828427,0.0
40.80984,-73.92785833,0.0,0.0,13.071068,2.0
40.80361167,-73.95214667,0.0,33.899494,10.899495,13.485281
40.76284333,-73.96785833,1.0,36.79899,0.0,14.485281
40.814625,-73.89142833,1.0,0.0,14.485281,24.213203
40.81647667,-73.887725,0.0,5.4142137,17.970562,22.414213
40.83364,-73.89647333,0.0,24.384777,22.242641,3.4142137
40.80329833,-73.94238167,0.0,6.656854,5.0,1.0
40.83959167,-73.92559,0.0,14.485281,10.0,2.4142137
40.83264333,-73.931335,0.0,0.0,22.213203,6.2426405
40.82449333,-73.91015167,0.0,0.0,1.4142135,2.0
40.82129,-73.92834,1.0,0.0,3.0,5.2426405
40.81275833,-73.90656667,0.0,6.0,12.656855,14.0
40.769775,-73.99008833,2.828427,0.0,2.4142137,6.2426405
40.82084,-73.9158,0.0,15.727922,7.071068,8.414213
40.82761833,-73.94916167,0.0,13.414213,4.2426405,7.071068
40.81524667,-73.95805167,0.0,9.656855,2.4142137,5.0
40.81829,-73.92945667,5.2426405,0.0,3.4142137,3.828427
40.81127667,-73.909725,0.0,3.828427,22.414213,2.828427
40.77451333,-73.95420833,1.4142135,25.727922,0.0,24.04163
40.80468333,-73.90828667,15.142136,0.0,26.870058,18.727922
40.82680833,-73.94690333,0.0,21.414213,10.414213,12.313708
40.844145,-73.89735667,0.0,1.0,8.0,1.0
40.82030833,-73.92698667,0.0,3.828427,0.0,2.828427
40.839385,-73.91536,0.0,17.414213,13.899495,10.071068
40.842035,-73.92112333,0.0,8.0,5.4142137,7.071068
40.81553333,-73.95826667,0.0,11.071068,1.0,6.4142137
40.81315833,-73.88520667,0.0,0.0,33.526913,12.313708
40.81298167,-73.94563,0.0,29.414213,12.071068,3.828427
40.815525,-73.93056167,1.0,0.0,3.0,9.899495
40.803695,-73.91987833,2.4142137,0.0,40.828426,4.4142137
40.80816,-73.90797167,6.4142137,0.0,20.485281,10.828427
40.85690667,-73.93263833,0.0,39.59798,11.2426405,2.828427
40.82208167,-73.92028833,0.0,27.0,8.414213,7.656854
40.80601,-73.92541,2.0,0.0,23.556349,1.4142135
40.810435,-73.92186333,0.0,16.970562,20.556349,2.4142137
40.809095,-73.91836833,0.0,18.556349,20.414213,2.828427
40.82474667,-73.89153833,0.0,14.485281,0.0,2.4142137
40.81019667,-73.90880333,0.0,0.0,21.0,5.0
40.83842,-73.916895,0.0,11.414213,12.485281,7.071068
40.809715,-73.90743667,1.0,0.0,16.414213,10.828427
40.81009,-73.927665,0.0,0.0,12.485281,1.0
40.83448,-73.930355,0.0,3.4142137,21.485281,11.414213
40.812825,-73.94932167,0.0,15.0,8.828427,3.828427
40.80444333,-73.91893833,0.0,1.0,38.0,2.828427
40.80334667,-73.95302833,0.0,33.24264,13.899495,14.142136
40.82368333,-73.89173,2.0,11.899495,0.0,6.8284273
40.82123,-73.88556,4.2426405,0.0,17.0,9.071068
40.8046,-73.94143833,0.0,5.2426405,2.0,1.4142135
40.81237667,-73.949585,0.0,14.828427,6.4142137,4.2426405
40.80978667,-73.92964,5.2426405,0.0,11.0,7.8284273
40.85893667,-73.93136667,0.0,38.899494,20.31371,2.0
40.82996,-73.93151333,0.0,5.0,12.828427,0.0
40.819655,-73.89152167,1.0,0.0,0.0,16.142136
40.81330167,-73.88524333,0.0,0.0,32.526913,13.313708
40.85518833,-73.93694167,0.0,50.254833,10.899495,6.656854
40.83255833,-73.89838167,0.0,24.31371,28.213203,8.0
40.81559833,-73.91829333,1.0,13.0,0.0,12.414213
40.80924333,-73.91826167,0.0,19.970562,19.0,1.4142135
40.80470333,-73.91885167,0.0,2.4142137,36.828426,3.4142137
40.82197333,-73.92003167,0.0,26.213203,8.0,6.656854
40.815235,-73.95663333,0.0,5.2426405,5.656854,0.0
40.85529333,-73.93583333,0.0,47.769554,7.656854,8.2426405
40.803095,-73.93839333,0.0,3.828427,2.4142137,7.4142137
40.8145,-73.918875,0.0,17.242641,1.0,11.071068
40.81526667,-73.93057833,1.0,0.0,2.828427,9.414213
40.80337333,-73.95308667,0.0,33.24264,13.899495,14.142136
40.814035,-73.955765,0.0,0.0,10.899495,2.0
40.82389167,-73.89176333,2.0,12.727922,0.0,5.8284273
40.80461833,-73.91887833,0.0,1.0,38.0,2.828427
40.83068,-73.91359833,0.0,9.828427,17.899494,3.4142137
40.85740833,-73.93059667,0.0,33.941124,16.556349,7.656854
40.83454167,-73.93030167,0.0,4.0,20.485281,11.0
40.83276167,-73.89810667,0.0,24.899494,27.627417,7.0
40.857455,-73.93031667,0.0,33.112698,16.970562,8.071068
40.80481167,-73.91867167,0.0,2.4142137,36.828426,3.4142137
40.77010667,-73.99117,3.0,0.0,1.4142135,8.656855
40.81252333,-73.95107667,0.0,9.414213,5.2426405,0.0
40.83233667,-73.89868,0.0,23.727922,28.79899,9.414213
40.80829667,-73.94681833,2.828427,30.284271,0.0,9.2426405
40.81456,-73.91882667,0.0,16.242641,1.0,12.071068
40.81517333,-73.91906333,0.0,16.0,0.0,9.828427
40.82887833,-73.908305,2.0,0.0,13.899495,9.2426405
40.85512833,-73.93696833,0.0,50.254833,10.899495,6.656854
40.77016833,-73.99154333,3.4142137,0.0,0.0,8.071068
40.81960833,-73.913395,2.0,7.0,0.0,6.656854
40.81500833,-73.91942333,0.0,17.0,0.0,8.2426405
40.85722,-73.93105167,0.0,34.941124,14.727922,5.656854
40.85552167,-73.936775,0.0,51.183765,10.899495,6.0
40.81204167,-73.94990333,0.0,14.2426405,5.0,4.2426405
40.85583333,-73.93666333,0.0,51.59798,11.313708,5.0
40.828855,-73.90831667,3.0,0.0,12.899495,8.828427
40.81432167,-73.89132167,1.4142135,0.0,15.313708,25.04163
40.85713333,-73.93130333,0.0,35.941124,14.313708,5.2426405
40.81675667,-73.89203333,2.4142137,0.0,9.0,17.899494
40.80973833,-73.92792667,0.0,1.0,14.071068,3.0
40.80423333,-73.91932333,0.0,0.0,39.414215,3.4142137
40.81467667,-73.91854833,0.0,14.828427,0.0,12.656855
40.82145,-73.95812833,0.0,0.0,2.0,2.0
40.81442,-73.95597,0.0,1.4142135,9.485281,0.0
40.856415,-73.93626,0.0,50.426407,10.899495,3.828427
40.77018333,-73.99162667,3.4142137,0.0,0.0,8.071068
40.82824,-73.9269,0.0,12.313708,0.0,1.0
40.80425167,-73.92123667,2.4142137,0.0,36.656853,10.2426405
40.84107,-73.89917,0.0,0.0,20.0,3.828427
40.82164667,-73.88878333,0.0,0.0,5.0,2.828427
40.82412667,-73.90921167,0.0,0.0,2.0,5.4142137
40.80909833,-73.92884,1.0,0.0,14.414213,6.656854
40.82503167,-73.89103333,0.0,14.414213,0.0,1.0
40.818105,-73.91491,1.0,6.2426405,0.0,13.899495
40.80627833,-73.92616,2.4142137,0.0,20.970562,4.2426405
40.80845833,-73.94718333,2.828427,29.627417,0.0,7.4142137
40.81610667,-73.91743333,3.0,10.828427,0.0,15.0
40.80555833,-73.91445333,0.0,1.4142135,33.24264,7.656854
40.817195,-73.91591667,3.0,7.656854,0.0,13.899495
40.814215,-73.91909667,0.0,17.656855,2.0,11.485281
40.81357667,-73.93051833,1.0,1.0,0.0,3.4142137
40.80937,-73.90755667,2.0,0.0,16.828426,11.2426405
40.81619667,-73.91728,3.0,10.828427,0.0,15.0
40.82432,-73.891795,1.0,13.899495,0.0,3.828427
40.82969667,-73.93133,0.0,5.656854,11.414213,0.0
40.85721333,-73.93543667,0.0,48.66905,12.656855,3.828427
40.82498333,-73.89111167,0.0,14.414213,0.0,1.0
40.81428833,-73.93073,0.0,2.0,0.0,5.8284273
40.82487,-73.89134,0.0,15.071068,0.0,1.0
40.818625,-73.89255833,0.0,0.0,4.2426405,13.414213
40.857525,-73.93105667,0.0,35.35534,15.727922,6.656854
40.80445,-73.91175833,4.0,0.0,40.28427,16.0
40.80843333,-73.94712167,2.828427,29.627417,0.0,7.4142137
40.85603167,-73.933035,0.0,37.769554,6.8284273,0.0
40.813145,-73.909155,0.0,10.0,20.970562,5.4142137
40.81104333,-73.92142333,0.0,17.556349,17.727922,3.0
40.81352833,-73.9304,1.0,1.0,0.0,3.0
40.80903667,-73.92879167,0.0,0.0,14.828427,6.2426405
40.80518333,-73.91342167,0.0,1.0,35.899494,11.2426405
40.812905,-73.92964667,4.8284273,0.0,0.0,0.0
40.80898833,-73.92874167,0.0,0.0,14.828427,6.2426405
40.81502667,-73.91809667,1.0,13.414213,0.0,13.2426405
40.854865,-73.93569667,0.0,45.941124,5.656854,9.485281
40.81855,-73.89262167,0.0,0.0,4.2426405,13.414213
40.81827167,-73.91469833,2.0,5.2426405,0.0,13.727922
40.81395,-73.93084667,0.0,1.0,0.0,4.8284273
40.85452333,-73.93458833,0.0,41.526913,1.4142135,7.2426405
40.80894167,-73.92854167,0.0,1.0,16.242641,6.8284273
40.80492667,-73.912115,2.4142137,0.0,38.970562,15.414213
40.82198,-73.911665,0.0,7.4142137,0.0,2.0
40.81380333,-73.91938833,0.0,19.071068,3.4142137,10.899495
40.83317833,-73.93103333,0.0,0.0,24.0,8.656855
40.85454167,-73.93464667,0.0,41.526913,1.4142135,7.2426405
40.81541333,-73.91722333,2.0,9.0,0.0,16.414213
40.80440167,-73.911645,4.0,0.0,40.28427,16.0
