lat,long,street_width_res30_mean_5x5,street_traffic_res30_mean_5x5,street_lanes_res30_mean_5x5,street_orientation_res30_mean_5x5
40.78876333,-73.971665,12.0,0.64,1.2,0.6
40.788875,-73.97192833,12.0,0.64,1.2,0.6
40.78908,-73.96708,22.29,0.8,2.18,1.04
40.78908167,-73.97255,13.11,0.72,1.3,0.68
40.78795333,-73.96969667,12.56,0.64,1.2,0.6
40.78418333,-73.97021167,28.257143,1.52,2.6571429,1.04
40.78470833,-73.96975167,27.113144,1.56,2.4571428,1.04
40.78886333,-73.96676667,26.01,0.8,2.436,0.88
40.788585,-73.97130333,17.154285,0.8,1.6228572,0.84
40.78418333,-73.966635,16.902006,1.12,0.9588167,0.88
40.78182667,-73.98672167,20.509287,0.92,1.437143,0.84
40.81512333,-73.95032333,8.96,-0.36,0.96,-0.04
40.76774167,-73.98230833,44.042587,0.76,3.3353508,1.4
40.78370667,-73.96508333,14.14,1.0,0.82,1.24
40.77094667,-73.97968333,24.182667,0.6,2.1626666,0.56
40.79593833,-73.95570333,13.76,0.6,0.48,0.08
40.78512667,-73.97289167,21.511429,0.48,1.9874285,1.08
40.78309833,-73.95583833,22.326666,1.24,2.1333334,1.32
40.781915,-73.96325,19.685833,1.52,0.87666667,0.8
40.777375,-73.94459,12.76,0.16,1.2,0.6
40.78476,-73.97195,13.36,0.36,1.32,0.76
40.781725,-73.94579667,34.38743,2.12,2.7243812,0.96
40.78740333,-73.98071167,16.647429,0.88,1.5977142,0.4
40.758905,-73.96015833,25.405499,2.36,2.2699027,1.96
40.78264333,-73.98460333,19.641668,1.08,1.8166667,0.8
40.79036333,-73.97688333,23.852856,0.76,2.1061904,1.04
40.81563833,-73.94998833,8.96,-0.36,0.96,-0.08
40.77889,-73.94784,30.24,1.36,2.7,1.24
40.78934667,-73.973275,22.182856,1.44,2.0388572,1.08
40.79867333,-73.95970667,31.41476,1.6,3.0057142,1.16
40.78009,-73.94704833,28.783335,1.16,2.54,0.64
40.76795333,-73.982415,29.307257,0.12,2.2980173,0.92
40.78694667,-73.97984667,22.08,1.24,2.108,0.8
40.78111,-73.98738167,33.271473,2.24,2.3942857,1.56
40.789975,-73.97607667,19.466667,0.8,1.9266667,0.96
40.79138333,-73.96195667,19.581333,1.32,0.9686667,1.2
40.78667,-73.97963,27.394287,1.44,2.548,1.28
40.78251333,-73.95438833,16.18,0.92,1.58,0.8
40.79177333,-73.96295833,16.286999,0.6,0.79200006,0.76
40.790355,-73.941705,23.578001,0.88,2.0833335,0.84
40.78309667,-73.98581667,17.04,0.12,1.32,0.32
40.79022,-73.96991,25.8,0.76,2.324,1.32
40.79833667,-73.95996333,35.01476,1.72,3.365714,1.4
40.76804,-73.98242,25.383617,0.08,1.874381,0.48
40.77158667,-73.97728333,22.41238,1.0,1.2743939,0.96
40.77291833,-73.94637333,26.236,1.12,2.6885715,1.0
40.79016,-73.96973667,25.8,0.76,2.324,1.32
40.796185,-73.95559167,18.92,1.2,0.6,0.44
40.75887667,-73.96010333,26.410952,2.28,2.392857,1.72
40.78978167,-73.97565,23.776667,1.2,2.3466668,1.28
40.79883167,-73.95958667,29.190475,1.4,2.825714,1.12
40.81433333,-73.95093167,12.76,0.12,1.45,0.44
40.76942167,-73.98085833,26.022856,1.28,1.9756191,0.72
40.78273833,-73.96359333,15.47,1.2,0.93,1.56
40.78117,-73.96236,18.339167,0.92,0.95,0.48
40.76812833,-73.98243167,25.383617,0.08,1.874381,0.48
40.78737833,-73.98065667,16.087427,0.92,1.5577142,0.44
40.79151333,-73.96223833,20.616333,1.28,0.9886667,1.0
40.784905,-73.97228167,14.48,0.24,1.4,0.72
40.78302333,-73.984475,20.361668,1.04,1.8566667,0.72
40.78964,-73.97515667,26.883335,1.6,2.6433334,1.48
40.78093667,-73.96217833,10.266666,-0.04,0.72,0.28
40.7896,-73.95764833,27.229212,2.36,1.2352121,2.0
40.84138833,-73.89286,12.226666,0.64,1.2,0.48
40.78989667,-73.95836333,18.944,1.4,0.984,1.2
40.79522,-73.93310667,35.25,1.32,3.024,1.44
40.80721667,-73.898815,8.28,-0.04,0.72,-0.52
40.78651667,-73.975995,24.686668,0.96,2.1866667,0.92
40.78789333,-73.98061167,19.921715,1.16,1.9348571,0.92
40.807085,-73.96706333,18.466494,1.48,1.6031603,0.84
40.79345333,-73.96702333,33.84,0.92,2.76,0.92
40.77439333,-73.98249667,23.150414,1.92,2.2696507,1.08
40.79726333,-73.95459,13.76,0.6,0.32,-0.04
40.79543,-73.93384167,24.03,0.6,2.2,0.52
40.78633833,-73.97887167,23.626667,1.2,2.3213334,1.28
40.78922667,-73.98053,19.198095,1.08,1.8095239,0.48
40.79635667,-73.9723,28.156668,1.2,2.4733334,1.48
40.785675,-73.98471,24.85957,2.0,1.644619,1.08
40.77546,-73.98227833,21.97,0.88,2.17,1.0
40.78637333,-73.94239,25.541668,1.04,2.25,0.6
40.78618,-73.97824333,26.834665,1.6,2.6026666,1.64
40.78652667,-73.97923667,22.754288,1.0,2.236,1.16
40.79070667,-73.977965,14.12,0.36,1.32,0.76
40.78925667,-73.973785,25.782856,1.36,2.3588572,1.32
40.79981333,-73.95881833,27.29581,1.24,2.3457143,1.04
40.76774,-73.98191,44.54592,0.64,3.188684,1.2
40.78785167,-73.98061833,19.921715,1.16,1.9348571,0.92
40.84360667,-73.92448833,18.873333,1.4,2.0533335,0.72
40.80784333,-73.89894667,8.28,-0.04,0.72,-0.52
40.768135,-73.95300667,25.278572,1.28,2.597619,0.88
40.79106833,-73.956465,23.268,2.12,0.8,1.0
40.78053667,-73.94668333,31.961905,1.72,2.7474287,1.0
40.795475,-73.955205,12.04,0.4,0.38666666,-0.04
40.79209333,-73.97388833,24.355,1.2,2.385,1.24
40.78605333,-73.95322833,26.017143,0.92,2.4140952,1.4
40.78691833,-73.97746833,23.074,0.88,2.2446668,1.12
40.79670167,-73.93201,35.78933,1.84,2.8506665,1.68
40.77552167,-73.982295,21.97,0.88,2.17,1.0
40.77540667,-73.94437,28.235239,1.56,1.964762,1.24
40.79201333,-73.97374167,24.355,1.2,2.385,1.24
40.78166,-73.94584167,34.38743,2.12,2.7243812,0.96
40.78687833,-73.97750833,24.57,0.96,2.3846667,1.24
40.77422333,-73.98251167,22.770412,1.6,2.1896508,0.84
40.80458667,-73.95585,29.24,1.32,2.728,1.04
40.84209167,-73.89406167,23.7,1.6,1.92,1.2
40.776545,-73.94356667,21.276192,0.4,1.5956191,0.44
40.79146333,-73.97264167,21.43,0.84,1.98,1.0
40.78903,-73.980605,19.198095,1.08,1.8095239,0.48
40.78774167,-73.95382833,27.233332,1.12,2.6546667,0.88
40.75905833,-73.96049833,23.678354,2.28,2.0563788,1.96
40.79043,-73.94182667,25.211332,0.72,2.1983335,0.72
40.78324167,-73.95644,17.365,1.04,1.68,0.76
40.75906667,-73.95949,31.16362,2.76,2.8805237,2.16
40.79417333,-73.97020667,33.946667,1.92,3.1813333,1.2
40.81011333,-73.89813167,9.66,0.12,0.84,-0.56
40.77857833,-73.94727833,22.16,0.96,2.04,1.12
40.78666,-73.97653167,20.14,0.84,1.88,1.08
40.78367667,-73.98390167,20.495,1.24,1.8033334,0.68
40.80542167,-73.899475,8.28,-0.04,0.72,-0.52
40.79101833,-73.95653167,21.768,1.92,0.76,0.72
40.77597333,-73.94396667,26.657524,1.44,1.9316189,0.96
40.78499833,-73.98472333,24.087666,1.8,1.6486667,1.28
40.77330833,-73.94893667,25.08,1.28,2.5080001,1.12
40.78573,-73.98470667,24.85957,2.0,1.644619,1.08
40.75916167,-73.96068667,23.213594,2.28,1.9435216,2.2
40.79774,-73.951185,15.28,0.52,1.36,0.44
40.797615,-73.95443833,14.256,0.68,0.41599998,-0.08
40.76783,-73.97065667,21.533642,0.36,1.9890944,0.88
40.783335,-73.95697833,23.887,1.76,2.236,0.72
40.78617833,-73.95362833,19.888,0.32,1.92,0.96
40.79653667,-73.93213833,28.882666,1.44,2.224,1.08
40.79676667,-73.95492333,15.48,0.8,0.37333336,0.08
40.82287167,-73.887255,29.888405,1.84,2.1614046,0.88
40.79073667,-73.95680833,22.52,2.04,0.8,0.76
40.84343167,-73.92461167,17.433334,1.44,1.9333334,0.88
40.80613167,-73.902365,11.76,-0.04,0.96,-0.52
40.81362667,-73.89948167,28.29,1.08,2.6160002,0.2
40.78071167,-73.9465,33.497906,2.0,2.6460953,0.88
40.805955,-73.947145,23.339523,0.92,2.1152382,1.48
40.80953,-73.95983667,22.8,0.64,1.66,0.52
40.79690667,-73.95479667,13.76,0.6,0.32,-0.04
40.78186167,-73.945695,23.667429,1.2,1.9243809,0.28
40.791,-73.971625,17.77,0.68,1.6666667,0.92
40.7908,-73.97831833,12.44,0.16,1.2,0.6
40.79080333,-73.97892167,17.113333,0.8,1.6466668,0.96
40.8226,-73.88750833,28.623404,1.56,1.9174048,1.12
40.78434667,-73.983185,24.279152,1.68,2.0533335,1.04
40.7966,-73.97217667,28.056667,1.24,2.5,1.52
40.78591667,-73.94266,27.466667,1.08,2.48,0.92
40.77342667,-73.94932167,22.96,1.2,2.28,1.0
40.77396333,-73.98251167,22.770412,1.6,2.1896508,0.84
40.77660833,-73.94351667,21.276192,0.4,1.5956191,0.44
40.79038833,-73.95702833,23.697334,2.16,0.84,1.0
40.806175,-73.96737333,20.330849,1.72,1.7702423,1.4
40.78188,-73.95818167,25.936,1.56,2.4906666,1.52
40.816245,-73.94980333,8.96,-0.36,0.96,-0.28
40.83678667,-73.91806833,24.092,1.08,2.444,0.08
40.77375833,-73.95192833,30.72,1.8,2.7919998,1.48
40.79000333,-73.95868167,21.0,1.68,1.08,1.4
40.773365,-73.96004167,27.322666,1.16,2.6853333,1.64
40.806685,-73.89871333,11.04,0.28,0.96,-0.48
40.843095,-73.92465667,20.41,1.88,2.26,1.04
40.76888333,-73.98121,29.55619,1.44,2.207619,1.04
40.78656667,-73.954495,25.398333,1.24,2.4446669,1.12
40.77355667,-73.95993833,23.222666,0.44,2.2853334,1.16
40.790915,-73.97859167,18.132,0.68,1.6760001,0.96
40.76849333,-73.95254167,30.80857,1.64,3.207619,1.52
40.79723333,-73.97175333,23.97,1.28,2.1866667,1.0
40.79215333,-73.96372167,21.05238,1.04,1.5409524,0.88
40.78659167,-73.95286,31.413141,1.24,2.8727617,1.6
40.75933833,-73.961075,22.324451,2.16,1.8515216,2.04
40.79645333,-73.97226167,28.156668,1.2,2.4733334,1.48
40.80002167,-73.96766833,23.166,1.32,2.2317142,1.24
40.79414667,-73.949095,22.296001,1.0,2.1373334,0.56
40.797535,-73.96059167,27.48476,1.32,2.7057142,0.88
40.795155,-73.93322,31.57,1.08,2.664,0.84
40.78681,-73.94806167,26.453333,1.0,2.5146668,0.68
40.81350667,-73.899135,32.863335,1.08,2.9066665,0.72
40.84315667,-73.90962667,22.092,1.6,2.3573334,-0.2
40.76121,-73.95757833,20.159666,0.8,1.8257619,0.12
40.83735333,-73.91770833,23.902,1.2,2.444,0.08
40.77075833,-73.98724667,32.353,2.4,2.695111,1.44
40.80615167,-73.87953667,19.352,0.52,1.4882222,-0.04
40.765805,-73.97206,23.635239,0.56,2.0952382,0.96
40.83370667,-73.9024,10.8,0.8,1.08,0.08
40.79562833,-73.95461833,13.76,0.6,0.32,-0.04
40.811215,-73.90329667,32.803333,1.64,2.7493334,0.96
40.79555833,-73.93413833,20.52,0.36,2.04,0.6
40.81547667,-73.90040833,21.355713,1.16,1.9533333,0.32
40.80417,-73.95488,24.04,1.04,2.288,0.8
40.84413333,-73.92372,22.357727,2.0,2.1259341,0.44
40.80892667,-73.895605,10.26,0.12,0.92,-0.64
40.7693,-73.95195833,28.762222,1.72,3.0193653,1.44
40.84142667,-73.92564667,20.8,2.08,2.16,0.96
40.79075333,-73.942635,33.936665,0.76,3.0783334,1.24
40.83194167,-73.92131667,17.145,0.36,1.58,0.04
40.77091833,-73.98715333,32.353,2.4,2.695111,1.44
40.81051333,-73.89874,11.04,0.28,0.96,-0.56
40.81975,-73.897585,17.503809,0.36,1.6590476,0.2
40.843665,-73.90627,17.581333,1.08,1.8706666,-0.12
40.767875,-73.970495,21.533642,0.36,1.9890944,0.88
40.79014833,-73.941085,19.848,0.6,1.8,0.52
40.79409667,-73.97013333,31.466667,1.52,2.9333334,0.88
40.80541333,-73.88117167,30.728,1.24,1.8653332,0.08
40.84028333,-73.91002833,22.671999,1.16,2.2680001,0.2
40.80749333,-73.88944167,21.703333,0.28,1.44,-0.36
40.75951,-73.95901667,29.630255,1.84,2.7647462,1.72
40.817495,-73.90356167,20.26,1.16,1.66,-0.28
40.807605,-73.96688667,17.72697,1.28,1.6047474,0.88
40.786255,-73.97541167,18.02,0.56,1.68,0.76
40.835245,-73.912915,23.086668,1.32,2.16,0.2
40.81892,-73.89614833,19.925331,0.52,1.896,0.88
40.78149167,-73.95433333,23.006,0.44,2.288,1.08
40.84229167,-73.92512667,21.523335,2.24,2.3633332,1.08
40.80517667,-73.90222167,10.406668,-0.04,0.86666673,-0.6
40.83730333,-73.917745,23.902,1.2,2.444,0.08
40.76218833,-73.95701833,21.5,0.88,2.15,0.44
40.83208833,-73.91789333,15.766001,1.32,1.56,0.32
40.76223,-73.956985,21.5,0.88,2.15,0.44
40.75945667,-73.96148333,27.952269,2.12,2.3116076,2.12
40.84112667,-73.90956,19.74,1.04,1.85,0.2
40.7854,-73.94763167,13.54,0.2,1.3066667,0.04
40.765855,-73.97201333,23.635239,0.56,2.0952382,0.96
40.76086,-73.95799667,29.16243,1.48,2.5771902,1.04
40.76041333,-73.96383333,31.15538,2.52,2.3566666,1.32
40.80545833,-73.88087333,38.20578,2.04,2.4764445,0.44
40.782095,-73.98283833,28.73,1.28,2.662857,1.4
40.785155,-73.94646,32.168,1.04,2.704,0.96
40.84341,-73.90953333,18.432,0.76,1.9039999,-0.32
40.793605,-73.969145,22.16,0.68,2.24,0.52
40.79004833,-73.94900333,15.738333,0.16,1.45,1.0
40.80547333,-73.95807667,25.67,0.96,2.3733335,0.56
40.780215,-73.98504833,25.736668,1.2,2.4166665,0.72
40.84277667,-73.89324667,24.904524,1.16,2.067143,1.12
40.786845,-73.95255667,31.973335,1.56,2.8190475,1.68
40.79237667,-73.95508,20.35619,1.6,0.8666666,0.8
40.841025,-73.92208333,28.481112,1.72,2.161111,1.52
40.842125,-73.892235,15.191999,0.08,1.44,0.64
40.80855,-73.88972167,21.87,0.52,1.5066667,-0.32
40.75958833,-73.958945,29.630255,1.84,2.7647462,1.72
40.76490833,-73.96860667,25.155998,1.44,2.316,1.44
40.81226,-73.95697833,26.398,1.2,2.3339999,0.52
40.76693167,-73.971345,16.300953,-0.2,1.5009525,0.28
40.82323333,-73.88797,16.138334,1.0,1.52,-0.12
40.79340167,-73.97463167,28.114286,1.68,2.5,1.44
40.785135,-73.946495,32.168,1.04,2.704,0.96
40.79158,-73.95584,22.050858,1.92,0.76,0.92
40.84419667,-73.91757833,15.0,0.16,1.06,-0.52
40.81484833,-73.90011833,19.62,0.96,1.8593335,0.16
40.76595333,-73.97195667,20.57524,0.52,1.8152382,0.68
40.767035,-73.97126833,17.667885,-0.12,1.6310859,0.44
40.7991,-73.93475833,13.832,0.96,1.41,0.76
40.76495667,-73.96877667,25.155998,1.44,2.316,1.44
40.79514333,-73.94826333,25.136667,1.6,2.4,1.24
40.79778667,-73.971365,24.42,0.76,2.2266667,0.96
40.79191833,-73.95539167,20.022856,1.64,0.72,0.6
40.7742,-73.95947,25.883999,1.08,2.5706666,1.48
40.772585,-73.96063833,24.896667,0.52,2.4666667,1.24
40.80943333,-73.903525,25.000751,1.6,2.0808377,1.16
40.76733,-73.971035,11.747886,-0.44,1.0710857,-0.12
40.80945167,-73.90302833,23.598085,1.52,1.9688376,1.04
40.78214667,-73.957995,22.568,1.56,2.1066668,1.04
40.79019833,-73.949355,17.335,0.56,1.47,1.12
40.81173833,-73.95730833,24.168001,1.2,2.13,0.52
40.77413167,-73.95949333,25.883999,1.08,2.5706666,1.48
40.79134,-73.97253333,26.57,1.36,2.34,1.24
40.76757167,-73.970795,18.973642,0.2,1.7490944,0.6
40.80805833,-73.964165,28.114565,1.28,2.6156945,1.28
40.774125,-73.952775,12.0,0.16,1.2,0.6
40.800805,-73.96780333,26.283998,1.44,2.506,0.88
40.77790333,-73.94580833,24.44,0.76,2.388,0.96
40.77318667,-73.960155,27.322666,1.16,2.6853333,1.64
40.77407667,-73.95950833,25.883999,1.08,2.5706666,1.48
40.842745,-73.90968333,16.692,0.96,1.7173333,-0.32
40.80889833,-73.89594667,8.28,-0.04,0.72,-0.72
40.79741333,-73.93151,27.531334,1.48,1.9826667,0.92
40.797755,-73.96144,16.968,1.0,1.6760001,0.72
40.79770167,-73.95109333,19.52,1.08,1.76,0.92
40.79168167,-73.95569667,22.230858,1.96,0.8,1.0
40.80831,-73.96358167,25.220985,1.12,2.2956944,1.28
40.84411,-73.91739333,18.64,0.76,1.42,-0.32
40.79453667,-73.96988833,29.466667,1.88,2.7213333,1.0
40.80643333,-73.879635,16.982,0.28,1.3560001,-0.12
40.79355167,-73.96904,19.48,0.52,1.96,0.4
40.775965,-73.983515,25.786667,1.24,2.1346667,0.76
40.84416833,-73.91753833,15.0,0.16,1.06,-0.52
40.76125333,-73.95755667,20.159666,0.8,1.8257619,0.12
40.78030667,-73.98553167,24.396667,1.08,2.2366667,0.68
40.78470667,-73.94354333,26.012,1.04,2.1994286,0.6
40.84131333,-73.92570833,20.8,2.08,2.16,0.96
40.78652,-73.97783167,24.316666,1.44,2.3646667,1.28
40.80602167,-73.95793167,23.354443,1.0,2.506667,0.56
40.765515,-73.972215,27.644127,1.08,2.2996826,1.04
40.79043667,-73.97948333,20.053333,1.08,1.9066668,0.84
40.84361667,-73.90565167,17.81,1.16,1.9,-0.2
40.81940667,-73.89642,17.925333,0.56,1.6759999,0.64
40.76878333,-73.972105,8.794857,0.2,0.6937143,-0.04
40.84403833,-73.92396833,22.357727,2.0,2.1259341,0.44
40.76729167,-73.97109,11.747886,-0.44,1.0710857,-0.12
40.80930667,-73.90371167,19.362974,1.0,1.605282,0.92
40.81096833,-73.95429833,35.89,1.08,3.3013334,1.72
40.83376333,-73.90236333,10.8,0.8,1.08,0.08
40.84268,-73.89312667,24.904524,1.16,2.067143,1.12
40.81085833,-73.95801667,34.423332,2.24,3.3733332,1.68
40.806325,-73.94812,12.56,0.16,1.2,0.6
40.80256,-73.90793333,26.078001,0.92,2.448,0.72
40.77346333,-73.94937833,22.96,1.2,2.28,1.0
40.78015333,-73.98492333,31.96,1.76,3.08,1.24
40.794275,-73.970135,33.946667,1.92,3.1813333,1.2
40.809025,-73.89464833,23.949,0.92,2.174,-0.28
40.81426333,-73.899735,20.71,1.36,1.9460001,0.48
40.809555,-73.90311167,24.62475,1.48,2.082171,1.16
40.809115,-73.96292,17.648657,0.6,1.7291429,0.32
40.78233333,-73.95783,28.618,2.12,2.6546667,1.36
40.806415,-73.88759333,20.72,0.84,1.6739999,-0.32
40.80860333,-73.96336167,19.930079,0.6,1.8956944,0.64
40.81740667,-73.95013333,10.249001,-0.04,1.1719999,-0.16
40.79564833,-73.954585,13.76,0.6,0.32,-0.04
40.817455,-73.903075,28.468,1.6,2.3639998,0.0
40.79130833,-73.95623667,19.868,1.68,0.68,0.48
40.84535833,-73.91732667,23.189142,1.44,1.5988572,0.16
40.84362,-73.90507833,19.306,0.68,2.036,-0.08
40.77346667,-73.951195,24.84,1.44,2.2519999,1.16
40.81729167,-73.90236167,24.648,0.92,2.184,-0.24
40.80168167,-73.96040833,24.533333,0.44,1.9466666,0.2
40.78727667,-73.944875,25.529333,0.32,2.0186667,0.84
40.77126667,-73.98692,34.906334,2.04,2.8066669,1.64
40.78649167,-73.94251333,25.541668,1.04,2.25,0.6
40.79031333,-73.95009667,19.325,0.32,1.586,1.08
40.804875,-73.884795,29.065,0.76,2.2,-0.36
40.82247167,-73.95473333,11.72,1.0,1.2,0.6
40.78921333,-73.947025,24.426668,0.6,2.3866665,0.96
40.78557667,-73.94809667,17.2,0.32,1.72,0.08
40.80473,-73.95631167,21.922667,0.84,2.1813333,0.68
40.81544167,-73.906315,17.64,0.92,1.48,-0.4
40.84464833,-73.906095,24.38,1.24,2.2666667,-0.08
40.76914833,-73.98854333,31.168571,1.4,2.9371428,0.92
40.82298167,-73.95643167,20.810907,0.96,1.706182,1.04
40.799075,-73.96454833,15.08,0.8,1.28,0.6
40.77375167,-73.95014667,12.08,0.64,1.2,0.6
40.83540667,-73.90134833,28.315557,1.68,2.6311111,0.48
40.80789833,-73.89738667,11.04,0.28,0.96,-0.52
40.845115,-73.91745,23.69581,1.44,1.6255237,0.16
40.80801667,-73.904615,13.381714,0.84,1.1008571,0.32
40.827285,-73.91316,17.57,0.28,1.72,0.6
40.83562167,-73.914005,20.078667,0.8,1.9243332,0.24
40.82942333,-73.91233667,17.355,0.48,1.56,0.08
40.79915667,-73.96472333,14.28,0.72,1.24,0.6
40.82940167,-73.91226833,17.355,0.48,1.56,0.08
40.83290167,-73.91735333,14.644,1.04,1.44,0.04
40.81755667,-73.953495,28.158,1.2,2.64,0.84
40.82632333,-73.90972167,16.721668,0.48,1.68,-0.12
40.77681833,-73.95696333,16.808,0.68,1.6719999,0.8
40.80412167,-73.91689667,19.026,1.08,1.4633331,-0.12
40.84391667,-73.894685,29.179428,0.72,2.3793333,0.4
40.83496167,-73.91581333,21.096,1.56,2.164,0.68
40.82145833,-73.89158833,22.838097,0.44,2.1466668,-0.4
40.83334167,-73.91717,11.52,0.76,1.16,0.16
40.79961667,-73.93579667,26.876999,1.0,2.3533335,0.84
40.82669667,-73.909525,18.896667,0.56,1.82,0.0
40.826975,-73.925235,21.01,1.56,2.022,0.04
40.81751,-73.90352,22.74,1.32,1.86,-0.2
40.83936333,-73.91058667,16.366667,0.6,1.6,0.04
40.82338833,-73.92255,12.293332,0.8,1.08,-0.4
40.818075,-73.95286,29.556667,1.24,2.8866665,1.12
40.84474833,-73.9122,28.236475,1.64,2.3374033,0.52
40.81188,-73.903805,35.57,1.72,3.3066669,0.8
40.83529333,-73.92686333,18.669998,1.04,1.9333333,0.8
40.843765,-73.90882667,15.971999,0.44,1.584,-0.32
40.77586333,-73.99138833,24.76822,0.64,1.4257778,0.68
40.80243333,-73.962415,23.6,1.72,1.6,1.4
40.84425667,-73.893215,24.278,1.64,1.98,1.12
40.81923333,-73.89811667,14.466667,0.36,1.4133333,0.04
40.84407833,-73.89667833,19.174334,1.28,1.5573334,0.04
40.84127,-73.92572833,20.8,2.08,2.16,0.96
40.84387167,-73.89257667,32.506336,2.16,2.6444445,0.88
40.774705,-73.95827667,21.668001,0.68,2.304,0.68
40.80229333,-73.93841,20.182856,1.08,1.9438095,1.28
40.79930667,-73.96528333,12.68,0.64,1.12,0.44
40.79698333,-73.94929167,23.993336,1.4,1.5653332,1.12
40.81553333,-73.88392667,16.09,0.44,1.64,-0.4
40.83639,-73.89794333,15.091999,0.52,1.036,-0.32
40.80842,-73.896715,13.8,0.6,1.2,-0.48
40.76938833,-73.98891833,28.38,1.04,2.72,1.04
40.808115,-73.90439333,13.381714,0.84,1.1008571,0.32
40.83536667,-73.91538833,24.236,2.0,2.424,0.52
40.766505,-73.97155833,21.420952,0.48,2.0009525,0.88
40.77345667,-73.95496167,31.08,0.84,3.0,1.08
40.79310667,-73.94806667,24.615,1.08,2.1733332,0.96
40.79474167,-73.97364167,33.262,1.2,3.2604446,1.24
40.80499,-73.95694833,27.282665,1.24,2.7013333,0.96
40.81585833,-73.90419833,23.92,1.76,1.57,0.2
40.83408,-73.92742833,19.08,1.08,1.91,0.8
40.844005,-73.91715167,22.383999,1.36,1.78,-0.04
40.82223833,-73.957195,23.873428,1.48,2.1586666,1.28
40.8415,-73.90078,17.506668,0.2,1.4706666,0.12
40.80716333,-73.95710667,23.833145,1.0,2.7314286,0.76
40.77551333,-73.95403167,24.66,0.8,2.2,1.16
40.80406833,-73.91676667,24.493141,1.72,1.8419048,0.2
40.81758333,-73.89541,26.473333,1.36,2.4933333,0.56
40.80907833,-73.894235,23.022331,0.76,1.8073332,-0.2
40.80835167,-73.90390667,9.502,0.36,0.77599996,-0.04
40.81734,-73.89524667,26.583332,1.16,2.5533335,0.4
40.78876833,-73.95109833,18.835335,0.92,1.608,1.16
40.82153167,-73.891595,22.838097,0.44,2.1466668,-0.4
40.801385,-73.95975,31.66,1.28,2.53,0.92
40.80167,-73.94890167,23.02,0.68,2.18,0.56
40.80389833,-73.96678333,32.082855,2.04,2.8690476,1.44
40.79813333,-73.93246333,15.33,0.68,1.1,0.08
40.76059167,-73.964275,33.688305,2.0,2.8875756,1.36
40.76615667,-73.97178833,16.060951,0.04,1.4809525,0.28
40.809555,-73.95899333,36.085712,1.84,3.041905,1.36
40.83522167,-73.91556667,22.536001,1.68,2.3639998,0.56
40.79784833,-73.961635,20.328001,1.44,1.996,1.08
40.78528667,-73.94739333,13.54,0.2,1.3066667,0.04
40.77490333,-73.95279,14.68,0.72,1.4,0.72
40.84354333,-73.919065,16.79,1.12,1.41,0.32
40.834865,-73.92630833,19.506664,1.56,2.0266666,0.8
40.81882333,-73.95199333,29.949333,1.4,2.88,0.96
40.80039333,-73.93536833,25.811428,0.64,2.174762,1.12
40.821185,-73.89158333,25.318096,0.6,2.3066666,-0.12
40.79816,-73.96228333,20.708,1.32,1.996,0.92
40.79293,-73.947745,26.73,1.36,2.3433335,1.2
40.81943,-73.89792833,14.466667,0.36,1.4133333,0.04
40.80564167,-73.87980333,34.109776,1.4,1.8193332,0.24
40.78076833,-73.95477667,21.85,0.72,2.16,0.92
40.77378667,-73.956035,17.66,0.52,1.92,0.44
40.80095333,-73.93538667,24.69143,0.88,2.238095,1.28
40.834035,-73.92721,19.08,1.08,1.91,0.8
40.7632,-73.95703667,25.65,0.8,2.7,1.16
40.76001667,-73.95860333,30.00211,1.68,2.804889,1.4
40.80231667,-73.962185,23.6,1.72,1.6,1.4
40.77446667,-73.95936,22.922667,1.0,2.309333,1.04
40.82978,-73.91331167,18.825142,1.16,1.68,0.28
40.84396167,-73.895245,15.693928,0.2,1.2157142,-0.44
40.84424,-73.90502167,21.845,1.24,1.9725758,-0.12
40.799195,-73.96481667,14.28,0.72,1.24,0.6
40.83182,-73.92139333,22.705,0.64,2.0133333,0.04
40.84626833,-73.91755,17.61,0.68,1.4866666,0.16
40.806315,-73.88854167,30.078999,1.4,2.43,0.04
40.794275,-73.95483667,21.871668,1.76,0.87,0.88
40.769325,-73.98883667,28.1,1.08,2.68,0.84
40.78615167,-73.94841667,28.413332,1.44,2.8413334,0.68
40.83857333,-73.91302167,26.903336,1.76,1.8986667,0.52
40.76429833,-73.95843667,31.495844,0.96,2.935065,1.48
40.84400167,-73.89597667,12.175834,0.44,0.902381,-0.48
40.8087,-73.90328,22.384668,1.52,1.8446667,0.72
40.80768,-73.90519333,19.311714,1.36,1.5768571,0.92
40.79783833,-73.93185,26.23,1.56,1.8039999,0.96
40.81329,-73.88334667,11.48,0.12,1.2,-0.48
40.78349667,-73.98191333,26.526667,1.16,2.3386667,1.32
40.773545,-73.95489333,31.08,0.84,3.0,1.08
40.76536333,-73.96964,19.913334,1.2,1.9933335,1.16
40.80140333,-73.959795,31.66,1.28,2.53,0.92
40.84560167,-73.91729,25.635809,1.32,1.8855238,0.36
40.83541667,-73.92724333,16.75,0.76,1.6866667,0.56
40.81907833,-73.89827833,18.626667,0.68,1.7733333,0.32
40.83325167,-73.91718167,11.52,0.76,1.16,0.16
40.844505,-73.91836667,21.447998,1.68,1.5566667,-0.04
40.80504,-73.88595,12.41,0.12,1.32,-0.56
40.83506167,-73.91238,20.846668,1.44,2.0,0.12
40.84372,-73.91654667,18.504,2.0,1.8,0.24
40.79819333,-73.953765,23.099333,1.28,1.916,0.76
40.76510667,-73.96897,17.276,0.88,1.648,0.96
40.76930833,-73.98839833,33.80857,1.56,3.1771429,1.24
40.80364333,-73.9536,19.2,0.52,1.92,0.44
40.84446,-73.89359333,24.016,1.28,1.912,0.96
40.83859333,-73.92751833,17.428572,1.64,2.022857,0.88
40.82077167,-73.88758833,29.253332,1.64,2.2933333,0.72
40.774565,-73.95790833,22.81,0.8,2.42,0.64
40.78616,-73.94574333,31.326,0.36,2.2986667,1.16
40.840805,-73.90973,22.238667,1.4,2.1046667,0.28
40.83655833,-73.89895667,10.64,0.12,0.56,-0.36
40.79436,-73.948925,20.116,0.96,1.9173334,0.44
40.81886667,-73.89852833,17.72,0.6,1.7,0.24
40.81846333,-73.89892167,21.54,0.76,2.1,0.48
40.80901833,-73.894965,18.225,0.6,1.67,-0.44
40.81632333,-73.95905167,28.213213,1.24,2.4502857,1.08
40.76966,-73.988065,27.783237,1.24,2.4655871,1.04
40.77465667,-73.95814667,21.668001,0.68,2.304,0.68
40.80942667,-73.95968167,27.446667,0.96,2.14,0.68
40.774715,-73.95230333,13.2,0.84,1.32,0.76
40.80660333,-73.87966833,15.44,0.24,1.24,-0.2
40.76518667,-73.96921333,16.346668,0.92,1.5866667,0.84
40.76985833,-73.98791333,26.823236,1.28,2.3655872,1.08
40.82072333,-73.887645,29.253332,1.64,2.2933333,0.72
40.82512667,-73.92759667,12.97,0.28,1.28,-0.12
40.79444,-73.95475667,20.801668,1.6,0.79,0.64
40.8438,-73.90928667,14.64,0.44,1.44,-0.48
40.80849833,-73.90280667,14.16,0.36,1.17,-0.28
40.83876333,-73.896405,19.32,1.04,1.28,0.68
40.79105833,-73.943345,20.71,0.68,1.8766665,0.68
40.809135,-73.89379667,22.907333,0.92,1.6773334,0.04
40.83860333,-73.92758167,17.428572,1.64,2.022857,0.88
40.82962667,-73.929355,25.759333,1.08,2.2159998,0.44
40.79442333,-73.94887667,25.282665,1.76,2.424,1.04
40.78071333,-73.95904833,30.49,1.28,2.9866667,1.0
40.77465167,-73.95209833,14.84,0.84,1.44,0.72
40.78222,-73.98273833,28.73,1.28,2.662857,1.4
40.769195,-73.98848167,33.80857,1.56,3.1771429,1.24
40.81810833,-73.95282333,23.676668,0.6,2.1666665,0.56
40.82505333,-73.92761833,13.12,0.28,1.28,-0.04
40.826115,-73.90984333,16.861668,0.72,1.78,-0.04
40.77417667,-73.98481667,27.74457,1.08,2.2308571,0.96
40.805795,-73.88612167,13.88,0.28,1.44,-0.44
40.81779333,-73.89464333,22.156668,0.52,2.18,0.32
40.79587667,-73.954065,11.82,0.4,0.28,-0.16
40.79487333,-73.94844833,23.802666,1.68,2.264,0.88
40.80943333,-73.95912167,32.932384,1.48,2.6885715,1.04
40.80831333,-73.96473333,26.145334,1.08,2.4546666,0.88
40.80208333,-73.93796167,17.96,1.16,1.6933333,1.08
40.795215,-73.94821333,25.136667,1.6,2.4,1.24
40.81402333,-73.95698167,24.483332,0.44,2.0683334,0.44
40.770145,-73.98765833,30.983238,2.0,2.7255871,1.56
40.77503167,-73.95334333,26.74,0.8,2.32,1.08
40.83627167,-73.89783167,14.851999,0.52,1.036,-0.32
40.76979667,-73.95161833,30.91365,1.76,3.1750793,1.36
40.8127,-73.88209833,26.19,0.92,2.19,-0.28
40.83470833,-73.911355,19.44,0.6,1.9,0.12
40.84469167,-73.90652333,22.073336,0.84,2.04,-0.24
40.81029833,-73.96174333,29.675386,1.52,2.5266666,1.16
40.79424833,-73.954845,21.871668,1.76,0.87,0.88
40.85229167,-73.93846833,18.726665,0.68,1.8533332,0.24
40.79610667,-73.93244833,29.581333,1.48,2.4693332,1.48
40.834185,-73.91649,21.33216,1.92,1.7305495,0.72
40.80401333,-73.95451,19.2,0.52,1.92,0.44
40.80265333,-73.96290333,22.32,1.52,1.48,1.16
40.76455833,-73.95828167,25.995844,0.84,2.355065,1.08
40.840695,-73.895195,13.44,0.28,0.96,-0.04
40.80008,-73.94478333,30.943333,1.24,2.966667,1.16
40.83337667,-73.90266,9.6,0.6,0.96,-0.04
40.84419667,-73.89440833,27.99543,0.8,2.1513333,0.4
40.808575,-73.90281667,14.16,0.36,1.17,-0.28
40.76869333,-73.95429333,15.4,0.84,1.44,0.72
40.81861,-73.88908167,19.354286,1.04,1.7342857,0.64
40.81534,-73.90456667,22.04,1.68,1.6233333,0.04
40.762765,-73.95658667,23.79,0.72,2.47,0.6
40.81880333,-73.898605,17.72,0.6,1.7,0.24
40.81410333,-73.88737833,11.712,0.72,1.0337143,-0.44
40.774265,-73.98473833,29.06457,1.28,2.4308572,1.16
40.82134,-73.927855,20.09,1.32,2.04,0.8
40.84086667,-73.9097,22.238667,1.4,2.1046667,0.28
40.774745,-73.984385,29.448572,1.64,2.5428572,1.16
40.814255,-73.957215,23.483332,0.52,1.9083334,0.36
40.79894167,-73.964235,16.68,0.8,1.44,0.72
40.82690167,-73.91369,10.25,-0.28,1.08,0.08
40.82254333,-73.953395,26.063332,1.68,2.5055554,1.4
40.77728833,-73.95733167,25.238,1.08,2.512,1.44
40.80421833,-73.91549333,22.72,0.92,2.12,0.16
40.81152667,-73.880915,33.657333,1.04,2.0097778,0.2
40.83434333,-73.91990833,14.37,0.4,1.5066665,0.04
40.833665,-73.92032667,17.72,0.24,1.68,0.12
40.82685167,-73.91376333,10.25,-0.28,1.08,0.08
40.76511333,-73.97042333,26.526665,1.68,2.62,1.56
40.79196833,-73.94539667,24.95,0.68,2.495,0.68
40.811645,-73.94658833,24.277666,1.4,2.1026666,1.08
40.81815,-73.89910667,30.12,1.48,2.86,1.36
40.80235333,-73.94311667,30.768,2.04,2.6453333,1.56
40.801715,-73.96771833,28.042665,1.64,2.6246667,0.92
40.83861167,-73.91312333,26.903336,1.76,1.8986667,0.52
40.823425,-73.888585,12.213334,0.4,1.2,-0.4
40.82608167,-73.92573667,18.538,1.4,2.154,0.08
40.79502333,-73.95396167,17.226667,1.12,0.52,0.56
40.82094333,-73.925275,15.906668,0.88,1.3416666,0.08
40.814165,-73.88828333,12.922666,0.32,1.1719999,-0.32
40.81237833,-73.90457167,31.903332,1.24,3.04,0.24
40.808055,-73.95648833,22.276001,0.68,2.207619,0.6
40.77775833,-73.95703833,25.5,0.84,2.52,1.4
40.81642667,-73.91415667,26.786001,0.68,2.352,0.04
40.81249667,-73.88502167,21.87,1.08,2.36,-0.16
40.83907,-73.91440167,23.36269,1.28,1.802857,0.28
40.81158333,-73.91688333,26.611547,1.64,2.1888094,0.68
40.768995,-73.95503667,29.54,1.72,2.64,1.24
40.80872333,-73.89778667,8.28,-0.04,0.72,-0.52
40.816435,-73.88768667,25.975832,1.32,2.16,1.0
40.81832667,-73.91684167,22.56,1.16,2.036,0.0
40.82156,-73.928015,14.65,0.76,1.5,0.28
40.83239167,-73.90333667,16.8,1.08,1.68,0.2
40.77899667,-73.956075,22.678572,0.24,2.262857,0.96
40.82285333,-73.92338333,12.4,0.64,1.2,-0.04
40.82591333,-73.88873167,23.05,0.28,1.87,0.08
40.822095,-73.95734167,24.490572,1.68,2.1777143,1.4
40.80212,-73.94967,27.223667,1.36,2.4786668,1.32
40.77415333,-73.95110833,24.64,1.44,2.2533333,1.0
40.81819833,-73.916905,22.56,1.16,2.036,0.0
40.82876667,-73.92789,15.479667,1.0,1.3173332,1.16
40.83191,-73.90241833,13.187334,0.12,1.1233333,-0.44
40.80067333,-73.94677167,35.296,0.88,2.908,1.12
40.83815,-73.91132167,26.004889,1.12,1.9648889,0.6
40.81517667,-73.88640667,17.253857,0.84,1.3517144,0.72
40.80516833,-73.88276167,41.256664,1.56,2.5733335,0.24
40.76449167,-73.970955,28.57714,0.96,2.7942858,1.52
40.85323,-73.93840833,14.003334,0.56,1.4366667,0.0
40.828105,-73.95042167,19.52762,1.24,1.9252381,1.2
40.82235,-73.92029667,31.245,2.12,2.451,0.68
40.82775167,-73.95137667,14.466286,0.68,1.4265714,0.56
40.81825833,-73.89914,30.12,1.48,2.86,1.36
40.79999167,-73.94485333,31.046001,1.28,2.94,0.84
40.77068333,-73.95094,28.6,1.48,2.83,1.08
40.828835,-73.928,15.479667,1.0,1.3173332,1.16
40.85694833,-73.93497,14.1,0.44,1.44,0.0
40.84130833,-73.900165,18.4,0.52,1.28,0.0
40.799435,-73.93549,19.573668,0.88,1.7566667,0.68
40.80914,-73.94836,33.754906,1.4,3.1182423,1.32
40.77655,-73.95611333,24.0,1.32,2.4,1.0
40.81604167,-73.958805,34.33,1.56,2.8739998,1.44
40.76301,-73.95662833,23.326,0.72,2.422,0.6
40.80950667,-73.89142667,22.546667,0.6,2.0266666,-0.44
40.81802,-73.91336167,20.47,0.6,1.92,0.36
40.84339167,-73.915845,25.466667,1.08,2.3,0.04
40.80934833,-73.94817,35.81491,2.16,3.318242,1.84
40.80691833,-73.90655833,19.896223,0.96,1.6209999,0.68
40.83221833,-73.90327333,15.6,1.0,1.56,0.16
40.84225833,-73.92103167,15.84,1.24,1.56,0.64
40.82040167,-73.91189833,28.28762,1.36,2.5848832,0.36
40.80402167,-73.90588333,18.693333,1.24,2.0533333,1.08
40.826655,-73.90573167,20.326666,1.12,1.7266666,0.2
40.802315,-73.96764,25.806667,1.4,2.3736668,1.12
40.82497833,-73.91044667,22.366667,0.6,1.8240001,-0.12
40.810705,-73.89537667,11.76,0.12,1.12,-0.44
40.82158833,-73.91118,23.23943,0.92,2.3054545,0.24
40.83162167,-73.90675333,21.28,0.28,1.92,-0.04
40.81598167,-73.9144,27.346,0.76,2.272,0.12
40.77648833,-73.95602333,24.0,1.32,2.4,1.0
40.82165333,-73.95771833,27.492712,2.16,2.3110476,1.44
40.81915833,-73.95971333,30.071238,1.88,2.7896192,1.2
40.80439,-73.93966333,21.841002,1.84,1.746,1.4
40.83409167,-73.91657,21.33216,1.92,1.7305495,0.72
40.814715,-73.88372333,24.65,0.92,2.36,-0.28
40.82550667,-73.92625333,19.068,1.48,1.964,0.12
40.77490333,-73.958745,27.922667,0.92,2.9226665,1.04
40.812295,-73.896195,24.67,0.76,1.9533334,0.36
40.81901,-73.90958667,15.46,0.28,1.49,-0.16
40.81774,-73.95390833,22.88,0.84,1.92,0.68
40.80501833,-73.94762833,24.716667,1.48,2.247778,1.56
40.83684667,-73.92711167,19.04,1.16,2.2,0.76
40.770995,-73.950715,35.885,1.68,3.74,1.56
40.81086667,-73.95317667,25.603998,0.8,2.47,0.8
40.828295,-73.95087,15.423618,0.88,1.5172381,0.64
40.80816,-73.95641667,22.26,0.44,2.1356192,0.4
40.81243,-73.90501167,26.471333,1.2,2.532,-0.04
40.83909667,-73.91447333,18.162691,0.72,1.4028572,-0.04
40.76700667,-73.95641333,29.703999,1.12,2.676,1.16
40.79254,-73.94682833,21.346668,0.56,2.1066666,0.68
40.83526833,-73.90144833,27.563555,1.88,2.5364444,0.4
40.856515,-73.93510667,19.108,0.92,1.92,0.36
40.82633333,-73.95026,29.76,1.12,2.8833334,1.08
40.803115,-73.96389833,32.024,1.96,2.7293334,1.4
40.820025,-73.92680833,24.689476,1.4,2.4204762,1.16
40.82212667,-73.949935,25.145,1.04,2.2133334,0.96
40.791905,-73.94524667,24.95,0.68,2.495,0.68
40.81447167,-73.95747833,25.163332,0.76,1.9883335,0.56
40.85225667,-73.938315,20.406666,0.92,2.0133333,0.32
40.81508167,-73.886315,27.489412,2.04,2.1017144,0.8
40.80809,-73.90274667,11.76,-0.04,0.96,-0.52
40.80122333,-73.94783333,20.986668,0.96,2.0866666,0.76
40.82135,-73.91785333,26.864286,2.0,1.7942858,0.2
40.82991833,-73.90180167,26.426668,1.4,2.1266668,0.52
40.83694667,-73.92715333,18.628,1.24,2.184,0.72
40.813395,-73.90709,27.106,1.8,2.7893336,-0.2
40.81255667,-73.90569167,22.608,1.0,2.172,-0.24
40.77214333,-73.94996833,27.28,1.56,2.728,1.28
40.81817667,-73.95628833,18.99394,1.12,1.6897576,0.92
40.80300167,-73.94262,30.42762,2.36,2.3542857,1.76
40.80516167,-73.885985,12.41,0.12,1.32,-0.56
40.80783667,-73.95663667,25.956001,1.16,2.5276191,0.88
40.80955,-73.89108,21.2,0.44,1.8933334,-0.52
40.819325,-73.90856667,14.48,0.88,1.3466667,-0.12
40.80825667,-73.95634833,22.26,0.44,2.1356192,0.4
40.80397833,-73.905805,18.693333,1.24,2.0533333,1.08
40.77099333,-73.99316333,21.15,0.48,2.03,0.72
40.83135333,-73.91834667,18.626999,1.68,1.85,0.32
40.81414167,-73.88836667,12.922666,0.32,1.1719999,-0.32
40.8254,-73.94795,27.64,0.84,2.66,0.88
40.80539333,-73.94740833,22.379524,1.32,2.005238,1.28
40.81538333,-73.89838333,22.636002,1.08,2.1,1.0
40.81696333,-73.88806167,21.2525,0.96,1.7933333,0.8
40.83609333,-73.92751,17.523335,0.92,1.7266667,0.44
40.82275167,-73.92344167,13.64,0.72,1.32,0.0
40.82993833,-73.92994333,25.799997,1.32,2.13,0.4
40.82039667,-73.892005,29.031427,0.92,2.84,0.04
40.81598,-73.958745,34.33,1.56,2.8739998,1.44
40.817515,-73.89825,25.026665,0.96,2.4533334,0.92
40.83765167,-73.8973,17.64,0.92,1.12,0.68
40.83061667,-73.907355,16.04,-0.04,1.48,0.16
40.77056833,-73.99219333,22.38,0.36,2.2,0.52
40.809575,-73.890005,25.71,0.68,1.78,-0.4
40.825195,-73.88873667,12.484445,-0.2,1.2,-0.36
40.80363167,-73.96696,30.342857,2.12,2.7890475,1.52
40.77238,-73.94979667,27.28,1.44,2.728,1.48
40.80240833,-73.967625,25.806667,1.4,2.3736668,1.12
40.8267,-73.91402,8.77,-0.36,0.96,-0.04
40.83859667,-73.92663333,19.522856,1.56,2.122857,0.72
40.80629333,-73.889,31.119,1.44,2.4060001,0.08
40.840655,-73.90162333,19.664,0.6,1.8773332,0.24
40.81513667,-73.88382333,24.59,0.92,2.36,-0.28
40.81886667,-73.95991167,26.626667,1.48,2.3513334,0.8
40.82002667,-73.90819833,16.046667,0.92,1.5733333,0.24
40.82146167,-73.92796333,20.09,1.32,2.04,0.8
40.813665,-73.94582167,17.21,0.32,1.54,0.8
40.81824167,-73.91688167,22.56,1.16,2.036,0.0
40.81805667,-73.91344833,20.47,0.6,1.92,0.36
40.83864333,-73.91319,26.903336,1.76,1.8986667,0.52
40.81979333,-73.90831333,15.246666,0.8,1.5333333,0.12
40.80110833,-73.94402167,26.323332,1.68,2.4866667,1.48
40.82469667,-73.91057667,28.196287,1.44,2.171619,0.04
40.80343833,-73.96708833,27.419523,1.8,2.6340475,1.6
40.83186833,-73.90664667,17.36,-0.04,1.6,-0.12
40.80724,-73.906675,21.069555,1.04,1.7276666,0.8
40.82268,-73.95321333,26.212666,1.4,2.4846666,1.44
40.768935,-73.95505833,29.54,1.72,2.64,1.24
40.83277167,-73.903065,12.0,0.76,1.2,0.04
40.82208667,-73.910895,29.243523,1.4,2.979619,0.12
40.8232,-73.92321333,13.973332,0.84,1.32,-0.08
40.819245,-73.913715,21.493332,0.84,1.8733335,0.24
40.83648333,-73.92732,13.0,0.44,1.44,0.08
40.83076167,-73.91877,25.642,1.68,2.48,0.36
40.81623167,-73.89753667,21.495,1.28,2.04,0.64
40.82138167,-73.91799833,26.864286,2.0,1.7942858,0.2
40.80097333,-73.94412833,26.323332,1.68,2.4866667,1.48
40.806535,-73.88917833,23.793999,0.6,1.616,-0.4
40.84036333,-73.90180333,20.863998,0.84,1.984,0.2
40.81302833,-73.90721167,29.586,1.92,3.056,-0.12
40.804805,-73.88511833,26.745,0.6,1.96,-0.4
40.83454333,-73.91979,20.883999,0.92,1.9013333,0.08
40.83864667,-73.926155,17.894285,1.12,2.01,0.56
40.79501,-73.95398833,17.226667,1.12,0.52,0.56
40.80662333,-73.94895833,15.54,0.56,1.48,0.88
40.81745333,-73.89815667,25.08,0.72,2.48,0.92
40.84501833,-73.91352333,32.90311,2.08,2.482889,0.8
40.82098,-73.88721,28.035555,1.68,2.1955554,0.76
40.817855,-73.95652667,24.656,1.48,2.0626667,1.36
40.79483167,-73.95433667,17.871668,1.24,0.57,0.6
40.77713667,-73.957435,24.838001,1.12,2.472,1.24
40.81925333,-73.90859833,14.48,0.88,1.3466667,-0.12
40.81244,-73.89488,24.08,1.4,2.47,0.44
40.76173167,-73.96657,27.605,1.72,2.37,1.24
40.82695167,-73.94724833,17.6,0.92,1.7466666,0.8
40.78497667,-73.94679,33.078,0.96,2.8506665,1.04
40.8219,-73.888435,30.555254,1.48,2.283226,1.28
40.82236,-73.95447667,16.42,1.24,1.66,0.96
40.81788667,-73.95979833,33.89143,1.32,3.0268574,1.52
40.83744,-73.89967667,19.933332,1.28,1.5133333,0.84
40.82527167,-73.888725,12.484445,-0.2,1.2,-0.36
40.84128667,-73.92176167,24.391111,1.6,1.9111111,1.2
40.80174667,-73.949105,23.365,0.88,2.16,0.72
40.84341333,-73.91587667,21.226667,0.96,1.94,-0.08
40.82013167,-73.88858,23.296667,1.36,1.8433332,0.52
40.83858167,-73.92720833,14.748571,1.32,1.702857,0.52
40.822655,-73.9235,9.92,0.48,0.96,-0.12
40.83583,-73.9024,20.266668,0.56,1.91,-0.2
40.804945,-73.94767833,23.376667,1.28,2.1277778,1.48
40.82152833,-73.95045333,23.615286,0.88,2.004381,0.64
40.81788167,-73.91705833,24.95,2.0,2.28,0.08
40.81590167,-73.91444167,28.196001,0.92,2.272,0.12
40.76961833,-73.989665,18.6,0.28,1.92,0.44
40.83799667,-73.9277,18.714666,1.84,2.2456667,1.24
40.82614,-73.88897,25.85,0.44,2.15,0.2
40.83855167,-73.90213833,21.106667,0.44,2.1106668,0.44
40.76470333,-73.97289833,36.148415,1.32,2.8168256,1.68
40.85557833,-73.93567,15.92,0.56,1.48,0.2
40.82728667,-73.92505,28.788572,2.16,2.6462858,0.28
40.82537,-73.9076,27.252666,1.8,2.5973334,0.48
40.8224,-73.95227333,20.095,1.0,1.96,1.28
40.84207833,-73.92109333,15.84,1.24,1.56,0.64
40.82969667,-73.90787,19.352,0.56,1.92,0.04
40.81185167,-73.925565,25.581333,1.44,2.056,1.44
40.80381,-73.92020333,27.112,0.96,2.244,0.52
40.81133333,-73.91703333,26.478212,1.4,2.3088095,0.2
40.83927167,-73.91502,21.849167,1.12,1.7,-0.2
40.81451333,-73.91529833,28.665,1.28,2.68,0.28
40.80464333,-73.95131833,28.77433,1.36,2.5933332,1.6
40.83100833,-73.90041833,27.793999,1.76,2.144,0.68
40.804365,-73.90781667,18.88,1.4,2.24,1.04
40.80860167,-73.96556,20.215557,1.4,1.9177777,0.56
40.81764833,-73.91344333,19.47,0.44,1.82,0.24
40.80523167,-73.94750333,22.379524,1.32,2.005238,1.28
40.814055,-73.91556,23.868332,0.76,2.144762,-0.04
40.80491833,-73.88591667,12.41,0.12,1.32,-0.56
40.82062667,-73.91577333,24.05,1.24,2.16,-0.04
40.80379833,-73.942,28.758953,2.12,1.995619,1.52
40.81059333,-73.92731333,31.049429,1.52,2.3402858,1.28
40.85748,-73.929665,8.929523,0.0,0.81714284,-0.16
40.81254,-73.95325333,21.85,1.8,2.18,1.2
40.832545,-73.93138833,20.154047,1.56,1.6457142,0.6
40.827805,-73.90421,21.611427,1.04,1.7942858,0.56
40.82658,-73.950725,30.378,1.0,2.8893335,0.96
40.81372333,-73.90694833,15.616,1.16,1.6960001,-0.28
40.76460167,-73.97295833,36.17184,1.12,2.7728252,1.44
40.82172333,-73.91921833,21.42,1.56,1.34,0.12
40.813085,-73.92314833,33.288334,1.44,2.4919999,1.2
40.81392,-73.88961,15.007,0.48,1.396,-0.24
40.76980833,-73.99017,19.92,0.36,2.04,0.6
40.831875,-73.90232333,13.187334,0.12,1.1233333,-0.44
40.81767667,-73.92969667,18.969,1.68,1.964,-0.12
40.81320333,-73.94546167,30.589502,1.44,2.6942425,1.76
40.81345333,-73.885275,16.8,0.8,1.88,0.04
40.81961667,-73.95940167,31.69981,2.16,2.7885714,1.44
40.81814,-73.95471,19.866667,0.64,1.6,0.56
40.81944333,-73.911395,20.603998,0.92,1.9039999,-0.36
40.83071167,-73.92000667,27.948668,1.32,2.4396665,0.52
40.76987667,-73.99035333,19.92,0.36,2.04,0.6
40.80345167,-73.94227,28.978952,1.88,2.015619,1.56
40.81725667,-73.92993167,18.424,1.6,1.864,-0.16
40.83688833,-73.927115,19.04,1.16,2.2,0.76
40.82800833,-73.95013833,20.914288,1.12,2.0685716,1.24
40.83146667,-73.90118833,16.534,0.96,1.234,-0.12
40.76247333,-73.96804833,32.816,1.36,2.772,1.72
40.82784333,-73.92565667,28.636002,1.8,2.6686666,0.16
40.82799667,-73.95005,23.26,1.2,2.28,1.36
40.84351333,-73.91987667,20.782,1.52,1.9673332,0.72
40.812365,-73.91644667,24.055971,0.88,2.0232968,0.52
40.81402833,-73.88888833,12.5146675,0.12,1.0680001,-0.36
40.81474,-73.91512167,34.645,1.64,3.2,0.68
40.83737667,-73.92747833,18.314665,1.6,2.1656668,1.0
40.814145,-73.94713667,15.5,0.32,1.42,0.64
40.82126833,-73.95832667,31.08232,1.92,2.2450538,1.2
40.83437667,-73.92855167,19.708,1.0,2.092,0.68
40.80862333,-73.96563667,20.215557,1.4,1.9177777,0.56
40.81327333,-73.92282667,32.923,1.32,2.4693334,1.52
40.81744,-73.88834167,16.98,0.6,1.3766665,0.76
40.82336833,-73.89170167,15.44,0.4,1.52,-0.48
40.85924333,-73.932395,11.14,-0.28,0.92,-0.2
40.814825,-73.919775,25.691334,1.4,2.0173333,1.04
40.81404333,-73.88878,12.5146675,0.12,1.0680001,-0.36
40.764625,-73.97295167,36.17184,1.12,2.7728252,1.44
40.80459167,-73.90818667,14.64,1.0,1.76,0.76
40.813245,-73.92286667,34.263,1.44,2.5013332,1.28
40.81278833,-73.91622,23.076923,0.92,2.146154,-0.04
40.80390167,-73.92041333,24.685331,0.88,2.1039999,0.56
40.81099833,-73.90983333,13.65,0.04,1.325,-0.32
40.82724,-73.925075,22.028572,1.6,2.0462856,0.0
40.83019833,-73.91389667,16.848,0.48,1.56,0.16
40.80953333,-73.94804833,28.174,1.72,2.5073333,1.32
40.82303667,-73.891675,15.48,0.4,1.52,-0.48
40.83259333,-73.93136167,20.154047,1.56,1.6457142,0.6
40.83463667,-73.92967333,15.196,0.92,1.8039999,0.68
40.82489667,-73.908085,25.616001,1.48,2.3506668,0.08
40.81839333,-73.95611833,23.887274,1.6,2.311091,1.32
40.76263,-73.968215,29.176,1.2,2.452,1.44
40.829785,-73.93088833,22.053905,1.32,1.6935239,0.56
40.7619,-73.96700833,17.825,0.92,1.53,0.8
40.81083,-73.91734333,19.725832,0.32,1.7783334,-0.08
40.82111167,-73.88534,21.33,0.32,1.76,-0.28
40.82645,-73.95061333,30.378,1.0,2.8893335,0.96
40.81158833,-73.92607,26.981333,1.0,2.32,1.16
40.80337,-73.94233333,28.978952,1.88,2.015619,1.56
40.83911833,-73.92587,16.98,1.04,1.77,0.36
40.808745,-73.947835,29.11491,1.36,2.754909,1.2
40.82117667,-73.88607833,19.204,0.44,1.652,-0.08
40.81264667,-73.95296333,18.55,1.32,1.88,0.88
40.81564,-73.95690833,26.497778,1.64,2.328889,1.4
40.825845,-73.94897667,19.24,0.28,1.92,0.44
40.81370333,-73.94867167,29.596668,1.32,2.56,0.96
40.82844833,-73.92735333,16.89465,1.12,1.3966153,0.96
40.81333667,-73.92272167,32.923,1.32,2.4693334,1.52
40.83042667,-73.91376333,16.865143,0.52,1.56,0.24
40.84415667,-73.89739333,27.512539,1.44,2.5692823,0.2
40.81791833,-73.95433833,15.2,0.2,1.24,0.2
40.821515,-73.91852333,20.51,1.48,1.21,0.0
40.80163333,-73.94363333,27.391333,1.8,2.5786667,1.44
40.80132833,-73.943845,22.671333,1.44,2.1386666,1.0
40.834315,-73.92837667,21.388,1.16,2.192,0.8
40.81921667,-73.91067833,23.626537,1.08,2.08,-0.24
40.84013167,-73.92539667,15.466667,0.76,1.7,0.28
40.81359,-73.88531167,18.6,0.72,1.97,0.12
40.82975667,-73.90783333,19.978666,0.68,1.8933333,0.12
40.815735,-73.89806167,18.296,1.08,1.68,0.64
40.81234667,-73.95340167,24.05,1.88,2.38,1.24
40.82249167,-73.95271167,24.261665,1.4,2.3466666,1.48
40.814285,-73.89131167,28.746668,1.4,2.2866666,0.32
40.82158333,-73.918755,21.46,1.6,1.26,0.04
40.81678333,-73.93015333,14.04,0.96,1.32,-0.36
40.823105,-73.89168,15.48,0.4,1.52,-0.48
40.83219333,-73.93154167,19.595715,1.32,1.4723809,0.6
40.76427,-73.97202167,21.515556,0.84,1.7111112,1.12
40.84482833,-73.90945333,21.755,0.84,1.81,-0.36
40.80729333,-73.92837833,23.32,0.56,2.04,0.6
40.80452333,-73.92188333,30.285,1.36,2.92,1.12
40.80339667,-73.93818667,24.262856,1.04,2.4438095,1.56
40.81888,-73.91659167,20.373333,0.64,1.8893334,-0.12
40.81246833,-73.94955167,27.254667,1.44,2.6120002,1.0
40.81404833,-73.94690333,17.54,0.56,1.42,0.84
40.82136167,-73.92833,12.27,0.6,1.24,-0.04
40.80635667,-73.889095,24.318998,0.84,1.666,-0.16
40.82911,-73.90821167,18.44,0.64,1.8560001,0.08
40.82586,-73.88949,29.39,0.92,2.61,0.28
40.85877333,-73.93146,23.654287,1.08,2.1914284,0.04
40.81028333,-73.92198167,25.465557,1.0,2.3866668,1.04
40.79804167,-73.95286667,21.125332,0.84,1.81,0.72
40.80984,-73.92785833,35.766003,2.0,3.002,1.36
40.80361167,-73.95214667,33.08662,1.64,2.7958093,1.32
40.76284333,-73.96785833,27.776001,0.76,2.332,1.28
40.814625,-73.89142833,18.933332,0.44,1.44,-0.04
40.81647667,-73.887725,22.8125,1.16,1.94,0.84
40.83364,-73.89647333,29.256664,1.08,2.4366665,0.56
40.80329833,-73.94238167,28.978952,1.88,2.015619,1.56
40.83959167,-73.92559,15.766667,0.76,1.6766667,0.32
40.83264333,-73.931335,19.849049,1.32,1.5523808,0.48
40.82449333,-73.91015167,23.728666,1.0,1.8039999,-0.28
40.82129,-73.92834,11.98,0.68,1.18,-0.12
40.81275833,-73.90656667,28.286001,1.4,2.832,0.04
40.769775,-73.99008833,19.92,0.36,2.04,0.6
40.82084,-73.9158,20.35,1.08,1.8,-0.08
40.82761833,-73.94916167,21.46,1.04,2.07,1.0
40.81524667,-73.95805167,33.84667,1.56,2.5966668,1.32
40.81829,-73.92945667,12.944,0.84,1.344,-0.36
40.81127667,-73.909725,17.36,0.36,1.7257142,-0.12
40.77451333,-73.95420833,24.06,0.24,2.16,0.92
40.80468333,-73.90828667,15.04,0.84,1.76,0.76
40.82680833,-73.94690333,22.4,1.12,2.0666666,1.0
40.844145,-73.89735667,26.71854,1.56,2.4432821,0.28
40.82030833,-73.92698667,23.722143,1.24,2.377143,1.24
40.839385,-73.91536,24.5325,1.04,1.96,0.16
40.842035,-73.92112333,15.04,1.16,1.44,0.52
40.81553333,-73.95826667,40.542667,2.04,3.1286666,1.76
40.81315833,-73.88520667,18.6,1.0,2.12,0.2
40.81298167,-73.94563,29.97617,1.48,2.520909,1.64
40.815525,-73.93056167,21.171333,1.92,1.8406667,0.36
40.803695,-73.91987833,26.112,0.88,2.1039999,0.36
40.80816,-73.90797167,17.75,0.28,1.77,-0.36
40.85690667,-73.93263833,25.76,1.08,2.5133333,0.68
40.82208167,-73.92028833,26.042,1.48,1.9779999,0.48
40.80601,-73.92541,26.235682,1.48,2.1758873,1.04
40.810435,-73.92186333,22.945557,0.76,2.1626666,0.72
40.809095,-73.91836833,20.060555,0.72,1.8805554,1.08
40.82474667,-73.89153833,33.986668,1.0,2.92,0.36
40.81019667,-73.90880333,19.42,1.4,2.4,-0.04
40.83842,-73.916895,17.458,0.44,1.82,-0.08
40.809715,-73.90743667,26.977999,1.56,2.8279998,-0.08
40.81009,-73.927665,30.246,1.4,2.4420002,1.2
40.83448,-73.930355,17.569334,1.64,1.88,1.0
40.812825,-73.94932167,27.598,1.6,2.6120002,1.16
40.80444333,-73.91893833,34.07567,2.96,2.7543807,1.84
40.80334667,-73.95302833,27.627619,0.88,2.3184764,0.88
40.82368333,-73.89173,14.2,0.2,1.4,-0.52
40.82123,-73.88556,22.95,0.28,1.98,-0.2
40.8046,-73.94143833,29.081999,1.76,2.1813333,1.32
40.81237667,-73.949585,27.494667,1.36,2.6320002,0.88
40.80978667,-73.92964,27.194582,1.6,2.3746827,2.16
40.85893667,-73.93136667,23.654287,1.08,2.1914284,0.04
40.82996,-73.93151333,24.415237,1.56,1.7295238,0.84
40.819655,-73.89152167,19.950666,0.92,1.7266666,1.04
40.81330167,-73.88524333,20.4,0.92,2.24,0.28
40.85518833,-73.93694167,16.143333,0.68,1.53,0.16
40.83255833,-73.89838167,31.37,1.52,3.07,0.44
40.81559833,-73.91829333,29.405,2.44,2.3966665,1.16
40.80924333,-73.91826167,18.700556,0.4,1.7205554,0.96
40.80470333,-73.91885167,31.394,2.24,2.5110476,1.4
40.82197333,-73.92003167,25.59,1.52,2.006,0.32
40.815235,-73.95663333,22.21778,1.48,2.008889,1.28
40.85529333,-73.93583333,19.886667,1.12,1.9,0.64
40.803095,-73.93839333,19.382856,0.12,1.9438095,0.92
40.8145,-73.918875,28.392666,1.88,2.478,1.44
40.81526667,-73.93057833,21.724669,2.0,1.874,0.48
40.80337333,-73.95308667,27.627619,0.88,2.3184764,0.88
40.814035,-73.955765,31.277666,1.84,2.9413333,1.32
40.82389167,-73.89176333,18.2,0.12,1.68,-0.36
40.80461833,-73.91887833,34.07567,2.96,2.7543807,1.84
40.83068,-73.91359833,14.788,0.28,1.3672726,0.16
40.85740833,-73.93059667,17.819525,1.2,1.657143,0.36
40.83454167,-73.93030167,15.689334,1.48,1.56,0.72
40.83276167,-73.89810667,25.77,0.84,2.55,0.24
40.857455,-73.93031667,14.1395235,0.56,1.297143,0.08
40.80481167,-73.91867167,31.394,2.24,2.5110476,1.4
40.77010667,-73.99117,30.21,0.68,2.88,0.84
40.81252333,-73.95107667,27.169334,0.96,2.0746667,0.8
40.83233667,-73.89868,27.375713,1.4,2.6490476,0.28
40.80829667,-73.94681833,19.36,0.4,1.92,0.44
40.81456,-73.91882667,25.659334,1.68,2.2913332,1.48
40.81517333,-73.91906333,27.029665,2.04,2.1339998,0.92
40.82887833,-73.908305,18.44,0.64,1.8560001,0.08
40.85512833,-73.93696833,16.143333,0.68,1.53,0.16
40.77016833,-73.99154333,38.73,1.0,3.6,1.36
40.81960833,-73.913395,20.533333,0.8,1.7833334,0.12
40.81500833,-73.91942333,27.733332,1.4,2.2133334,1.12
40.85722,-73.93105167,19.295713,1.24,1.7390475,0.24
40.85552167,-73.936775,18.343334,1.0,1.69,0.48
40.81204167,-73.94990333,27.556667,1.24,2.58,0.96
40.85583333,-73.93666333,15.64,0.68,1.52,0.16
40.828855,-73.90831667,19.285334,0.84,1.9253333,-0.04
40.81432167,-73.89132167,28.746668,1.4,2.2866666,0.32
40.85713333,-73.93130333,20.595713,1.32,1.8590475,0.24
40.81675667,-73.89203333,41.365,1.88,3.2,0.76
40.80973833,-73.92792667,31.946001,1.64,2.6520002,1.04
40.80423333,-73.91932333,28.266,2.56,2.298381,1.36
40.81467667,-73.91854833,25.321333,1.72,2.1673334,1.4
40.82145,-73.95812833,28.80153,2.24,2.032205,1.24
40.81442,-73.95597,22.591002,1.4,2.128,0.92
40.856415,-73.93626,16.168001,0.64,1.56,0.2
40.77018333,-73.99162667,38.73,1.0,3.6,1.36
40.82824,-73.9269,16.960318,1.04,1.5372821,0.04
40.80425167,-73.92123667,28.83,1.0,2.64,1.0
40.84107,-73.89917,24.09,0.6,1.88,0.08
40.82164667,-73.88878333,26.016287,1.64,2.044619,1.04
40.82412667,-73.90921167,25.98381,0.8,2.3466666,-0.28
40.80909833,-73.92884,35.31775,1.52,3.0246825,1.92
40.82503167,-73.89103333,31.968096,1.48,2.69,0.76
40.818105,-73.91491,24.32,0.96,2.04,0.48
40.80627833,-73.92616,20.1,0.6,1.98,0.24
40.80845833,-73.94718333,19.36,0.4,1.92,0.44
40.81610667,-73.91743333,31.93,1.76,2.87,1.12
40.80555833,-73.91445333,25.41,1.16,2.2,0.72
40.817195,-73.91591667,27.74,1.48,2.2933335,0.32
40.814215,-73.91909667,24.679333,1.44,2.293,1.12
40.81357667,-73.93051833,39.229668,2.04,3.083333,1.4
40.80937,-73.90755667,24.274668,1.24,2.478,-0.28
40.81619667,-73.91728,31.93,1.76,2.87,1.12
40.82432,-73.891795,29.92,0.76,2.6,0.12
40.82969667,-73.93133,24.557236,1.92,1.7935239,1.08
40.85721333,-73.93543667,21.708,1.24,2.24,0.6
40.82498333,-73.89111167,31.968096,1.48,2.69,0.76
40.81428833,-73.93073,26.097994,1.56,2.0103388,0.76
40.82487,-73.89134,37.078094,1.36,3.12,0.68
40.818625,-73.89255833,24.175737,1.28,2.0658095,1.44
40.857525,-73.93105667,19.015715,1.56,1.7390475,0.4
40.80445,-73.91175833,29.449417,1.92,2.2259452,1.52
40.80843333,-73.94712167,19.36,0.4,1.92,0.44
40.85603167,-73.933035,17.146667,0.32,1.7133335,-0.04
40.813145,-73.909155,20.88,0.8,1.8833333,-0.24
40.81104333,-73.92142333,28.13889,1.04,2.5826666,1.12
40.81352833,-73.9304,40.033,1.76,3.1333334,1.64
40.80903667,-73.92879167,38.137497,1.48,3.2365556,1.92
40.80518333,-73.91342167,18.425,0.44,1.49,-0.16
40.812905,-73.92964667,31.383001,1.8,2.4919999,1.12
40.80898833,-73.92874167,38.137497,1.48,3.2365556,1.92
40.81502667,-73.91809667,24.646334,2.12,2.0473335,1.44
40.854865,-73.93569667,16.046667,0.84,1.7,0.32
40.81855,-73.89262167,24.175737,1.28,2.0658095,1.44
40.81827167,-73.91469833,25.826668,1.28,2.0933335,0.68
40.81395,-73.93084667,35.23966,1.76,2.7270052,1.0
40.85452333,-73.93458833,15.36,0.36,1.66,0.32
40.80894167,-73.92854167,37.756668,1.76,3.0283332,2.2
40.80492667,-73.912115,26.999107,1.52,2.0632784,1.64
40.82198,-73.911665,28.511333,1.24,2.9633338,0.32
40.81380333,-73.91938833,27.608,1.44,2.549,1.16
40.83317833,-73.93103333,22.672382,1.96,1.8190476,0.76
40.85454167,-73.93464667,15.36,0.36,1.66,0.32
40.81541333,-73.91722333,23.6,1.72,2.2,0.68
40.80440167,-73.911645,29.449417,1.92,2.2259452,1.52
