lat,long,var_res100_mean_5x5,building_area_per_pixel_res100_mean_5x5
40.78876333,-73.971665,2.4519496,0.2979715
40.788875,-73.97192833,2.4519496,0.2979715
40.78908,-73.96708,1.6212533,0.15836054
40.78908167,-73.97255,2.4856217,0.2949463
40.78795333,-73.96969667,2.2273955,0.2794561
40.78418333,-73.97021167,1.8268412,0.17758122
40.78470833,-73.96975167,1.3983777,0.117610015
40.78886333,-73.96676667,1.6212533,0.15836054
40.788585,-73.97130333,2.450602,0.29810092
40.78418333,-73.966635,0.37481955,0.007725247
40.78182667,-73.98672167,2.2288043,0.10813448
40.81512333,-73.95032333,1.9899548,0.17002767
40.76774167,-73.98230833,4.975103,0.25202405
40.78370667,-73.96508333,0.2572401,0.011368913
40.77094667,-73.97968333,4.3428454,0.1696702
40.79593833,-73.95570333,0.0,0.0
40.78512667,-73.97289167,1.8629565,0.3188153
40.78309833,-73.95583833,3.153778,0.31281406
40.781915,-73.96325,0.4493047,0.01951598
40.777375,-73.94459,1.8452542,0.19500376
40.78476,-73.97195,1.8957776,0.30913505
40.781725,-73.94579667,3.3316603,0.25541016
40.78740333,-73.98071167,1.7060145,0.18280369
40.758905,-73.96015833,4.1683326,0.21549022
40.78264333,-73.98460333,1.8738688,0.17166989
40.79036333,-73.97688333,2.7429779,0.30382165
40.81563833,-73.94998833,1.9573423,0.15046668
40.77889,-73.94784,2.031562,0.34493065
40.78934667,-73.973275,2.59028,0.29129013
40.79867333,-73.95970667,1.1565354,0.13832901
40.78009,-73.94704833,2.5574696,0.3274352
40.76795333,-73.982415,5.6334453,0.2637626
40.78694667,-73.97984667,2.3432581,0.2626838
40.78111,-73.98738167,2.8632648,0.10233032
40.789975,-73.97607667,2.7499278,0.30831322
40.79138333,-73.96195667,0.31418937,0.0047141705
40.78667,-73.97963,2.556398,0.31337216
40.78251333,-73.95438833,2.6982496,0.3441945
40.79177333,-73.96295833,0.5836727,0.026500668
40.790355,-73.941705,2.1904242,0.2100965
40.78309667,-73.98581667,0.99096584,0.07060299
40.79022,-73.96991,2.6180592,0.27106243
40.79833667,-73.95996333,1.1565354,0.13832901
40.76804,-73.98242,5.6334453,0.2637626
40.77158667,-73.97728333,1.0767839,0.06110169
40.77291833,-73.94637333,2.983074,0.20597805
40.79016,-73.96973667,2.7192903,0.29342854
40.796185,-73.95559167,0.0,0.0
40.75887667,-73.96010333,4.3144345,0.18158612
40.78978167,-73.97565,2.9665132,0.30419177
40.79883167,-73.95958667,1.1565354,0.13832901
40.81433333,-73.95093167,2.1951509,0.18601035
40.76942167,-73.98085833,5.091551,0.16327935
40.78273833,-73.96359333,0.17749788,0.010833481
40.78117,-73.96236,0.8573267,0.050117683
40.76812833,-73.98243167,5.6334453,0.2637626
40.78737833,-73.98065667,1.8219162,0.20641027
40.79151333,-73.96223833,0.31418937,0.0047141705
40.784905,-73.97228167,1.8957776,0.30913505
40.78302333,-73.984475,1.4151055,0.12332526
40.78964,-73.97515667,2.9487426,0.30615088
40.78093667,-73.96217833,1.2572383,0.08054832
40.7896,-73.95764833,0.21359676,0.0069633634
40.84138833,-73.89286,1.1611109,0.082173616
40.78989667,-73.95836333,0.11068355,0.0047801035
40.79522,-73.93310667,1.6261255,0.22096935
40.80721667,-73.898815,0.6638406,0.23148979
40.78651667,-73.975995,2.3606699,0.32046497
40.78789333,-73.98061167,1.7060145,0.18280369
40.807085,-73.96706333,2.4572163,0.1608446
40.79345333,-73.96702333,2.544266,0.22492525
40.77439333,-73.98249667,4.1564984,0.32796705
40.79726333,-73.95459,1.1153374,0.054347537
40.79543,-73.93384167,1.4100479,0.24882288
40.78633833,-73.97887167,2.4551547,0.31820825
40.78922667,-73.98053,1.9318064,0.1873361
40.79635667,-73.9723,2.862446,0.28070465
40.785675,-73.98471,0.56711674,0.016952364
40.77546,-73.98227833,3.8848884,0.33103248
40.78637333,-73.94239,2.5596871,0.18576641
40.78618,-73.97824333,2.4187624,0.31991887
40.78652667,-73.97923667,2.556398,0.31337216
40.79070667,-73.977965,2.5081992,0.25788718
40.78925667,-73.973785,2.8401227,0.29486758
40.79981333,-73.95881833,1.3112272,0.12941842
40.76774,-73.98191,4.975103,0.25202405
40.78785167,-73.98061833,1.7060145,0.18280369
40.84360667,-73.92448833,1.3925515,0.1138853
40.80784333,-73.89894667,0.6638406,0.23148979
40.768135,-73.95300667,2.1860025,0.3356517
40.79106833,-73.956465,0.0,0.0
40.78053667,-73.94668333,2.6292613,0.31483245
40.795475,-73.955205,0.0,0.0
40.79209333,-73.97388833,2.7163067,0.31092903
40.78605333,-73.95322833,2.3252282,0.30500093
40.78691833,-73.97746833,2.5199845,0.305321
40.79670167,-73.93201,1.884473,0.27173007
40.77552167,-73.982295,3.8848884,0.33103248
40.77540667,-73.94437,1.4150764,0.16595213
40.79201333,-73.97374167,2.7163067,0.31092903
40.78166,-73.94584167,3.3316603,0.25541016
40.78687833,-73.97750833,2.5199845,0.305321
40.77422333,-73.98251167,4.1564984,0.32796705
40.80458667,-73.95585,1.6986749,0.3049482
40.84209167,-73.89406167,1.3135651,0.042778138
40.776545,-73.94356667,1.2229117,0.11855774
40.79146333,-73.97264167,2.7712367,0.29030094
40.78903,-73.980605,1.6361187,0.15785709
40.78774167,-73.95382833,2.2869024,0.25311458
40.75905833,-73.96049833,4.1683326,0.21549022
40.79043,-73.94182667,2.1904242,0.2100965
40.78324167,-73.95644,3.0321467,0.28764066
40.75906667,-73.95949,4.4990325,0.17192876
40.79417333,-73.97020667,2.11157,0.26420623
40.81011333,-73.89813167,0.68018407,0.20787714
40.77857833,-73.94727833,2.316626,0.34212667
40.78666,-73.97653167,2.4469547,0.30862075
40.78367667,-73.98390167,1.7867261,0.18914409
40.80542167,-73.899475,0.6459239,0.17771335
40.79101833,-73.95653167,0.0,0.0
40.77597333,-73.94396667,1.5353981,0.18221188
40.78499833,-73.98472333,0.7656765,0.046621464
40.77330833,-73.94893667,2.2365272,0.3376198
40.78573,-73.98470667,0.56711674,0.016952364
40.75916167,-73.96068667,4.1683326,0.21549022
40.79774,-73.951185,2.027498,0.1167777
40.797615,-73.95443833,1.1153374,0.054347537
40.76783,-73.97065667,1.9066755,0.18198101
40.783335,-73.95697833,3.0321467,0.28764066
40.78617833,-73.95362833,2.3252282,0.30500093
40.79653667,-73.93213833,1.884473,0.27173007
40.79676667,-73.95492333,0.31085715,0.0055032494
40.82287167,-73.887255,0.83174634,0.1406884
40.79073667,-73.95680833,0.16084287,0.0060764235
40.84343167,-73.92461167,1.2940166,0.16323069
40.80613167,-73.902365,0.46775633,0.19631824
40.81362667,-73.89948167,1.169501,0.20919806
40.78071167,-73.9465,3.694655,0.26070306
40.805955,-73.947145,1.6035314,0.28828526
40.80953,-73.95983667,2.2819178,0.29961064
40.79690667,-73.95479667,0.31085715,0.0055032494
40.78186167,-73.945695,3.041411,0.18746012
40.791,-73.971625,2.7003298,0.29396924
40.7908,-73.97831833,2.5081992,0.25788718
40.79080333,-73.97892167,2.209782,0.19898614
40.8226,-73.88750833,0.83174634,0.1406884
40.78434667,-73.983185,1.7840503,0.19383709
40.7966,-73.97217667,2.862446,0.28070465
40.78591667,-73.94266,2.5596871,0.18576641
40.77342667,-73.94932167,2.2296894,0.3452702
40.77396333,-73.98251167,4.281227,0.32733613
40.77660833,-73.94351667,1.2229117,0.11855774
40.79038833,-73.95702833,0.16084287,0.0060764235
40.806175,-73.96737333,2.2191305,0.13679048
40.78188,-73.95818167,3.7798927,0.2962771
40.816245,-73.94980333,1.8063216,0.14098813
40.83678667,-73.91806833,1.6042993,0.28074166
40.77375833,-73.95192833,2.198479,0.33045036
40.79000333,-73.95868167,0.11068355,0.0047801035
40.773365,-73.96004167,2.7272625,0.3357766
40.806685,-73.89871333,0.5388274,0.18503018
40.843095,-73.92465667,1.2940166,0.16323069
40.76888333,-73.98121,5.091551,0.16327935
40.78656667,-73.954495,2.3202932,0.27928135
40.77355667,-73.95993833,2.5387836,0.33266178
40.790915,-73.97859167,2.5081992,0.25788718
40.76849333,-73.95254167,2.3255901,0.28501195
40.79723333,-73.97175333,2.9569623,0.26286855
40.79215333,-73.96372167,1.041937,0.09085844
40.78659167,-73.95286,2.426671,0.27685428
40.75933833,-73.961075,3.9933372,0.24864024
40.79645333,-73.97226167,2.862446,0.28070465
40.80002167,-73.96766833,2.1146717,0.2872829
40.79414667,-73.949095,2.8929815,0.20154381
40.797535,-73.96059167,1.05893,0.1612809
40.795155,-73.93322,1.4268498,0.1998233
40.78681,-73.94806167,2.7582142,0.18272263
40.81350667,-73.899135,0.95582134,0.19805416
40.84315667,-73.90962667,1.8134769,0.1750801
40.76121,-73.95757833,4.522514,0.18652718
40.83735333,-73.91770833,1.56144,0.30326942
40.77075833,-73.98724667,4.428802,0.31547236
40.80615167,-73.87953667,0.34863883,0.079133384
40.765805,-73.97206,4.162638,0.19978988
40.83370667,-73.9024,1.6791911,0.20323488
40.79562833,-73.95461833,0.0,0.0
40.811215,-73.90329667,0.824392,0.19869843
40.79555833,-73.93413833,1.285363,0.24054934
40.81547667,-73.90040833,1.2402958,0.2229754
40.80417,-73.95488,1.781202,0.30687758
40.84413333,-73.92372,1.4504361,0.13964358
40.80892667,-73.895605,0.6828612,0.20227641
40.7693,-73.95195833,2.4921691,0.25159165
40.84142667,-73.92564667,1.6103805,0.19623655
40.79075333,-73.942635,1.9291018,0.23291624
40.83194167,-73.92131667,1.8668108,0.22724512
40.77091833,-73.98715333,4.428802,0.31547236
40.81051333,-73.89874,0.6768506,0.17307472
40.81975,-73.897585,1.2320886,0.17678678
40.843665,-73.90627,1.1436152,0.17839262
40.767875,-73.970495,1.9066755,0.18198101
40.79014833,-73.941085,2.2546651,0.21620432
40.79409667,-73.97013333,2.11157,0.26420623
40.80541333,-73.88117167,0.23474583,0.126216
40.84028333,-73.91002833,1.4518985,0.19817306
40.80749333,-73.88944167,0.4668396,0.23231174
40.75951,-73.95901667,4.8942266,0.14477101
40.817495,-73.90356167,1.4958957,0.20390955
40.807605,-73.96688667,2.4572163,0.1608446
40.786255,-73.97541167,2.1134212,0.32153565
40.835245,-73.912915,1.3784423,0.26747677
40.81892,-73.89614833,1.1676501,0.19562124
40.78149167,-73.95433333,2.7135966,0.34285083
40.84229167,-73.92512667,1.6103415,0.2061906
40.80517667,-73.90222167,0.6522035,0.1387689
40.83730333,-73.917745,1.56144,0.30326942
40.76218833,-73.95701833,4.451455,0.21165343
40.83208833,-73.91789333,1.7089351,0.28368
40.76223,-73.956985,4.451455,0.21165343
40.75945667,-73.96148333,3.9933372,0.24864024
40.84112667,-73.90956,1.6291457,0.16035236
40.7854,-73.94763167,2.6261861,0.18986055
40.765855,-73.97201333,4.162638,0.19978988
40.76086,-73.95799667,4.522514,0.18652718
40.76041333,-73.96383333,2.141247,0.30810493
40.80545833,-73.88087333,0.23474583,0.126216
40.782095,-73.98283833,2.6992588,0.28008145
40.785155,-73.94646,2.3180633,0.189795
40.84341,-73.90953333,1.8134769,0.1750801
40.793605,-73.969145,2.3377302,0.25477576
40.79004833,-73.94900333,2.2277067,0.21145725
40.80547333,-73.95807667,1.6346234,0.2076465
40.780215,-73.98504833,3.1659155,0.2388343
40.84277667,-73.89324667,1.5379945,0.10050752
40.786845,-73.95255667,2.419802,0.26057827
40.79237667,-73.95508,0.5443033,0.022036664
40.841025,-73.92208333,1.2224207,0.23499359
40.842125,-73.892235,1.4074358,0.110078335
40.80855,-73.88972167,0.5517296,0.3273571
40.75958833,-73.958945,4.8942266,0.14477101
40.76490833,-73.96860667,2.9296792,0.34276593
40.81226,-73.95697833,3.226137,0.15644193
40.76693167,-73.971345,1.8871819,0.15073235
40.82323333,-73.88797,1.1126536,0.17043786
40.79340167,-73.97463167,2.7539694,0.3041337
40.785135,-73.946495,2.3180633,0.189795
40.79158,-73.95584,0.28797677,0.012633085
40.84419667,-73.91757833,0.9788626,0.18441342
40.81484833,-73.90011833,1.1895717,0.23349586
40.76595333,-73.97195667,4.162638,0.19978988
40.767035,-73.97126833,1.8871819,0.15073235
40.7991,-73.93475833,1.9533328,0.21043596
40.76495667,-73.96877667,2.9296792,0.34276593
40.79514333,-73.94826333,3.3577545,0.1945164
40.79778667,-73.971365,3.1265557,0.30184495
40.79191833,-73.95539167,0.5443033,0.022036664
40.7742,-73.95947,2.6894488,0.3278553
40.772585,-73.96063833,2.5008354,0.34149322
40.80943333,-73.903525,0.5608101,0.116298094
40.76733,-73.971035,1.8871819,0.15073235
40.80945167,-73.90302833,0.5608101,0.116298094
40.78214667,-73.957995,3.4032252,0.2685984
40.79019833,-73.949355,2.7077963,0.1725457
40.81173833,-73.95730833,3.226137,0.15644193
40.77413167,-73.95949333,2.6894488,0.3278553
40.79134,-73.97253333,2.7712367,0.29030094
40.76757167,-73.970795,1.8871819,0.15073235
40.80805833,-73.964165,3.3306177,0.21938111
40.774125,-73.952775,2.0569494,0.33678475
40.800805,-73.96780333,2.2234292,0.29938832
40.77790333,-73.94580833,2.5785613,0.32165012
40.77318667,-73.960155,2.7272625,0.3357766
40.77407667,-73.95950833,2.6894488,0.3278553
40.842745,-73.90968333,1.8134769,0.1750801
40.80889833,-73.89594667,0.71342283,0.1966271
40.79741333,-73.93151,2.1683662,0.22591558
40.797755,-73.96144,1.3173393,0.20762578
40.79770167,-73.95109333,2.027498,0.1167777
40.79168167,-73.95569667,0.28797677,0.012633085
40.80831,-73.96358167,3.3306177,0.21938111
40.84411,-73.91739333,0.9788626,0.18441342
40.79453667,-73.96988833,2.4386475,0.26785648
40.80643333,-73.879635,0.34863883,0.079133384
40.79355167,-73.96904,2.3377302,0.25477576
40.775965,-73.983515,3.9817944,0.26349744
40.84416833,-73.91753833,0.9788626,0.18441342
40.76125333,-73.95755667,4.522514,0.18652718
40.78030667,-73.98553167,2.5033026,0.21788304
40.78470667,-73.94354333,2.6310794,0.14614117
40.84131333,-73.92570833,1.6103805,0.19623655
40.78652,-73.97783167,2.5199845,0.305321
40.80602167,-73.95793167,1.6346234,0.2076465
40.765515,-73.972215,4.162638,0.19978988
40.79043667,-73.97948333,2.209782,0.19898614
40.84361667,-73.90565167,1.1436152,0.17839262
40.81940667,-73.89642,1.1676501,0.19562124
40.76878333,-73.972105,0.6614888,0.023658397
40.84403833,-73.92396833,1.4504361,0.13964358
40.76729167,-73.97109,1.8871819,0.15073235
40.80930667,-73.90371167,0.5608101,0.116298094
40.81096833,-73.95429833,1.9634547,0.20538527
40.83376333,-73.90236333,1.6791911,0.20323488
40.84268,-73.89312667,1.5379945,0.10050752
40.81085833,-73.95801667,3.0620573,0.17739515
40.806325,-73.94812,1.6232191,0.3029225
40.80256,-73.90793333,0.74611825,0.2654463
40.77346333,-73.94937833,2.2296894,0.3452702
40.78015333,-73.98492333,2.3598847,0.28579962
40.794275,-73.970135,2.11157,0.26420623
40.809025,-73.89464833,0.6936277,0.21458402
40.81426333,-73.899735,1.1895717,0.23349586
40.809555,-73.90311167,0.5608101,0.116298094
40.809115,-73.96292,3.1256783,0.20897175
40.78233333,-73.95783,3.4032252,0.2685984
40.806415,-73.88759333,0.39046463,0.18486631
40.80860333,-73.96336167,3.352972,0.2335774
40.81740667,-73.95013333,2.0345066,0.15445228
40.79564833,-73.954585,0.0,0.0
40.817455,-73.903075,1.4958957,0.20390955
40.79130833,-73.95623667,0.28797677,0.012633085
40.84535833,-73.91732667,1.0332172,0.17244351
40.84362,-73.90507833,1.0856336,0.19962129
40.77346667,-73.951195,2.198479,0.33045036
40.81729167,-73.90236167,1.2116182,0.2112717
40.80168167,-73.96040833,2.2945666,0.18218449
40.78727667,-73.944875,2.9309661,0.18382588
40.77126667,-73.98692,4.428802,0.31547236
40.78649167,-73.94251333,2.5596871,0.18576641
40.79031333,-73.95009667,2.7077963,0.1725457
40.804875,-73.884795,0.33409497,0.17664984
40.82247167,-73.95473333,1.732168,0.19761485
40.78921333,-73.947025,2.1565456,0.22128227
40.78557667,-73.94809667,2.6261861,0.18986055
40.80473,-73.95631167,1.6986749,0.3049482
40.81544167,-73.906315,2.3181489,0.16711254
40.84464833,-73.906095,1.2912674,0.22785084
40.76914833,-73.98854333,3.3431883,0.39484143
40.82298167,-73.95643167,1.5477138,0.115701444
40.799075,-73.96454833,1.9363612,0.24773347
40.77375167,-73.95014667,2.2296894,0.3452702
40.83540667,-73.90134833,1.3970337,0.18047488
40.80789833,-73.89738667,0.7453275,0.19533409
40.845115,-73.91745,1.058106,0.17171218
40.80801667,-73.904615,0.5372469,0.08375934
40.827285,-73.91316,1.4314957,0.18885925
40.83562167,-73.914005,1.6164212,0.25644493
40.82942333,-73.91233667,1.3359005,0.26116273
40.79915667,-73.96472333,1.9363612,0.24773347
40.82940167,-73.91226833,1.3359005,0.26116273
40.83290167,-73.91735333,1.843696,0.27391654
40.81755667,-73.953495,2.0992615,0.2030891
40.82632333,-73.90972167,1.3409,0.21550007
40.77681833,-73.95696333,2.3931777,0.33580458
40.80412167,-73.91689667,1.5620941,0.14310843
40.84391667,-73.894685,1.6395636,0.075835735
40.83496167,-73.91581333,1.732182,0.28023484
40.82145833,-73.89158833,1.3019482,0.2478673
40.83334167,-73.91717,1.843696,0.27391654
40.79961667,-73.93579667,1.9315773,0.23358168
40.82669667,-73.909525,1.2103848,0.21389107
40.826975,-73.925235,1.3288052,0.15753427
40.81751,-73.90352,1.4958957,0.20390955
40.83936333,-73.91058667,1.4469779,0.18917015
40.82338833,-73.92255,2.1432152,0.16991283
40.818075,-73.95286,2.0693362,0.21618015
40.84474833,-73.9122,1.8267583,0.22552952
40.81188,-73.903805,0.98284125,0.2370055
40.83529333,-73.92686333,1.4029218,0.22556978
40.843765,-73.90882667,1.6229496,0.1867511
40.77586333,-73.99138833,4.236361,0.046355132
40.80243333,-73.962415,2.305028,0.21834713
40.84425667,-73.893215,1.7359463,0.118399695
40.81923333,-73.89811667,1.2137082,0.18540622
40.84407833,-73.89667833,1.1309273,0.11942926
40.84127,-73.92572833,1.6103805,0.19623655
40.84387167,-73.89257667,1.5147991,0.16654535
40.774705,-73.95827667,2.3950634,0.32696167
40.80229333,-73.93841,1.7933562,0.23248987
40.79930667,-73.96528333,1.9363612,0.24773347
40.79698333,-73.94929167,2.4918628,0.19454113
40.81553333,-73.88392667,0.5954519,0.2009167
40.83639,-73.89794333,0.41451755,0.018865885
40.80842,-73.896715,0.7453275,0.19533409
40.76938833,-73.98891833,3.2458756,0.36772978
40.808115,-73.90439333,0.5372469,0.08375934
40.83536667,-73.91538833,1.732182,0.28023484
40.766505,-73.97155833,2.882295,0.21502338
40.77345667,-73.95496167,1.9975891,0.33444974
40.79310667,-73.94806667,3.114443,0.17771468
40.79474167,-73.97364167,2.6572964,0.2704302
40.80499,-73.95694833,1.5959086,0.23247807
40.81585833,-73.90419833,1.6790277,0.18018258
40.83408,-73.92742833,1.3554454,0.2271841
40.844005,-73.91715167,0.9788626,0.18441342
40.82223833,-73.957195,1.5477138,0.115701444
40.8415,-73.90078,0.93787295,0.28513357
40.80716333,-73.95710667,1.6839387,0.20539232
40.77551333,-73.95403167,2.0659423,0.34033254
40.80406833,-73.91676667,1.5620941,0.14310843
40.81758333,-73.89541,0.9887689,0.18333381
40.80907833,-73.894235,0.6936277,0.21458402
40.80835167,-73.90390667,0.5372469,0.08375934
40.81734,-73.89524667,0.9887689,0.18333381
40.78876833,-73.95109833,2.746125,0.23346129
40.82153167,-73.891595,1.3019482,0.2478673
40.801385,-73.95975,1.888914,0.17731334
40.80167,-73.94890167,1.7454095,0.25058538
40.80389833,-73.96678333,2.548938,0.28267398
40.79813333,-73.93246333,2.409436,0.17537695
40.76059167,-73.964275,2.141247,0.30810493
40.76615667,-73.97178833,2.770149,0.13761346
40.809555,-73.95899333,2.069229,0.25678948
40.83522167,-73.91556667,1.732182,0.28023484
40.79784833,-73.961635,1.3173393,0.20762578
40.78528667,-73.94739333,2.4969404,0.1957212
40.77490333,-73.95279,2.0569494,0.33678475
40.84354333,-73.919065,1.2285808,0.17642197
40.834865,-73.92630833,1.4029218,0.22556978
40.81882333,-73.95199333,1.7766689,0.2260985
40.80039333,-73.93536833,2.089574,0.23113832
40.821185,-73.89158333,1.2359269,0.23719229
40.79816,-73.96228333,1.7209489,0.2621654
40.79293,-73.947745,3.114443,0.17771468
40.81943,-73.89792833,1.2137082,0.18540622
40.80564167,-73.87980333,0.28580517,0.08757461
40.78076833,-73.95477667,2.9908109,0.33872113
40.77378667,-73.956035,1.9805173,0.33739293
40.80095333,-73.93538667,2.029487,0.21814673
40.834035,-73.92721,1.3554454,0.2271841
40.7632,-73.95703667,3.9902718,0.26095706
40.76001667,-73.95860333,4.9640403,0.1845224
40.80231667,-73.962185,2.305028,0.21834713
40.77446667,-73.95936,2.6894488,0.3278553
40.82978,-73.91331167,1.4657221,0.24753548
40.84396167,-73.895245,1.6016767,0.061277833
40.84424,-73.90502167,1.0856336,0.19962129
40.799195,-73.96481667,1.9363612,0.24773347
40.83182,-73.92139333,1.975357,0.23568425
40.84626833,-73.91755,1.1049536,0.17717369
40.806315,-73.88854167,0.39462817,0.17171234
40.794275,-73.95483667,0.0,0.0
40.769325,-73.98883667,3.2458756,0.36772978
40.78615167,-73.94841667,2.2486608,0.19044459
40.83857333,-73.91302167,1.8060609,0.2413038
40.76429833,-73.95843667,3.0059159,0.3257893
40.84400167,-73.89597667,1.5270219,0.08006892
40.8087,-73.90328,0.44042766,0.08170557
40.80768,-73.90519333,0.6609553,0.121781975
40.79783833,-73.93185,2.1683662,0.22591558
40.81329,-73.88334667,0.536563,0.19373547
40.78349667,-73.98191333,2.57614,0.28728256
40.773545,-73.95489333,1.9975891,0.33444974
40.76536333,-73.96964,3.1119301,0.34259677
40.80140333,-73.959795,1.888914,0.17731334
40.84560167,-73.91729,1.0332172,0.17244351
40.83541667,-73.92724333,1.4445586,0.22545885
40.81907833,-73.89827833,1.2137082,0.18540622
40.83325167,-73.91718167,1.843696,0.27391654
40.844505,-73.91836667,1.114391,0.16286469
40.80504,-73.88595,0.3015471,0.099564254
40.83506167,-73.91238,1.2442434,0.26290768
40.84372,-73.91654667,1.0855601,0.19709353
40.79819333,-73.953765,1.535388,0.11816968
40.76510667,-73.96897,3.597634,0.3469725
40.76930833,-73.98839833,3.3431883,0.39484143
40.80364333,-73.9536,1.7576045,0.28644347
40.84446,-73.89359333,1.5687821,0.14638141
40.83859333,-73.92751833,1.932304,0.15618354
40.82077167,-73.88758833,0.95189345,0.19715165
40.774565,-73.95790833,2.218128,0.32686207
40.78616,-73.94574333,2.6822364,0.167651
40.840805,-73.90973,1.3518802,0.15658727
40.83655833,-73.89895667,0.6018469,0.05005235
40.79436,-73.948925,2.8929815,0.20154381
40.81886667,-73.89852833,1.1525624,0.18484585
40.81846333,-73.89892167,1.1813141,0.19996192
40.80901833,-73.894965,0.6828612,0.20227641
40.81632333,-73.95905167,1.9001389,0.18820721
40.76966,-73.988065,4.0590124,0.36823487
40.77465667,-73.95814667,2.218128,0.32686207
40.80942667,-73.95968167,2.2819178,0.29961064
40.774715,-73.95230333,2.0569494,0.33678475
40.80660333,-73.87966833,0.34870696,0.10586385
40.76518667,-73.96921333,3.1119301,0.34259677
40.76985833,-73.98791333,4.0590124,0.36823487
40.82072333,-73.887645,0.95189345,0.19715165
40.82512667,-73.92759667,1.5404024,0.15664625
40.79444,-73.95475667,0.0,0.0
40.8438,-73.90928667,1.8771522,0.19425945
40.80849833,-73.90280667,0.3640779,0.1066758
40.83876333,-73.896405,0.15454017,0.004579854
40.79105833,-73.943345,1.7006804,0.23526362
40.809135,-73.89379667,0.6356429,0.24090984
40.83860333,-73.92758167,1.932304,0.15618354
40.82962667,-73.929355,0.9651158,0.12762813
40.79442333,-73.94887667,2.8929815,0.20154381
40.78071333,-73.95904833,3.3444245,0.28624597
40.77465167,-73.95209833,2.0569494,0.33678475
40.78222,-73.98273833,2.6992588,0.28008145
40.769195,-73.98848167,3.3431883,0.39484143
40.81810833,-73.95282333,1.8334417,0.23474747
40.82505333,-73.92761833,1.5404024,0.15664625
40.826115,-73.90984333,1.3409,0.21550007
40.77417667,-73.98481667,3.855282,0.30325967
40.805795,-73.88612167,0.3782568,0.1807016
40.81779333,-73.89464333,1.0892183,0.1816362
40.79587667,-73.954065,0.0,0.0
40.79487333,-73.94844833,3.104491,0.20738737
40.80943333,-73.95912167,2.2819178,0.29961064
40.80831333,-73.96473333,3.3521223,0.21738836
40.80208333,-73.93796167,1.7933562,0.23248987
40.795215,-73.94821333,3.3577545,0.1945164
40.81402333,-73.95698167,2.8563373,0.1801977
40.770145,-73.98765833,4.1600485,0.34359655
40.77503167,-73.95334333,1.9504561,0.35121146
40.83627167,-73.89783167,0.5580881,0.04847661
40.76979667,-73.95161833,2.7178936,0.28646103
40.8127,-73.88209833,0.46280903,0.19083351
40.83470833,-73.911355,1.1459216,0.26556864
40.84469167,-73.90652333,1.3611195,0.22331311
40.81029833,-73.96174333,2.7214851,0.2583641
40.79424833,-73.954845,0.0,0.0
40.85229167,-73.93846833,2.100478,0.28622085
40.79610667,-73.93244833,1.5609751,0.2651268
40.834185,-73.91649,1.8464868,0.28433505
40.80401333,-73.95451,1.7908095,0.29114148
40.80265333,-73.96290333,2.5348668,0.26898825
40.76455833,-73.95828167,3.0059159,0.3257893
40.840695,-73.895195,0.5845859,0.016542803
40.80008,-73.94478333,1.6506902,0.2152992
40.83337667,-73.90266,1.7007093,0.23141679
40.84419667,-73.89440833,1.6395636,0.075835735
40.808575,-73.90281667,0.3640779,0.1066758
40.76869333,-73.95429333,2.3054452,0.36697045
40.81861,-73.88908167,1.0521678,0.19452329
40.81534,-73.90456667,1.6790277,0.18018258
40.762765,-73.95658667,3.9902718,0.26095706
40.81880333,-73.898605,1.1525624,0.18484585
40.81410333,-73.88737833,0.9674165,0.23721418
40.774265,-73.98473833,3.855282,0.30325967
40.82134,-73.927855,1.3816414,0.15316539
40.84086667,-73.9097,1.6291457,0.16035236
40.774745,-73.984385,3.855282,0.30325967
40.814255,-73.957215,2.9430513,0.16611822
40.79894167,-73.964235,2.2297451,0.23197295
40.82690167,-73.91369,1.4630322,0.2066906
40.82254333,-73.953395,1.9129132,0.24545716
40.77728833,-73.95733167,2.4995139,0.32603943
40.80421833,-73.91549333,1.2640234,0.16706474
40.81152667,-73.880915,0.45267594,0.1817609
40.83434333,-73.91990833,1.7474196,0.24754867
40.833665,-73.92032667,1.797052,0.23554176
40.82685167,-73.91376333,1.4630322,0.2066906
40.76511333,-73.97042333,4.316239,0.3426451
40.79196833,-73.94539667,1.9583926,0.24819027
40.811645,-73.94658833,2.041969,0.24023418
40.81815,-73.89910667,1.1813141,0.19996192
40.80235333,-73.94311667,1.5733925,0.17454726
40.801715,-73.96771833,2.3334897,0.28756225
40.83861167,-73.91312333,1.8060609,0.2413038
40.823425,-73.888585,1.3342819,0.19798945
40.82608167,-73.92573667,1.5064751,0.1656416
40.79502333,-73.95396167,0.15659016,0.00019123692
40.82094333,-73.925275,1.9598984,0.1200135
40.814165,-73.88828333,1.2196525,0.21036716
40.81237833,-73.90457167,1.079484,0.23061079
40.808055,-73.95648833,1.9078171,0.19209263
40.77775833,-73.95703833,2.5904145,0.32606566
40.81642667,-73.91415667,0.9191367,0.16628858
40.81249667,-73.88502167,0.6734935,0.2588672
40.83907,-73.91440167,1.890442,0.27664283
40.81158333,-73.91688333,1.454004,0.2171972
40.768995,-73.95503667,2.1862133,0.36357337
40.80872333,-73.89778667,0.7462953,0.21051061
40.816435,-73.88768667,1.3727607,0.1847541
40.81832667,-73.91684167,1.2039486,0.2682576
40.82156,-73.928015,1.4403665,0.208774
40.83239167,-73.90333667,1.7875667,0.21583495
40.77899667,-73.956075,2.7159793,0.34014338
40.82285333,-73.92338333,2.0900278,0.15147251
40.82591333,-73.88873167,1.0821573,0.23721193
40.822095,-73.95734167,1.8378801,0.14533125
40.80212,-73.94967,1.7211658,0.25527903
40.77415333,-73.95110833,2.119423,0.32919925
40.81819833,-73.916905,1.2039486,0.2682576
40.82876667,-73.92789,0.60196596,0.0739362
40.83191,-73.90241833,1.4188285,0.23283538
40.80067333,-73.94677167,2.4119337,0.21248545
40.83815,-73.91132167,1.3624307,0.2331568
40.81517667,-73.88640667,1.0683053,0.2093843
40.80516833,-73.88276167,0.28485274,0.18212487
40.76449167,-73.970955,4.7424526,0.3020285
40.85323,-73.93840833,2.1976855,0.2663548
40.828105,-73.95042167,1.4851012,0.19297355
40.82235,-73.92029667,3.4352705,0.13559856
40.82775167,-73.95137667,1.1596866,0.13063051
40.81825833,-73.89914,1.1813141,0.19996192
40.79999167,-73.94485333,1.9527619,0.2079162
40.77068333,-73.95094,2.5070002,0.28809
40.828835,-73.928,0.60196596,0.0739362
40.85694833,-73.93497,1.6452432,0.17864941
40.84130833,-73.900165,1.0166801,0.260158
40.799435,-73.93549,1.9315773,0.23358168
40.80914,-73.94836,1.6810669,0.277495
40.77655,-73.95611333,2.1713717,0.348088
40.81604167,-73.958805,1.9001389,0.18820721
40.76301,-73.95662833,3.9902718,0.26095706
40.80950667,-73.89142667,0.5558187,0.31621704
40.81802,-73.91336167,1.2014579,0.18479341
40.84339167,-73.915845,1.2966704,0.2571786
40.80934833,-73.94817,1.6810669,0.277495
40.80691833,-73.90655833,1.1380448,0.19623101
40.83221833,-73.90327333,1.7875667,0.21583495
40.84225833,-73.92103167,1.2487803,0.2106273
40.82040167,-73.91189833,1.3405746,0.2227929
40.80402167,-73.90588333,0.9107185,0.25221628
40.826655,-73.90573167,1.3570123,0.20970264
40.802315,-73.96764,2.3334897,0.28756225
40.82497833,-73.91044667,1.5228573,0.21710747
40.810705,-73.89537667,0.6168402,0.23452921
40.82158833,-73.91118,1.4074864,0.2213542
40.83162167,-73.90675333,1.8468354,0.17788732
40.81598167,-73.9144,0.9191367,0.16628858
40.77648833,-73.95602333,2.1713717,0.348088
40.82165333,-73.95771833,1.8378801,0.14533125
40.81915833,-73.95971333,1.2172447,0.13411924
40.80439,-73.93966333,1.5962722,0.22779378
40.83409167,-73.91657,1.8464868,0.28433505
40.814715,-73.88372333,0.57634073,0.19774048
40.82550667,-73.92625333,1.3036993,0.13980661
40.77490333,-73.958745,2.3950634,0.32696167
40.812295,-73.896195,0.5074995,0.17391942
40.81901,-73.90958667,1.6253867,0.15615706
40.81774,-73.95390833,2.470011,0.21649238
40.80501833,-73.94762833,1.5351781,0.2929006
40.83684667,-73.92711167,1.7672563,0.192295
40.770995,-73.950715,2.5070002,0.28809
40.81086667,-73.95317667,1.4358736,0.24469915
40.828295,-73.95087,1.4851012,0.19297355
40.80816,-73.95641667,1.6274972,0.20792085
40.81243,-73.90501167,1.1110305,0.21640402
40.83909667,-73.91447333,1.8429291,0.30926502
40.76700667,-73.95641333,2.6897216,0.36417514
40.79254,-73.94682833,2.3296964,0.21514504
40.83526833,-73.90144833,1.3970337,0.18047488
40.856515,-73.93510667,1.8986863,0.23991127
40.82633333,-73.95026,1.7161597,0.26612604
40.803115,-73.96389833,2.3245897,0.28123215
40.820025,-73.92680833,1.7630194,0.16787316
40.82212667,-73.949935,1.824993,0.2731867
40.791905,-73.94524667,1.9583926,0.24819027
40.81447167,-73.95747833,2.9807749,0.17358296
40.85225667,-73.938315,2.100478,0.28622085
40.81508167,-73.886315,1.0683053,0.2093843
40.80809,-73.90274667,0.3640779,0.1066758
40.80122333,-73.94783333,2.3487504,0.21965028
40.82135,-73.91785333,2.5217648,0.15813519
40.82991833,-73.90180167,1.1358117,0.23816894
40.83694667,-73.92715333,1.7672563,0.192295
40.813395,-73.90709,1.2456441,0.2462583
40.81255667,-73.90569167,1.2084591,0.22453602
40.77214333,-73.94996833,2.6223154,0.3096578
40.81817667,-73.95628833,2.9712145,0.22712667
40.80300167,-73.94262,1.5252316,0.14381978
40.80516167,-73.885985,0.3015471,0.099564254
40.80783667,-73.95663667,1.6839387,0.20539232
40.80955,-73.89108,0.50938606,0.33922386
40.819325,-73.90856667,1.7329522,0.1485716
40.80825667,-73.95634833,1.6274972,0.20792085
40.80397833,-73.905805,0.9107185,0.25221628
40.77099333,-73.99316333,3.1490324,0.25917512
40.83135333,-73.91834667,1.8836997,0.27274427
40.81414167,-73.88836667,1.2196525,0.21036716
40.8254,-73.94795,1.5438986,0.30789268
40.80539333,-73.94740833,1.6035314,0.28828526
40.81538333,-73.89838333,0.9337642,0.23339552
40.81696333,-73.88806167,1.3517708,0.21927513
40.83609333,-73.92751,1.6045941,0.20548138
40.82275167,-73.92344167,1.9078676,0.1351479
40.82993833,-73.92994333,1.0233661,0.114920385
40.82039667,-73.892005,1.2359269,0.23719229
40.81598,-73.958745,1.9001389,0.18820721
40.817515,-73.89825,1.0940542,0.22874646
40.83765167,-73.8973,0.3645737,0.008006195
40.83061667,-73.907355,1.3671634,0.19394702
40.77056833,-73.99219333,4.203312,0.32575592
40.809575,-73.890005,0.53411555,0.37919384
40.825195,-73.88873667,1.1417042,0.23252971
40.80363167,-73.96696,2.548938,0.28267398
40.77238,-73.94979667,2.3346462,0.33428285
40.80240833,-73.967625,2.3334897,0.28756225
40.8267,-73.91402,1.4630322,0.2066906
40.83859667,-73.92663333,1.6993221,0.18838193
40.80629333,-73.889,0.3986145,0.17613228
40.840655,-73.90162333,0.78988487,0.28557986
40.81513667,-73.88382333,0.5954519,0.2009167
40.81886667,-73.95991167,1.2172447,0.13411924
40.82002667,-73.90819833,1.318871,0.18069334
40.82146167,-73.92796333,1.4403665,0.208774
40.813665,-73.94582167,1.9675442,0.24285868
40.81824167,-73.91688167,1.2039486,0.2682576
40.81805667,-73.91344833,1.2014579,0.18479341
40.83864333,-73.91319,1.8060609,0.2413038
40.81979333,-73.90831333,1.2665298,0.18123938
40.80110833,-73.94402167,1.657031,0.21637139
40.82469667,-73.91057667,1.5680622,0.21074934
40.80343833,-73.96708833,2.548938,0.28267398
40.83186833,-73.90664667,1.8468354,0.17788732
40.80724,-73.906675,1.165319,0.18919772
40.82268,-73.95321333,1.9129132,0.24545716
40.768935,-73.95505833,2.1862133,0.36357337
40.83277167,-73.903065,1.7875667,0.21583495
40.82208667,-73.910895,1.4074864,0.2213542
40.8232,-73.92321333,2.1432152,0.16991283
40.819245,-73.913715,1.3674645,0.2326303
40.83648333,-73.92732,1.7672563,0.192295
40.83076167,-73.91877,1.7881273,0.2807357
40.81623167,-73.89753667,1.0332352,0.24582772
40.82138167,-73.91799833,2.5217648,0.15813519
40.80097333,-73.94412833,1.657031,0.21637139
40.806535,-73.88917833,0.3986145,0.17613228
40.84036333,-73.90180333,0.78988487,0.28557986
40.81302833,-73.90721167,1.2314178,0.23739147
40.804805,-73.88511833,0.3341891,0.13257211
40.83454333,-73.91979,1.9022996,0.26526845
40.83864667,-73.926155,1.6993221,0.18838193
40.79501,-73.95398833,0.15659016,0.00019123692
40.80662333,-73.94895833,1.5757337,0.29880583
40.81745333,-73.89815667,1.0940542,0.22874646
40.84501833,-73.91352333,1.5534775,0.21185948
40.82098,-73.88721,0.95189345,0.19715165
40.817855,-73.95652667,2.742341,0.20899676
40.79483167,-73.95433667,0.15659016,0.00019123692
40.77713667,-73.957435,2.4995139,0.32603943
40.81925333,-73.90859833,1.7329522,0.1485716
40.81244,-73.89488,0.4975561,0.19254506
40.76173167,-73.96657,3.4867022,0.36912972
40.82695167,-73.94724833,1.5244689,0.3116311
40.78497667,-73.94679,2.4969404,0.1957212
40.8219,-73.888435,1.0844318,0.16381004
40.82236,-73.95447667,1.833068,0.23167959
40.81788667,-73.95979833,1.3625864,0.14775057
40.83744,-73.89967667,0.72562164,0.10038096
40.82527167,-73.888725,1.1417042,0.23252971
40.84128667,-73.92176167,1.2224207,0.23499359
40.80174667,-73.949105,1.7454095,0.25058538
40.84341333,-73.91587667,1.2966704,0.2571786
40.82013167,-73.88858,1.0152661,0.17296
40.83858167,-73.92720833,1.932304,0.15618354
40.822655,-73.9235,1.9078676,0.1351479
40.83583,-73.9024,1.7240405,0.17466734
40.804945,-73.94767833,1.5351781,0.2929006
40.82152833,-73.95045333,1.8025978,0.26351628
40.81788167,-73.91705833,1.2039486,0.2682576
40.81590167,-73.91444167,0.9191367,0.16628858
40.76961833,-73.989665,4.1636753,0.3614407
40.83799667,-73.9277,1.881068,0.17906202
40.82614,-73.88897,1.0821573,0.23721193
40.83855167,-73.90213833,1.1674615,0.19413212
40.76470333,-73.97289833,4.6769547,0.23587583
40.85557833,-73.93567,1.8626001,0.26809132
40.82728667,-73.92505,1.4545497,0.17781612
40.82537,-73.9076,1.413576,0.21325634
40.8224,-73.95227333,1.8600513,0.25528052
40.84207833,-73.92109333,1.2487803,0.2106273
40.82969667,-73.90787,1.1761467,0.21337666
40.81185167,-73.925565,1.7087483,0.21217735
40.80381,-73.92020333,1.3452896,0.1811901
40.81133333,-73.91703333,1.4462557,0.20204075
40.83927167,-73.91502,1.8429291,0.30926502
40.81451333,-73.91529833,0.93501335,0.19184397
40.80464333,-73.95131833,1.5817152,0.2821743
40.83100833,-73.90041833,1.1024595,0.2279409
40.804365,-73.90781667,1.0472244,0.25826663
40.80860167,-73.96556,2.9124455,0.17681463
40.81764833,-73.91344333,1.152414,0.17154056
40.80523167,-73.94750333,1.6103146,0.30563104
40.814055,-73.91556,1.2028288,0.25059634
40.80491833,-73.88591667,0.3015471,0.099564254
40.82062667,-73.91577333,1.4708139,0.21390232
40.80379833,-73.942,1.5078949,0.14531259
40.81059333,-73.92731333,1.6833915,0.20347343
40.85748,-73.929665,1.9900551,0.2663014
40.81254,-73.95325333,1.6058501,0.2696875
40.832545,-73.93138833,1.4284024,0.14826329
40.827805,-73.90421,1.3244352,0.22173376
40.82658,-73.950725,1.626183,0.23379368
40.81372333,-73.90694833,1.2456441,0.2462583
40.76460167,-73.97295833,4.6769547,0.23587583
40.82172333,-73.91921833,3.1293073,0.12264807
40.813085,-73.92314833,2.2223108,0.15865758
40.81392,-73.88961,0.72524333,0.20858276
40.76980833,-73.99017,4.1636753,0.3614407
40.831875,-73.90232333,1.4188285,0.23283538
40.81767667,-73.92969667,1.6570759,0.14578566
40.81320333,-73.94546167,1.7911496,0.2559571
40.81345333,-73.885275,0.75633705,0.23627333
40.81961667,-73.95940167,1.2066627,0.12213272
40.81814,-73.95471,2.8375638,0.2317468
40.81944333,-73.911395,1.2675188,0.18442188
40.83071167,-73.92000667,1.9285508,0.2574009
40.76987667,-73.99035333,4.1636753,0.3614407
40.80345167,-73.94227,1.6231732,0.13810337
40.81725667,-73.92993167,1.7972904,0.14031787
40.83688833,-73.927115,1.7672563,0.192295
40.82800833,-73.95013833,1.5971524,0.24751362
40.83146667,-73.90118833,1.270897,0.23213525
40.76247333,-73.96804833,4.4602137,0.36745653
40.82784333,-73.92565667,1.0996432,0.13694319
40.82799667,-73.95005,1.5971524,0.24751362
40.84351333,-73.91987667,1.2581613,0.17658272
40.812365,-73.91644667,1.3668228,0.23049088
40.81402833,-73.88888833,0.87426394,0.21334207
40.81474,-73.91512167,0.93501335,0.19184397
40.83737667,-73.92747833,1.881068,0.17906202
40.814145,-73.94713667,1.7770485,0.22859757
40.82126833,-73.95832667,1.6086694,0.10688014
40.83437667,-73.92855167,1.499655,0.22240032
40.80862333,-73.96563667,2.9124455,0.17681463
40.81327333,-73.92282667,2.3242455,0.17206375
40.81744,-73.88834167,1.3517708,0.21927513
40.82336833,-73.89170167,1.1518303,0.2659839
40.85924333,-73.932395,1.1460695,0.12668262
40.814825,-73.919775,1.2168093,0.27197468
40.81404333,-73.88878,0.87426394,0.21334207
40.764625,-73.97295167,4.6769547,0.23587583
40.80459167,-73.90818667,1.0472244,0.25826663
40.813245,-73.92286667,2.3242455,0.17206375
40.81278833,-73.91622,1.3894749,0.21586819
40.80390167,-73.92041333,1.3452896,0.1811901
40.81099833,-73.90983333,1.4862684,0.17500809
40.82724,-73.925075,1.4545497,0.17781612
40.83019833,-73.91389667,1.5601947,0.28383946
40.80953333,-73.94804833,1.6810669,0.277495
40.82303667,-73.891675,1.1518303,0.2659839
40.83259333,-73.93136167,1.4284024,0.14826329
40.83463667,-73.92967333,1.4865226,0.14574383
40.82489667,-73.908085,1.413576,0.21325634
40.81839333,-73.95611833,2.9712145,0.22712667
40.76263,-73.968215,4.4602137,0.36745653
40.829785,-73.93088833,0.86591023,0.09543811
40.7619,-73.96700833,3.4867022,0.36912972
40.81083,-73.91734333,1.3172075,0.20940895
40.82111167,-73.88534,0.77678317,0.18794106
40.82645,-73.95061333,1.7161597,0.26612604
40.81158833,-73.92607,1.7087483,0.21217735
40.80337,-73.94233333,1.5252316,0.14381978
40.83911833,-73.92587,1.5370282,0.21571949
40.808745,-73.947835,1.6194724,0.29870245
40.82117667,-73.88607833,0.7257386,0.20594265
40.81264667,-73.95296333,1.6058501,0.2696875
40.81564,-73.95690833,2.7231598,0.15724115
40.825845,-73.94897667,1.5458746,0.31320593
40.81370333,-73.94867167,2.6193192,0.17458677
40.82844833,-73.92735333,0.68611825,0.06877716
40.81333667,-73.92272167,2.3242455,0.17206375
40.83042667,-73.91376333,1.5601947,0.28383946
40.84415667,-73.89739333,1.1309273,0.11942926
40.81791833,-73.95433833,2.470011,0.21649238
40.821515,-73.91852333,2.936721,0.13773067
40.80163333,-73.94363333,1.6757251,0.21741988
40.80132833,-73.943845,1.6757251,0.21741988
40.834315,-73.92837667,1.499655,0.22240032
40.81921667,-73.91067833,1.2435912,0.16343138
40.84013167,-73.92539667,1.5787278,0.21012141
40.81359,-73.88531167,0.75633705,0.23627333
40.82975667,-73.90783333,1.1761467,0.21337666
40.815735,-73.89806167,0.9337642,0.23339552
40.81234667,-73.95340167,1.6058501,0.2696875
40.82249167,-73.95271167,1.8600513,0.25528052
40.814285,-73.89131167,0.65512013,0.17944008
40.82158333,-73.918755,2.936721,0.13773067
40.81678333,-73.93015333,1.7972904,0.14031787
40.823105,-73.89168,1.1518303,0.2659839
40.83219333,-73.93154167,1.3966508,0.104833946
40.76427,-73.97202167,4.799519,0.25468332
40.84482833,-73.90945333,1.9695811,0.21392143
40.80729333,-73.92837833,1.6173366,0.11327886
40.80452333,-73.92188333,0.94004905,0.1494193
40.80339667,-73.93818667,1.8067613,0.22017221
40.81888,-73.91659167,1.4790121,0.25852835
40.81246833,-73.94955167,2.2865276,0.1803661
40.81404833,-73.94690333,2.2774181,0.21767503
40.82136167,-73.92833,1.4403665,0.208774
40.80635667,-73.889095,0.3986145,0.17613228
40.82911,-73.90821167,1.274012,0.21729025
40.82586,-73.88949,1.0139232,0.22208431
40.85877333,-73.93146,1.2643425,0.1461492
40.81028333,-73.92198167,1.5136442,0.21487515
40.79804167,-73.95286667,1.1941798,0.07799628
40.80984,-73.92785833,1.6801661,0.17388123
40.80361167,-73.95214667,1.6852407,0.2889226
40.76284333,-73.96785833,3.8966272,0.37050626
40.814625,-73.89142833,0.65512013,0.17944008
40.81647667,-73.887725,1.3727607,0.1847541
40.83364,-73.89647333,0.92313844,0.18262476
40.80329833,-73.94238167,1.5252316,0.14381978
40.83959167,-73.92559,1.5370282,0.21571949
40.83264333,-73.931335,1.4284024,0.14826329
40.82449333,-73.91015167,1.5680622,0.21074934
40.82129,-73.92834,1.4403665,0.208774
40.81275833,-73.90656667,1.2314178,0.23739147
40.769775,-73.99008833,4.1636753,0.3614407
40.82084,-73.9158,1.4708139,0.21390232
40.82761833,-73.94916167,1.6873333,0.29170474
40.81524667,-73.95805167,2.4538445,0.16489708
40.81829,-73.92945667,1.7453911,0.18961659
40.81127667,-73.909725,1.4862684,0.17500809
40.77451333,-73.95420833,2.022066,0.32803917
40.80468333,-73.90828667,1.0121707,0.27477303
40.82680833,-73.94690333,1.5244689,0.3116311
40.844145,-73.89735667,1.1309273,0.11942926
40.82030833,-73.92698667,1.2162286,0.19883202
40.839385,-73.91536,1.6931105,0.31777868
40.842035,-73.92112333,1.2487803,0.2106273
40.81553333,-73.95826667,2.5053654,0.18819754
40.81315833,-73.88520667,0.6734935,0.2588672
40.81298167,-73.94563,1.7911496,0.2559571
40.815525,-73.93056167,1.4863653,0.1015036
40.803695,-73.91987833,1.3452896,0.1811901
40.80816,-73.90797167,1.0274721,0.18942803
40.85690667,-73.93263833,1.6640297,0.21710028
40.82208167,-73.92028833,3.08268,0.11885501
40.80601,-73.92541,0.96766436,0.06436453
40.810435,-73.92186333,1.5136442,0.21487515
40.809095,-73.91836833,1.2952083,0.2272791
40.82474667,-73.89153833,1.0583687,0.23952805
40.81019667,-73.90880333,1.0573806,0.25272202
40.83842,-73.916895,1.5203803,0.30451524
40.809715,-73.90743667,1.1069107,0.27662483
40.81009,-73.927665,1.7851535,0.17516965
40.83448,-73.930355,1.4263895,0.1661755
40.812825,-73.94932167,2.2865276,0.1803661
40.80444333,-73.91893833,1.4607823,0.16626297
40.80334667,-73.95302833,1.7960172,0.28375462
40.82368333,-73.89173,1.1518303,0.2659839
40.82123,-73.88556,0.77678317,0.18794106
40.8046,-73.94143833,1.3604386,0.17031103
40.81237667,-73.949585,2.2865276,0.1803661
40.80978667,-73.92964,1.4208252,0.16666321
40.85893667,-73.93136667,1.5227894,0.19791842
40.82996,-73.93151333,0.70265895,0.07250415
40.819655,-73.89152167,1.136732,0.19247751
40.81330167,-73.88524333,0.75633705,0.23627333
40.85518833,-73.93694167,1.9656572,0.23074536
40.83255833,-73.89838167,1.0135325,0.21045755
40.81559833,-73.91829333,1.1890622,0.30134058
40.80924333,-73.91826167,1.2952083,0.2272791
40.80470333,-73.91885167,1.6137451,0.14781375
40.82197333,-73.92003167,3.08268,0.11885501
40.815235,-73.95663333,2.7231598,0.15724115
40.85529333,-73.93583333,1.8626001,0.26809132
40.803095,-73.93839333,1.8067613,0.22017221
40.8145,-73.918875,1.0966054,0.28003037
40.81526667,-73.93057833,1.4863653,0.1015036
40.80337333,-73.95308667,1.7960172,0.28375462
40.814035,-73.955765,2.4294996,0.21854196
40.82389167,-73.89176333,1.1518303,0.2659839
40.80461833,-73.91887833,1.6137451,0.14781375
40.83068,-73.91359833,1.5601947,0.28383946
40.85740833,-73.93059667,1.8624779,0.24969926
40.83454167,-73.93030167,1.4263895,0.1661755
40.83276167,-73.89810667,1.0135325,0.21045755
40.857455,-73.93031667,1.9900551,0.2663014
40.80481167,-73.91867167,1.6137451,0.14781375
40.77010667,-73.99117,4.080597,0.38774765
40.81252333,-73.95107667,1.7071196,0.2366917
40.83233667,-73.89868,1.0681026,0.2099443
40.80829667,-73.94681833,1.6705713,0.3068854
40.81456,-73.91882667,1.0966054,0.28003037
40.81517333,-73.91906333,1.2085341,0.2959143
40.82887833,-73.908305,1.097218,0.24019411
40.85512833,-73.93696833,1.9656572,0.23074536
40.77016833,-73.99154333,3.9075763,0.39441487
40.81960833,-73.913395,1.4682039,0.21871892
40.81500833,-73.91942333,1.2085341,0.2959143
40.85722,-73.93105167,1.8624779,0.24969926
40.85552167,-73.936775,2.0045168,0.2660461
40.81204167,-73.94990333,2.2029467,0.20053802
40.85583333,-73.93666333,2.0045168,0.2660461
40.828855,-73.90831667,1.097218,0.24019411
40.81432167,-73.89132167,0.65512013,0.17944008
40.85713333,-73.93130333,1.8624779,0.24969926
40.81675667,-73.89203333,0.9283269,0.13229361
40.80973833,-73.92792667,1.6801661,0.17388123
40.80423333,-73.91932333,1.4116248,0.17718597
40.81467667,-73.91854833,1.0966054,0.28003037
40.82145,-73.95812833,1.8378801,0.14533125
40.81442,-73.95597,2.5672345,0.20477659
40.856415,-73.93626,1.912725,0.23260273
40.77018333,-73.99162667,3.9075763,0.39441487
40.82824,-73.9269,0.5828143,0.08885603
40.80425167,-73.92123667,1.121055,0.16700539
40.84107,-73.89917,1.1425049,0.19602242
40.82164667,-73.88878333,1.2289653,0.16874355
40.82412667,-73.90921167,1.5314294,0.20612869
40.80909833,-73.92884,1.5145699,0.15379432
40.82503167,-73.89103333,1.0341809,0.22295548
40.818105,-73.91491,1.1485275,0.23749094
40.80627833,-73.92616,1.5075709,0.08920662
40.80845833,-73.94718333,1.6705713,0.3068854
40.81610667,-73.91743333,1.2299367,0.29575956
40.80555833,-73.91445333,1.253128,0.2042912
40.817195,-73.91591667,1.1197487,0.26207784
40.814215,-73.91909667,1.2168093,0.27197468
40.81357667,-73.93051833,0.78303933,0.13357228
40.80937,-73.90755667,0.9381242,0.23101084
40.81619667,-73.91728,1.2299367,0.29575956
40.82432,-73.891795,1.0583687,0.23952805
40.82969667,-73.93133,0.86591023,0.09543811
40.85721333,-73.93543667,1.7265224,0.17961653
40.82498333,-73.89111167,1.0341809,0.22295548
40.81428833,-73.93073,0.999828,0.09757885
40.82487,-73.89134,0.9517779,0.20903492
40.818625,-73.89255833,1.1352779,0.18732226
40.857525,-73.93105667,1.8624779,0.24969926
40.80445,-73.91175833,0.8535616,0.21972519
40.80843333,-73.94712167,1.6705713,0.3068854
40.85603167,-73.933035,1.7474679,0.25318208
40.813145,-73.909155,1.7963408,0.181033
40.81104333,-73.92142333,1.6403091,0.20547473
40.81352833,-73.9304,0.78303933,0.13357228
40.80903667,-73.92879167,1.5145699,0.15379432
40.80518333,-73.91342167,0.9881334,0.22525515
40.812905,-73.92964667,0.73057765,0.14648028
40.80898833,-73.92874167,1.7703111,0.16022305
40.81502667,-73.91809667,1.1890622,0.30134058
40.854865,-73.93569667,1.6758609,0.27683967
40.81855,-73.89262167,1.1148635,0.15849571
40.81827167,-73.91469833,1.1485275,0.23749094
40.81395,-73.93084667,0.7439725,0.09250686
40.85452333,-73.93458833,1.5955379,0.25503877
40.80894167,-73.92854167,1.7703111,0.16022305
40.80492667,-73.912115,0.91135526,0.23044817
40.82198,-73.911665,1.4074864,0.2213542
40.81380333,-73.91938833,1.2467521,0.24977487
40.83317833,-73.93103333,1.4127825,0.14303795
40.85454167,-73.93464667,1.5955379,0.25503877
40.81541333,-73.91722333,1.2184013,0.28992632
40.80440167,-73.911645,0.8535616,0.21972519
