lat,long,building_height_res30_mean_51x51,building_height_std_res30_mean_51x51,building_year_res30_mean_51x51,building_area_res30_mean_51x51
40.78876333,-73.971665,82.22004,13.01384,1424.1011,2293.3296
40.788875,-73.97192833,83.16306,13.162359,1440.983,2323.206
40.78908,-73.96708,57.794334,8.110333,974.10065,1496.2582
40.78908167,-73.97255,84.55431,13.730918,1475.3578,2405.4817
40.78795333,-73.96969667,68.40128,10.449606,1193.6991,1916.8163
40.78418333,-73.97021167,47.7347,7.353137,874.0373,1436.9547
40.78470833,-73.96975167,47.289402,7.1751137,866.14276,1417.2386
40.78886333,-73.96676667,54.433456,7.665501,913.16534,1398.6855
40.788585,-73.97130333,79.89039,12.556005,1387.1465,2244.8142
40.78418333,-73.966635,32.136463,5.0387,585.1376,929.7004
40.78182667,-73.98672167,56.44975,7.6843944,690.96985,1140.9954
40.81512333,-73.95032333,59.540596,4.8366237,1505.6929,2207.758
40.76774167,-73.98230833,168.07309,32.710804,1462.9089,2747.762
40.78370667,-73.96508333,32.21409,4.8393135,533.21674,863.78876
40.77094667,-73.97968333,119.14542,22.110466,1100.722,1991.814
40.79593833,-73.95570333,37.819714,3.1588204,764.1177,1117.3282
40.78512667,-73.97289167,67.74571,11.248899,1283.2438,2133.5605
40.78309833,-73.95583833,85.870544,17.261335,1357.5612,2287.8918
40.781915,-73.96325,39.72243,7.4026203,623.2653,1033.1902
40.777375,-73.94459,56.55331,10.656126,936.5602,1539.385
40.78476,-73.97195,62.029423,9.98222,1171.9244,1936.7096
40.781725,-73.94579667,72.97996,12.091571,1244.034,1894.2695
40.78740333,-73.98071167,54.47846,9.751909,967.11945,1636.2822
40.758905,-73.96015833,93.372635,18.1208,1207.5145,2040.5996
40.78264333,-73.98460333,63.82913,9.616076,919.2376,1545.8478
40.79036333,-73.97688333,68.13637,11.876534,1259.162,2077.758
40.81563833,-73.94998833,58.201263,4.7924414,1525.4479,2252.7502
40.77889,-73.94784,84.58971,17.421085,1397.8358,2348.64
40.78934667,-73.973275,84.318184,14.075126,1492.2245,2436.2717
40.79867333,-73.95970667,47.50731,4.3255663,1001.3567,1520.0902
40.78009,-73.94704833,78.99796,14.895626,1322.7827,2162.6135
40.76795333,-73.982415,165.57147,31.755335,1478.6168,2774.2427
40.78694667,-73.97984667,62.14264,11.357044,1105.694,1873.904
40.78111,-73.98738167,62.858833,7.859185,695.8663,1150.6378
40.789975,-73.97607667,74.40972,12.793391,1368.5491,2254.198
40.79138333,-73.96195667,33.352573,3.2431293,542.30096,768.49146
40.78667,-73.97963,63.43361,11.627929,1127.5813,1911.7646
40.78251333,-73.95438833,94.37538,19.839767,1517.2986,2550.1038
40.79177333,-73.96295833,41.382713,4.273391,676.8817,968.4062
40.790355,-73.941705,60.304256,4.244424,1220.8651,1582.513
40.78309667,-73.98581667,52.672363,8.019868,718.98834,1200.5441
40.79022,-73.96991,77.31848,11.589849,1344.276,2100.1355
40.79833667,-73.95996333,47.375477,4.382988,990.5124,1503.2078
40.76804,-73.98242,163.63483,30.88441,1473.4071,2760.3352
40.77158667,-73.97728333,89.985374,15.986736,841.6438,1501.2317
40.77291833,-73.94637333,58.62316,11.872501,1029.115,1703.306
40.79016,-73.96973667,77.31848,11.589849,1344.276,2100.1355
40.796185,-73.95559167,38.758053,3.3352745,786.0374,1154.7285
40.75887667,-73.96010333,91.113976,17.434666,1171.8685,1974.0549
40.78978167,-73.97565,76.83286,13.140819,1404.817,2313.2698
40.79883167,-73.95958667,48.33728,4.45293,1025.0881,1554.9684
40.81433333,-73.95093167,60.934135,5.2190537,1493.4016,2208.263
40.76942167,-73.98085833,137.97575,27.545628,1267.6274,2327.2961
40.78273833,-73.96359333,36.389767,6.112611,568.7032,935.50635
40.78117,-73.96236,50.28018,10.62477,773.4136,1311.466
40.76812833,-73.98243167,163.63483,30.88441,1473.4071,2760.3352
40.78737833,-73.98065667,56.242924,9.988665,997.50665,1687.2422
40.79151333,-73.96223833,35.174976,3.415209,575.7928,812.70087
40.784905,-73.97228167,63.722584,10.322678,1204.2192,1994.1417
40.78302333,-73.984475,61.85598,9.5666485,899.0137,1505.9307
40.78964,-73.97515667,79.18194,13.48421,1438.5935,2360.9778
40.78093667,-73.96217833,51.75714,11.111807,796.46826,1348.8474
40.7896,-73.95764833,33.053806,4.643859,556.03296,881.48944
40.84138833,-73.89286,25.757065,3.1884432,1095.1803,1394.4596
40.78989667,-73.95836333,30.732132,4.1326566,511.6351,805.47595
40.79522,-73.93310667,40.506336,2.6301763,859.9902,1181.837
40.80721667,-73.898815,12.830129,0.11042473,725.68866,1237.0765
40.78651667,-73.975995,78.23342,13.77523,1425.0562,2373.8035
40.78789333,-73.98061167,53.51103,9.444943,959.80817,1631.9465
40.807085,-73.96706333,43.291836,5.1376414,774.9728,1259.7046
40.79345333,-73.96702333,73.04379,10.396779,1288.212,1954.3853
40.77439333,-73.98249667,120.216515,17.14586,1381.2195,2413.7544
40.79726333,-73.95459,42.783,3.4536595,883.7378,1296.4307
40.79543,-73.93384167,44.56956,3.1154091,955.44214,1306.8523
40.78633833,-73.97887167,68.11479,12.58728,1228.0793,2071.2224
40.78922667,-73.98053,47.78571,8.113096,866.5838,1460.8293
40.79635667,-73.9723,69.77449,11.257044,1181.0753,1885.5225
40.785675,-73.98471,42.703228,7.7191815,678.75024,1163.0775
40.77546,-73.98227833,115.36409,16.885153,1391.5394,2410.081
40.78637333,-73.94239,57.427563,5.054074,1028.6832,1438.6873
40.78618,-73.97824333,72.634995,13.276925,1321.7842,2212.113
40.78652667,-73.97923667,66.998856,12.406223,1203.8895,2034.0719
40.79070667,-73.977965,58.14414,9.782376,1065.62,1756.1752
40.78925667,-73.973785,84.32294,14.349738,1490.8949,2444.9702
40.79981333,-73.95881833,48.575813,4.6814423,1086.1879,1665.6305
40.76774,-73.98191,168.14397,32.787617,1440.4993,2708.9543
40.78785167,-73.98061833,53.51103,9.444943,959.80817,1631.9465
40.84360667,-73.92448833,30.818333,3.1375294,1059.5082,1393.6005
40.80784333,-73.89894667,14.030273,0.25190943,777.45966,1312.1548
40.768135,-73.95300667,90.936554,19.606504,1428.1812,2475.155
40.79106833,-73.956465,34.50042,4.143643,585.64276,910.23724
40.78053667,-73.94668333,77.199814,14.015398,1304.6523,2089.645
40.795475,-73.955205,38.52364,3.044419,750.45526,1091.1716
40.79209333,-73.97388833,80.06627,13.630777,1384.678,2246.6252
40.78605333,-73.95322833,83.82281,15.002649,1337.4983,2121.0493
40.78691833,-73.97746833,73.84882,13.203215,1344.6324,2243.1143
40.79670167,-73.93201,34.090145,2.3224056,777.67163,1101.6359
40.77552167,-73.982295,115.36409,16.885153,1391.5394,2410.081
40.77540667,-73.94437,52.40386,8.858621,860.8992,1410.0446
40.79201333,-73.97374167,80.06627,13.630777,1384.678,2246.6252
40.78166,-73.94584167,72.97996,12.091571,1244.034,1894.2695
40.78687833,-73.97750833,72.75465,13.039896,1324.3722,2215.1548
40.77422333,-73.98251167,120.725685,17.483643,1380.5171,2416.589
40.80458667,-73.95585,61.718586,6.6612616,1465.6628,2278.5305
40.84209167,-73.89406167,26.685392,3.1997492,1104.6151,1433.8859
40.776545,-73.94356667,47.72106,8.542793,783.00836,1269.2936
40.79146333,-73.97264167,83.84665,13.68646,1444.4958,2331.5847
40.78903,-73.980605,47.78571,8.113096,866.5838,1460.8293
40.78774167,-73.95382833,70.02552,10.705257,1078.9514,1670.4425
40.75905833,-73.96049833,95.58721,18.878677,1230.38,2083.9805
40.79043,-73.94182667,62.696102,4.291239,1262.1472,1638.0906
40.78324167,-73.95644,81.017624,16.41668,1277.0087,2151.4763
40.75906667,-73.95949,89.443504,16.745453,1156.5382,1951.799
40.79417333,-73.97020667,83.00292,12.273912,1390.5913,2148.3152
40.81011333,-73.89813167,19.552937,0.8859164,1007.06885,1632.9535
40.77857833,-73.94727833,79.99491,16.758219,1316.0643,2208.733
40.78666,-73.97653167,77.07171,13.817972,1399.3346,2336.8992
40.78367667,-73.98390167,61.909973,10.346464,946.21533,1597.3069
40.80542167,-73.899475,9.851359,-0.34672642,555.81525,979.8408
40.79101833,-73.95653167,32.988605,4.0316567,563.8589,879.05786
40.77597333,-73.94396667,51.714066,8.84261,841.6639,1371.9468
40.78499833,-73.98472333,46.649414,8.316922,730.5464,1253.4347
40.77330833,-73.94893667,77.14195,17.488268,1349.4037,2320.062
40.78573,-73.98470667,42.703228,7.7191815,678.75024,1163.0775
40.75916167,-73.96068667,100.15125,20.349884,1284.2417,2186.571
40.79774,-73.951185,52.795715,4.4459577,1137.9414,1590.4158
40.797615,-73.95443833,42.9954,3.572504,898.30334,1314.6669
40.76783,-73.97065667,100.93127,23.047188,1069.4275,1989.1361
40.783335,-73.95697833,76.69775,15.927942,1213.3706,2051.8052
40.78617833,-73.95362833,80.180725,14.158338,1267.403,2016.2999
40.79653667,-73.93213833,36.02757,2.5343645,800.24176,1133.5485
40.79676667,-73.95492333,41.11652,3.5165741,838.1251,1243.0648
40.82287167,-73.887255,26.497305,2.2564788,1282.9233,1847.6074
40.79073667,-73.95680833,32.854004,4.2167163,555.26276,863.7276
40.84343167,-73.92461167,30.239414,3.0537791,1037.9813,1363.6768
40.80613167,-73.902365,15.6970215,0.5293345,808.79846,1373.8047
40.81362667,-73.89948167,28.905893,2.0487885,1304.0612,1893.2953
40.78071167,-73.9465,75.78273,13.314455,1284.9546,2030.0576
40.805955,-73.947145,59.020317,6.732824,1649.2157,2439.2126
40.80953,-73.95983667,65.23133,6.795486,1284.9056,1988.8658
40.79690667,-73.95479667,41.917706,3.461283,861.2162,1279.94
40.78186167,-73.945695,71.392,11.272598,1216.7839,1834.8402
40.791,-73.971625,83.84222,13.19749,1442.364,2293.0664
40.7908,-73.97831833,54.729828,9.110919,995.17413,1638.684
40.79080333,-73.97892167,50.95974,8.602841,923.34247,1534.8337
40.8226,-73.88750833,26.737103,2.2326226,1287.2999,1846.5267
40.78434667,-73.983185,61.44809,10.617035,982.03613,1671.4432
40.7966,-73.97217667,68.22696,10.977295,1159.3544,1842.998
40.78591667,-73.94266,59.556877,5.495354,1039.2827,1466.5807
40.77342667,-73.94932167,81.52496,19.253136,1423.7117,2459.126
40.77396333,-73.98251167,120.725685,17.483643,1380.5171,2416.589
40.77660833,-73.94351667,47.72106,8.542793,783.00836,1269.2936
40.79038833,-73.95702833,33.706417,4.5158067,568.4469,887.29065
40.806175,-73.96737333,46.05755,6.0200906,850.5898,1385.8221
40.78188,-73.95818167,73.42193,16.553211,1194.5776,2060.6714
40.816245,-73.94980333,57.705715,4.4200773,1528.9581,2257.2246
40.83678667,-73.91806833,47.788853,5.4462337,1646.1699,2470.535
40.77375833,-73.95192833,95.6626,24.320358,1674.8696,2936.8833
40.79000333,-73.95868167,30.36217,3.8729396,492.57883,763.09686
40.773365,-73.96004167,106.89369,25.701265,1668.2344,2980.9229
40.806685,-73.89871333,12.008506,0.033038817,681.3846,1176.1311
40.843095,-73.92465667,30.649765,3.1221912,1050.8059,1377.621
40.76888333,-73.98121,148.74858,29.83706,1318.4188,2445.279
40.78656667,-73.954495,75.27366,12.644067,1157.0396,1837.0123
40.77355667,-73.95993833,107.16944,26.164122,1673.8569,2993.6794
40.790915,-73.97859167,51.712376,8.568506,930.9502,1542.9191
40.76849333,-73.95254167,89.791115,19.414911,1419.0177,2443.7454
40.79723333,-73.97175333,67.52824,10.729802,1161.6847,1829.2726
40.79215333,-73.96372167,45.618324,5.313656,762.16364,1110.1959
40.78659167,-73.95286,81.97714,14.206634,1309.8538,2058.7654
40.75933833,-73.961075,103.43248,20.995485,1304.8397,2227.9724
40.79645333,-73.97226167,69.77449,11.257044,1181.0753,1885.5225
40.80002167,-73.96766833,69.77496,9.42703,1280.9161,1992.8492
40.79414667,-73.949095,61.875942,5.3368034,1248.5026,1685.2466
40.797535,-73.96059167,47.099384,4.3209033,967.3184,1446.3472
40.795155,-73.93322,42.02702,2.5873826,890.6436,1222.109
40.78681,-73.94806167,83.03238,11.253569,1444.0013,2134.942
40.81350667,-73.899135,27.804306,1.8784173,1274.9077,1848.1057
40.84315667,-73.90962667,43.999603,4.8079004,1455.2208,2082.2449
40.76121,-73.95757833,93.857155,15.359171,1178.4772,1969.6217
40.83735333,-73.91770833,48.022186,5.3761716,1651.6532,2492.8728
40.77075833,-73.98724667,149.39555,20.690199,1533.5327,2812.8376
40.80615167,-73.87953667,7.6563463,-0.49158284,553.54803,977.4706
40.765805,-73.97206,135.99295,32.181423,1223.8759,2339.8035
40.83370667,-73.9024,38.494804,3.232067,1318.2299,1588.9529
40.79562833,-73.95461833,42.03825,3.3471036,804.99786,1154.4839
40.811215,-73.90329667,31.063173,2.158672,1261.5043,1899.6174
40.79555833,-73.93413833,45.60305,3.3934913,992.73364,1364.2739
40.81547667,-73.90040833,35.27901,2.9098296,1451.9442,1958.1011
40.80417,-73.95488,59.753376,6.6054697,1461.8334,2293.0854
40.84413333,-73.92372,31.651922,3.2999372,1091.3557,1443.7886
40.80892667,-73.895605,14.2466,0.36003733,857.84753,1512.0916
40.7693,-73.95195833,89.699455,19.815348,1415.9631,2457.9878
40.84142667,-73.92564667,28.909296,2.6237926,996.98724,1290.6841
40.79075333,-73.942635,68.29512,4.797724,1350.115,1751.1354
40.83194167,-73.92131667,45.668926,4.447441,1468.1937,2170.069
40.77091833,-73.98715333,149.39555,20.690199,1533.5327,2812.8376
40.81051333,-73.89874,21.469572,1.0064445,1048.4429,1667.2542
40.81975,-73.897585,35.997887,3.5468667,1492.5297,1928.5352
40.843665,-73.90627,39.08153,4.124113,1417.6213,1982.0706
40.767875,-73.970495,100.93127,23.047188,1069.4275,1989.1361
40.79014833,-73.941085,57.4947,3.9539573,1180.2893,1524.4346
40.79409667,-73.97013333,83.31538,12.297228,1397.1525,2162.182
40.80541333,-73.88117167,7.598929,-0.412751,566.0162,1012.7341
40.84028333,-73.91002833,45.424183,4.2549157,1428.7007,2013.4702
40.80749333,-73.88944167,12.62348,0.4523848,929.70703,1614.912
40.75951,-73.95901667,89.36171,15.934655,1163.234,1959.579
40.817495,-73.90356167,42.97307,3.4870374,1544.3832,1930.9642
40.807605,-73.96688667,42.729996,5.1220183,752.9901,1233.2832
40.786255,-73.97541167,78.87117,13.625676,1435.3824,2384.5356
40.835245,-73.912915,46.381126,4.752212,1576.4128,2322.594
40.81892,-73.89614833,33.791443,3.365468,1460.2523,1998.3289
40.78149167,-73.95433333,98.336044,21.23967,1601.0248,2696.1963
40.84229167,-73.92512667,29.773375,2.8250325,1028.3132,1348.3857
40.80517667,-73.90222167,13.709502,0.20104845,721.7458,1245.4084
40.83730333,-73.917745,48.022186,5.3761716,1651.6532,2492.8728
40.76218833,-73.95701833,95.04585,16.477922,1240.3857,2074.7554
40.83208833,-73.91789333,48.895542,4.8224473,1564.1815,2338.729
40.76223,-73.956985,95.04585,16.477922,1240.3857,2074.7554
40.75945667,-73.96148333,109.10907,23.029547,1372.6155,2351.6729
40.84112667,-73.90956,44.612717,4.345187,1436.1328,2031.3077
40.7854,-73.94763167,84.92737,12.271808,1440.3076,2162.6487
40.765855,-73.97201333,135.99295,32.181423,1223.8759,2339.8035
40.76086,-73.95799667,96.49624,16.104992,1209.2263,2023.6967
40.76041333,-73.96383333,135.03119,31.219778,1607.7542,2813.644
40.80545833,-73.88087333,7.7203083,-0.41090026,574.4205,1018.59247
40.782095,-73.98283833,80.88618,12.558933,1201.1405,2035.3365
40.785155,-73.94646,79.93615,11.06129,1365.6886,2001.436
40.84341,-73.90953333,43.607574,4.7957606,1454.5054,2080.57
40.793605,-73.969145,81.96361,12.056804,1395.6813,2156.703
40.79004833,-73.94900333,72.06296,8.745432,1321.6908,1898.0197
40.80547333,-73.95807667,68.76482,7.344023,1489.4442,2327.5483
40.780215,-73.98504833,84.84673,11.788424,1067.5027,1817.9171
40.84277667,-73.89324667,27.486631,3.521037,1131.368,1479.5309
40.786845,-73.95255667,81.59796,13.818865,1305.0024,2041.2264
40.79237667,-73.95508,38.49288,3.7473192,663.53784,975.03845
40.841025,-73.92208333,38.88782,4.40757,1387.018,1923.2211
40.842125,-73.892235,27.601799,3.4020944,1135.3187,1464.7819
40.80855,-73.88972167,14.009707,0.6366476,1011.94995,1721.118
40.75958833,-73.958945,89.36171,15.934655,1163.234,1959.579
40.76490833,-73.96860667,153.91238,33.67766,1474.6205,2724.6592
40.81226,-73.95697833,62.567944,5.6926,1346.0021,2018.5869
40.76693167,-73.971345,115.45203,27.479229,1137.0011,2139.7173
40.82323333,-73.88797,27.364862,2.3254476,1319.3645,1846.3883
40.79340167,-73.97463167,70.72717,12.289065,1218.1569,1973.9329
40.785135,-73.946495,79.93615,11.06129,1365.6886,2001.436
40.79158,-73.95584,35.24954,3.9357219,609.39716,927.75336
40.84419667,-73.91757833,44.689262,5.26488,1548.5713,2201.461
40.81484833,-73.90011833,32.33525,2.4942772,1397.2028,1929.6823
40.76595333,-73.97195667,129.79762,30.559364,1195.1246,2269.7446
40.767035,-73.97126833,111.09703,26.382357,1124.4723,2110.0312
40.7991,-73.93475833,42.00015,4.2268744,1175.2048,1627.6869
40.76495667,-73.96877667,153.91238,33.67766,1474.6205,2724.6592
40.79514333,-73.94826333,64.09701,5.4333425,1336.842,1801.2638
40.79778667,-73.971365,65.748795,10.4164095,1138.0327,1778.4846
40.79191833,-73.95539167,37.509247,3.93303,644.4901,961.74445
40.7742,-73.95947,105.46227,25.854624,1665.1265,2972.6387
40.772585,-73.96063833,107.92181,25.482965,1677.0865,3000.1938
40.80943333,-73.903525,25.6917,1.6809218,1149.4297,1832.2188
40.76733,-73.971035,107.365746,25.570366,1098.0348,2062.65
40.80945167,-73.90302833,25.089409,1.6332861,1138.9331,1838.8889
40.78214667,-73.957995,73.35386,16.418184,1198.3615,2059.6965
40.79019833,-73.949355,70.84525,8.3780985,1286.4825,1832.5017
40.81173833,-73.95730833,63.88729,5.76899,1351.1259,2035.5652
40.77413167,-73.95949333,105.46227,25.854624,1665.1265,2972.6387
40.79134,-73.97253333,84.36739,13.636745,1451.361,2344.1162
40.76757167,-73.970795,103.732635,24.334934,1083.3379,2025.2737
40.80805833,-73.964165,55.467106,6.4186053,971.5624,1548.069
40.774125,-73.952775,99.23885,25.644117,1744.712,3062.8376
40.800805,-73.96780333,65.355354,8.765754,1221.0653,1906.9116
40.77790333,-73.94580833,67.65322,14.009843,1116.6412,1856.5563
40.77318667,-73.960155,106.89369,25.701265,1668.2344,2980.9229
40.77407667,-73.95950833,105.46227,25.854624,1665.1265,2972.6387
40.842745,-73.90968333,44.04359,4.66964,1446.8562,2063.684
40.80889833,-73.89594667,14.320487,0.3521799,854.1316,1502.9021
40.79741333,-73.93151,30.948824,2.2176528,743.6271,1053.9496
40.797755,-73.96144,51.29347,5.34138,1030.7037,1513.81
40.79770167,-73.95109333,53.905746,4.590587,1160.5477,1616.068
40.79168167,-73.95569667,36.5994,4.078289,631.2768,952.92926
40.80831,-73.96358167,56.720707,6.3386183,1005.08527,1591.0355
40.84411,-73.91739333,45.347385,5.294264,1558.0741,2219.7827
40.79453667,-73.96988833,82.338615,12.11963,1386.989,2134.9897
40.80643333,-73.879635,7.9418325,-0.43068463,581.3846,1015.96924
40.79355167,-73.96904,81.119194,11.9788065,1385.1698,2129.4158
40.775965,-73.983515,120.40251,16.963625,1417.7733,2467.6543
40.84416833,-73.91753833,44.689262,5.26488,1548.5713,2201.461
40.76125333,-73.95755667,93.857155,15.359171,1178.4772,1969.6217
40.78030667,-73.98553167,83.597275,11.41749,1033.1512,1754.1826
40.78470667,-73.94354333,62.235,6.8489537,1060.7615,1521.8036
40.84131333,-73.92570833,28.909296,2.6237926,996.98724,1290.6841
40.78652,-73.97783167,72.6888,13.26714,1327.978,2224.1724
40.80602167,-73.95793167,69.88592,7.275989,1488.6342,2315.0999
40.765515,-73.972215,145.22131,34.087273,1238.1747,2373.2935
40.79043667,-73.97948333,48.48552,8.099703,881.92645,1482.0106
40.84361667,-73.90565167,38.55374,4.0633583,1397.9589,1953.3823
40.81940667,-73.89642,34.54984,3.4985726,1476.3167,1999.4368
40.76878333,-73.972105,84.71584,19.33138,886.9883,1645.5663
40.84403833,-73.92396833,31.651922,3.2999372,1091.3557,1443.7886
40.76729167,-73.97109,107.365746,25.570366,1098.0348,2062.65
40.80930667,-73.90371167,26.256731,1.7066513,1156.9652,1834.0477
40.81096833,-73.95429833,64.40608,6.2136183,1476.7109,2207.3015
40.83376333,-73.90236333,38.494804,3.232067,1318.2299,1588.9529
40.84268,-73.89312667,27.486631,3.521037,1131.368,1479.5309
40.81085833,-73.95801667,65.54231,6.080194,1341.2406,2024.6204
40.806325,-73.94812,58.157475,6.7715416,1638.0198,2459.1858
40.80256,-73.90793333,16.448788,0.9285765,816.908,1342.6774
40.77346333,-73.94937833,81.52496,19.253136,1423.7117,2459.126
40.78015333,-73.98492333,86.184456,12.136006,1102.6635,1881.5415
40.794275,-73.970135,83.00292,12.273912,1390.5913,2148.3152
40.809025,-73.89464833,14.797534,0.5378982,907.85333,1621.594
40.81426333,-73.899735,30.524504,2.266511,1352.4889,1909.81
40.809555,-73.90311167,25.985607,1.7225739,1154.379,1850.1096
40.809115,-73.96292,56.851192,6.01681,1021.36536,1608.214
40.78233333,-73.95783,74.14111,16.243307,1204.024,2062.8997
40.806415,-73.88759333,10.186776,0.14399177,827.46454,1480.4391
40.80860333,-73.96336167,56.745853,6.219117,1008.1314,1595.5272
40.81740667,-73.95013333,58.784054,4.1949883,1522.4807,2224.8962
40.79564833,-73.954585,42.03825,3.3471036,804.99786,1154.4839
40.817455,-73.903075,41.943314,3.5114746,1540.6799,1965.5785
40.79130833,-73.95623667,33.407436,3.922278,577.4888,892.3952
40.84535833,-73.91732667,46.587795,5.347643,1552.3756,2173.8381
40.84362,-73.90507833,38.15076,4.1013827,1392.5248,1953.1484
40.77346667,-73.951195,93.11141,23.243303,1618.5227,2828.46
40.81729167,-73.90236167,40.34795,3.5101032,1534.3503,1958.2438
40.80168167,-73.96040833,60.225845,6.5126243,1299.8071,2036.2655
40.78727667,-73.944875,70.94022,7.1296325,1299.871,1776.0161
40.77126667,-73.98692,149.4929,20.39871,1509.8733,2756.3794
40.78649167,-73.94251333,57.427563,5.054074,1028.6832,1438.6873
40.79031333,-73.95009667,68.794655,8.264617,1223.6685,1752.9462
40.804875,-73.884795,7.3978186,-0.23594612,614.4208,1140.5116
40.82247167,-73.95473333,39.976707,2.798921,943.44916,1474.6538
40.78921333,-73.947025,75.30054,8.607809,1424.8235,1990.7643
40.78557667,-73.94809667,85.83486,12.380484,1461.9716,2211.943
40.80473,-73.95631167,62.73999,6.87723,1474.8257,2284.408
40.81544167,-73.906315,38.152668,3.070963,1433.6937,1794.4495
40.84464833,-73.906095,39.118607,4.4142694,1445.4801,2037.4089
40.76914833,-73.98854333,135.96492,20.852837,1562.7299,2875.412
40.82298167,-73.95643167,31.078554,1.7861707,730.9801,1126.4133
40.799075,-73.96454833,65.90119,8.321723,1240.5153,1874.8442
40.77375167,-73.95014667,88.66031,21.256382,1534.9315,2655.9048
40.83540667,-73.90134833,33.83126,2.6719797,1209.8347,1485.2787
40.80789833,-73.89738667,13.399481,0.25007576,781.8716,1357.6619
40.845115,-73.91745,46.122543,5.263281,1550.144,2178.2522
40.80801667,-73.904615,22.961472,1.5029935,1092.0424,1748.831
40.827285,-73.91316,49.38066,5.081367,1629.7305,2203.7861
40.83562167,-73.914005,46.988113,5.0683827,1631.9451,2469.709
40.82942333,-73.91233667,48.248,4.963882,1634.366,2241.7927
40.79915667,-73.96472333,66.62024,8.524932,1247.1917,1889.7701
40.82940167,-73.91226833,48.248,4.963882,1634.366,2241.7927
40.83290167,-73.91735333,47.98838,4.9286838,1618.5613,2461.7808
40.81755667,-73.953495,60.09527,3.9709768,1350.6304,1965.2488
40.82632333,-73.90972167,45.0209,4.782145,1596.721,2045.5375
40.77681833,-73.95696333,104.96727,25.356855,1713.5419,2987.497
40.80412167,-73.91689667,28.6103,2.1972644,1169.4479,1733.1384
40.84391667,-73.894685,28.544373,3.3191087,1169.3864,1545.0096
40.83496167,-73.91581333,47.468483,5.2816863,1701.1432,2575.4055
40.82145833,-73.89158833,32.307724,3.282947,1415.2561,1915.9944
40.83334167,-73.91717,47.473816,4.9567146,1636.3683,2487.2817
40.79961667,-73.93579667,44.56554,4.4265866,1265.6039,1736.1903
40.82669667,-73.909525,45.262794,4.748999,1592.4863,2043.9385
40.826975,-73.925235,40.18177,2.3525863,1055.1855,1621.1046
40.81751,-73.90352,42.46017,3.512562,1541.6545,1942.6019
40.83936333,-73.91058667,46.145996,4.0883484,1421.6964,2015.3241
40.82338833,-73.92255,46.308044,3.5865562,1226.9742,1829.5903
40.818075,-73.95286,59.513893,4.055228,1364.214,1990.8043
40.84474833,-73.9122,43.218678,5.1745286,1492.568,2162.6475
40.81188,-73.903805,31.823275,2.19674,1268.643,1849.6133
40.83529333,-73.92686333,30.0337,2.784083,1072.2107,1432.3231
40.843765,-73.90882667,42.27477,4.6163225,1451.5228,2041.5996
40.77586333,-73.99138833,76.69986,6.8005667,752.3891,1321.0005
40.80243333,-73.962415,62.05839,7.2389464,1285.3583,1996.2134
40.84425667,-73.893215,29.218458,3.6264105,1214.6722,1547.4598
40.81923333,-73.89811667,37.370106,3.5447056,1513.4789,1964.3693
40.84407833,-73.89667833,27.58472,3.1068828,1183.6722,1598.6436
40.84127,-73.92572833,28.909296,2.6237926,996.98724,1290.6841
40.84387167,-73.89257667,28.495071,3.6008394,1179.354,1513.4967
40.774705,-73.95827667,106.1944,27.065933,1732.2665,3066.3232
40.80229333,-73.93841,49.90702,5.7012515,1436.452,1957.9183
40.79930667,-73.96528333,68.16298,8.804596,1265.6082,1937.7268
40.79698333,-73.94929167,58.948242,5.266193,1260.0454,1744.8903
40.81553333,-73.88392667,21.404205,1.2246846,1216.8752,1891.0385
40.83639,-73.89794333,28.988764,2.499412,1229.0786,1492.9474
40.80842,-73.896715,13.823319,0.30750015,821.0915,1431.1008
40.76938833,-73.98891833,129.7206,19.927412,1529.7593,2826.7104
40.808115,-73.90439333,22.961472,1.5029935,1092.0424,1748.831
40.83536667,-73.91538833,47.509747,5.3840494,1697.3087,2574.177
40.766505,-73.97155833,118.98992,28.415386,1166.9875,2200.825
40.77345667,-73.95496167,106.22071,27.3705,1802.6421,3164.2036
40.79310667,-73.94806667,67.41081,6.0227714,1352.5366,1812.6986
40.79474167,-73.97364167,71.788826,12.047174,1202.8325,1935.5513
40.80499,-73.95694833,65.04268,7.0461497,1481.8726,2294.8567
40.81585833,-73.90419833,39.14401,3.3093429,1504.8651,1918.6165
40.83408,-73.92742833,27.044956,2.2982461,969.79047,1279.7776
40.844005,-73.91715167,45.84733,5.435802,1567.024,2224.4102
40.82223833,-73.957195,30.188612,1.6914774,703.33905,1072.4961
40.8415,-73.90078,27.999134,2.3460338,1078.7444,1444.5945
40.80716333,-73.95710667,69.72948,7.146646,1485.3922,2274.7446
40.77551333,-73.95403167,107.39891,26.586529,1828.7762,3202.2288
40.80406833,-73.91676667,28.067335,2.1074572,1149.9106,1716.9197
40.81758333,-73.89541,31.904484,3.0020692,1403.9916,1987.5798
40.80907833,-73.894235,14.682859,0.57318497,912.2901,1618.6201
40.80835167,-73.90390667,23.118235,1.470049,1082.3962,1738.8525
40.81734,-73.89524667,31.633373,2.9682786,1397.8121,2012.2749
40.78876833,-73.95109833,74.72733,10.053728,1261.0723,1860.0938
40.82153167,-73.891595,32.307724,3.282947,1415.2561,1915.9944
40.801385,-73.95975,58.73917,6.1147428,1259.1301,1973.8191
40.80167,-73.94890167,57.32562,6.060734,1441.1826,2101.7903
40.80389833,-73.96678333,57.908463,7.591132,1118.6849,1804.4021
40.79813333,-73.93246333,34.427776,2.8935437,861.8893,1212.3873
40.76059167,-73.964275,140.22223,31.990171,1641.1876,2887.1545
40.76615667,-73.97178833,123.28059,29.530931,1182.4497,2230.3167
40.809555,-73.95899333,66.393715,6.664918,1338.476,2055.9595
40.83522167,-73.91556667,47.388233,5.309811,1694.8823,2568.6897
40.79784833,-73.961635,52.461536,5.572551,1046.414,1540.3524
40.78528667,-73.94739333,84.92737,12.271808,1440.3076,2162.6487
40.77490333,-73.95279,102.51118,26.550016,1781.1237,3120.3284
40.84354333,-73.919065,43.248978,5.1167855,1514.9939,2132.481
40.834865,-73.92630833,31.741241,3.0440583,1132.299,1541.7255
40.81882333,-73.95199333,57.585964,4.2674413,1388.0093,2062.3018
40.80039333,-73.93536833,44.338375,4.3210497,1261.0917,1733.5793
40.821185,-73.89158333,32.111412,3.251921,1402.4471,1896.813
40.79816,-73.96228333,56.323715,6.258464,1097.7231,1623.6545
40.79293,-73.947745,68.65929,6.190326,1373.9698,1842.3506
40.81943,-73.89792833,37.370106,3.5447056,1513.4789,1964.3693
40.80564167,-73.87980333,7.2305355,-0.5013241,524.81573,924.4667
40.78076833,-73.95477667,99.524994,21.742092,1621.6685,2746.4297
40.77378667,-73.956035,109.03977,27.633284,1817.7606,3189.4373
40.80095333,-73.93538667,44.390152,4.304021,1263.3113,1734.6155
40.834035,-73.92721,27.044956,2.2982461,969.79047,1279.7776
40.7632,-73.95703667,99.69636,19.017458,1330.4135,2257.282
40.76001667,-73.95860333,90.4087,15.524007,1170.9963,1963.2695
40.80231667,-73.962185,62.05839,7.2389464,1285.3583,1996.2134
40.77446667,-73.95936,104.85594,26.295424,1674.2576,2976.2183
40.82978,-73.91331167,50.545254,5.224531,1656.901,2344.0986
40.84396167,-73.895245,28.033316,3.2416396,1178.3237,1557.6879
40.84424,-73.90502167,38.12828,4.317057,1425.3718,1999.7499
40.799195,-73.96481667,66.62024,8.524932,1247.1917,1889.7701
40.83182,-73.92139333,45.893787,4.4300838,1465.6675,2168.0732
40.84626833,-73.91755,46.22492,5.2349534,1526.1375,2103.7598
40.806315,-73.88854167,10.619516,0.17508826,827.37286,1492.9491
40.794275,-73.95483667,39.44289,2.9948616,728.6599,1054.6888
40.769325,-73.98883667,131.3478,20.79495,1550.4263,2865.374
40.78615167,-73.94841667,84.80882,11.929108,1459.867,2200.661
40.83857333,-73.91302167,45.59988,4.653808,1490.4432,2196.4075
40.76429833,-73.95843667,114.43403,23.176586,1543.2887,2685.1526
40.84400167,-73.89597667,27.506298,3.0311303,1177.5264,1565.7814
40.8087,-73.90328,24.142183,1.564051,1109.7418,1782.0659
40.80768,-73.90519333,22.896847,1.5705209,1098.2365,1748.3983
40.79783833,-73.93185,32.16801,2.4877477,787.7059,1114.4529
40.81329,-73.88334667,17.71494,1.0548537,1175.7552,1855.4387
40.78349667,-73.98191333,76.54382,12.9438,1196.7076,2035.403
40.773545,-73.95489333,106.22071,27.3705,1802.6421,3164.2036
40.76536333,-73.96964,140.02307,33.035732,1379.1184,2571.7327
40.80140333,-73.959795,58.73917,6.1147428,1259.1301,1973.8191
40.84560167,-73.91729,47.26692,5.3448305,1556.0314,2167.1992
40.83541667,-73.92724333,27.947706,2.556292,1008.0002,1321.7983
40.81907833,-73.89827833,37.4317,3.4802694,1505.2965,1953.2137
40.83325167,-73.91718167,47.473816,4.9567146,1636.3683,2487.2817
40.844505,-73.91836667,43.21959,5.0734296,1508.0868,2099.6597
40.80504,-73.88595,7.979886,-0.15097953,666.95966,1213.9854
40.83506167,-73.91238,46.39362,4.6499014,1552.4312,2265.043
40.84372,-73.91654667,46.585403,5.5856566,1592.058,2283.132
40.79819333,-73.953765,44.750053,3.7374701,978.5125,1442.5358
40.76510667,-73.96897,147.03204,33.16552,1436.6451,2660.0054
40.76930833,-73.98839833,141.0675,21.127266,1580.1855,2911.4626
40.80364333,-73.9536,57.493717,6.415243,1410.7827,2187.8865
40.84446,-73.89359333,29.556547,3.5690603,1215.4397,1551.5862
40.83859333,-73.92751833,25.026638,2.3795884,907.5858,1155.5599
40.82077167,-73.88758833,26.004417,2.073595,1250.6984,1805.3643
40.774565,-73.95790833,106.4226,27.133812,1748.8981,3093.4814
40.78616,-73.94574333,73.47296,8.502704,1326.1201,1873.3956
40.840805,-73.90973,44.670746,4.2912583,1429.5409,2023.4314
40.83655833,-73.89895667,30.181726,2.3771818,1209.9268,1474.2341
40.79436,-73.948925,62.837605,5.3974957,1274.6326,1727.0197
40.81886667,-73.89852833,37.683617,3.38005,1503.3932,1951.2849
40.81846333,-73.89892167,37.963715,3.3415754,1499.9519,1960.5465
40.80901833,-73.894965,14.868634,0.4585945,893.17676,1599.69
40.81632333,-73.95905167,48.075462,3.714485,980.84265,1450.0671
40.76966,-73.988065,142.2477,20.22482,1559.6908,2873.221
40.77465667,-73.95814667,106.1944,27.065933,1732.2665,3066.3232
40.80942667,-73.95968167,65.795135,6.9029746,1313.6713,2019.1401
40.774715,-73.95230333,100.16825,25.487986,1743.6205,3049.966
40.80660333,-73.87966833,8.213762,-0.40200138,603.926,1054.5603
40.76518667,-73.96921333,146.40987,33.334526,1420.3994,2646.721
40.76985833,-73.98791333,145.97237,21.06061,1576.8263,2907.2268
40.82072333,-73.887645,26.004417,2.073595,1250.6984,1805.3643
40.82512667,-73.92759667,26.243965,1.0648128,762.2338,1199.0217
40.79444,-73.95475667,39.780704,3.072687,741.51624,1072.81
40.8438,-73.90928667,43.13604,4.774775,1458.8588,2084.6086
40.80849833,-73.90280667,21.857964,1.317661,1056.3386,1716.686
40.83876333,-73.896405,24.6811,2.1870263,1111.6987,1353.2106
40.79105833,-73.943345,72.66453,5.0887427,1425.8014,1853.8917
40.809135,-73.89379667,14.524248,0.5640329,918.97406,1608.4719
40.83860333,-73.92758167,25.026638,2.3795884,907.5858,1155.5599
40.82962667,-73.929355,23.40245,1.1355468,765.7345,1137.766
40.79442333,-73.94887667,62.407825,5.296038,1277.2358,1728.5817
40.78071333,-73.95904833,74.82958,17.205002,1206.065,2092.5437
40.77465167,-73.95209833,99.30827,25.113842,1728.1517,3029.5193
40.78222,-73.98273833,80.88618,12.558933,1201.1405,2035.3365
40.769195,-73.98848167,141.0675,21.127266,1580.1855,2911.4626
40.81810833,-73.95282333,59.11479,4.0054893,1358.8121,1991.8768
40.82505333,-73.92761833,26.39757,1.008228,760.0904,1195.9509
40.826115,-73.90984333,44.753376,4.811084,1604.4478,2060.7834
40.77417667,-73.98481667,136.07693,17.793064,1421.8411,2517.9038
40.805795,-73.88612167,9.05105,0.0015442998,759.5203,1355.1625
40.81779333,-73.89464333,31.357117,3.077163,1396.4944,1995.0088
40.79587667,-73.954065,44.08429,3.5705378,848.20807,1214.1237
40.79487333,-73.94844833,63.260128,5.360309,1308.8624,1766.5709
40.80943333,-73.95912167,66.52934,6.821345,1348.5372,2077.1875
40.80831333,-73.96473333,51.613735,5.905115,893.1221,1439.8962
40.80208333,-73.93796167,49.858524,5.5989747,1431.8618,1953.7241
40.795215,-73.94821333,64.09701,5.4333425,1336.842,1801.2638
40.81402333,-73.95698167,61.88743,5.5546784,1292.8799,1957.0946
40.770145,-73.98765833,148.42442,21.492418,1576.1155,2900.778
40.77503167,-73.95334333,105.00999,26.877304,1814.0046,3173.6948
40.83627167,-73.89783167,28.55383,2.5936165,1230.6412,1499.0458
40.76979667,-73.95161833,88.877106,19.757393,1411.0151,2459.1172
40.8127,-73.88209833,15.07807,0.78970104,1055.7502,1688.9324
40.83470833,-73.911355,46.330532,4.2291574,1531.6744,2191.754
40.84469167,-73.90652333,39.58188,4.459106,1453.582,2043.2579
40.81029833,-73.96174333,58.706688,5.6381564,1039.5798,1607.5938
40.79424833,-73.954845,39.44289,2.9948616,728.6599,1054.6888
40.85229167,-73.93846833,39.746944,2.7807777,1103.9083,1676.699
40.79610667,-73.93244833,37.3898,2.6722057,820.6539,1157.0692
40.834185,-73.91649,47.49956,4.9316273,1675.6666,2517.562
40.80401333,-73.95451,58.80885,6.6469283,1438.4762,2243.441
40.80265333,-73.96290333,63.004963,7.6545906,1280.3049,2002.0311
40.76455833,-73.95828167,113.2537,22.90746,1543.3802,2664.4495
40.840695,-73.895195,24.28501,2.7563508,1088.9861,1371.5504
40.80008,-73.94478333,61.264496,5.7053404,1540.3975,2101.39
40.83337667,-73.90266,39.94589,3.5546439,1369.2432,1633.6086
40.84419667,-73.89440833,29.39328,3.37284,1191.9559,1535.822
40.808575,-73.90281667,21.857964,1.317661,1056.3386,1716.686
40.76869333,-73.95429333,99.70701,21.924679,1571.9976,2747.9062
40.81861,-73.88908167,26.540483,2.3288217,1352.2706,1905.9631
40.81534,-73.90456667,38.086075,3.2223125,1487.993,1914.7217
40.762765,-73.95658667,95.40096,17.165148,1263.7444,2127.601
40.81880333,-73.898605,37.683617,3.38005,1503.3932,1951.2849
40.81410333,-73.88737833,21.608717,1.7879609,1339.6818,2095.6736
40.774265,-73.98473833,135.18494,17.429628,1412.0873,2497.467
40.82134,-73.927855,29.925552,1.2116702,820.2205,1312.3794
40.84086667,-73.9097,44.670746,4.2912583,1429.5409,2023.4314
40.774745,-73.984385,131.93591,17.192093,1415.678,2491.6233
40.814255,-73.957215,60.673748,5.3283763,1266.6705,1900.7589
40.79894167,-73.964235,64.99327,8.222718,1229.6152,1851.8375
40.82690167,-73.91369,49.919445,4.98267,1618.2782,2200.605
40.82254333,-73.953395,44.360867,3.270653,1075.8411,1689.3885
40.77728833,-73.95733167,100.954605,24.055887,1652.42,2885.9097
40.80421833,-73.91549333,28.502962,2.2849834,1204.0902,1802.6388
40.81152667,-73.880915,12.0455265,0.23062667,892.3617,1459.0177
40.83434333,-73.91990833,45.55192,4.8923664,1592.5967,2364.8635
40.833665,-73.92032667,44.672314,4.669338,1548.1711,2296.5615
40.82685167,-73.91376333,49.919445,4.98267,1618.2782,2200.605
40.76511333,-73.97042333,144.95059,33.421684,1357.7104,2551.4177
40.79196833,-73.94539667,72.06698,5.7005734,1491.6422,1949.2622
40.811645,-73.94658833,56.10099,6.427238,1637.8612,2456.2483
40.81815,-73.89910667,38.32744,3.2901297,1501.7668,1945.397
40.80235333,-73.94311667,60.078785,6.6757364,1603.1207,2251.8032
40.801715,-73.96771833,61.916965,8.5096445,1183.7445,1852.393
40.83861167,-73.91312333,45.59988,4.653808,1490.4432,2196.4075
40.823425,-73.888585,28.011913,2.43554,1344.6016,1853.5271
40.82608167,-73.92573667,36.95441,2.0835114,974.11084,1518.8947
40.79502333,-73.95396167,43.171413,3.417056,812.0033,1151.2886
40.82094333,-73.925275,42.42106,2.4694757,1122.1841,1753.1271
40.814165,-73.88828333,22.702166,1.9181334,1371.7174,2112.39
40.81237833,-73.90457167,32.90089,2.3712924,1314.9839,1850.4913
40.808055,-73.95648833,67.44101,7.1886415,1500.6187,2307.5117
40.77775833,-73.95703833,101.64674,23.84879,1652.1608,2871.3184
40.81642667,-73.91415667,41.629837,4.3793397,1484.7188,1904.3658
40.81249667,-73.88502167,19.40084,1.2494268,1268.322,2091.4463
40.83907,-73.91440167,46.225418,5.0102515,1562.1409,2331.79
40.81158333,-73.91688333,39.893787,4.123748,1462.1044,1871.975
40.768995,-73.95503667,105.04948,23.995323,1632.3114,2866.9834
40.80872333,-73.89778667,15.006362,0.42064497,855.0694,1437.0146
40.816435,-73.88768667,23.69251,1.9309986,1325.889,2022.5302
40.81832667,-73.91684167,47.068935,4.506441,1454.3281,1891.0546
40.82156,-73.928015,30.14573,1.209924,811.2201,1295.9869
40.83239167,-73.90333667,42.028793,3.843542,1441.9441,1716.9081
40.77899667,-73.956075,102.887054,23.672768,1645.7019,2837.043
40.82285333,-73.92338333,46.46664,3.314499,1219.984,1884.5175
40.82591333,-73.88873167,27.640656,2.5808997,1367.2003,1859.9495
40.822095,-73.95734167,29.666973,1.5787194,694.479,1036.7465
40.80212,-73.94967,57.516495,6.22915,1448.628,2140.9146
40.77415333,-73.95110833,93.47713,23.005466,1625.9412,2840.0615
40.81819833,-73.916905,47.068935,4.506441,1454.3281,1891.0546
40.82876667,-73.92789,26.561586,1.5471865,822.8428,1239.2288
40.83191,-73.90241833,41.54836,3.8397822,1421.1371,1660.5121
40.80067333,-73.94677167,58.894714,5.5598893,1471.272,2064.4397
40.83815,-73.91132167,47.103973,4.2813067,1459.9467,2082.632
40.81517667,-73.88640667,21.42337,1.6915672,1290.4401,1984.1823
40.80516833,-73.88276167,8.096278,-0.30933803,616.05676,1112.439
40.76449167,-73.970955,162.2109,36.719833,1405.2404,2667.4146
40.85323,-73.93840833,37.305286,2.547757,1031.459,1565.4543
40.828105,-73.95042167,35.292118,3.118595,1027.7422,1608.4144
40.82235,-73.92029667,49.573154,4.2142897,1380.9857,2008.1526
40.82775167,-73.95137667,32.942486,2.6752725,968.1294,1506.0468
40.81825833,-73.89914,38.32744,3.2901297,1501.7668,1945.397
40.79999167,-73.94485333,61.30436,5.5874887,1535.4409,2082.2798
40.77068333,-73.95094,87.85543,19.782331,1416.2314,2467.392
40.828835,-73.928,26.561586,1.5471865,822.8428,1239.2288
40.85694833,-73.93497,36.60396,2.217811,1067.748,1579.4835
40.84130833,-73.900165,27.527586,2.327427,1072.4005,1432.7593
40.799435,-73.93549,43.808758,4.360616,1236.5144,1701.1917
40.80914,-73.94836,56.38135,7.087291,1629.4596,2501.3494
40.77655,-73.95611333,108.241516,25.822916,1767.9766,3070.9443
40.81604167,-73.958805,50.27487,4.012192,1030.4257,1532.6422
40.76301,-73.95662833,96.51035,17.8927,1285.6484,2175.5264
40.80950667,-73.89142667,15.420376,0.819624,1022.39435,1735.9666
40.81802,-73.91336167,44.885994,4.6632514,1513.5308,1918.7374
40.84339167,-73.915845,46.52294,5.563106,1599.1642,2301.343
40.80934833,-73.94817,56.476456,6.987978,1632.1227,2504.8586
40.80691833,-73.90655833,22.50035,1.6673094,1059.7646,1684.93
40.83221833,-73.90327333,42.274395,3.8554673,1441.8506,1715.2391
40.84225833,-73.92103167,39.801254,4.6771193,1411.3657,1967.1434
40.82040167,-73.91189833,44.251938,4.643358,1534.3832,1925.1799
40.80402167,-73.90588333,14.78952,0.64713615,794.2142,1331.0077
40.826655,-73.90573167,44.466908,4.6903443,1588.9528,2003.4268
40.802315,-73.96764,59.228916,8.25436,1146.6501,1802.3752
40.82497833,-73.91044667,43.4633,4.795738,1615.3795,2061.9421
40.810705,-73.89537667,19.346395,0.9345715,1054.8435,1813.9188
40.82158833,-73.91118,44.494656,4.480543,1540.3083,1955.4137
40.83162167,-73.90675333,45.20697,4.365501,1530.9211,1972.6943
40.81598167,-73.9144,40.305664,4.3110943,1472.2224,1898.8796
40.77648833,-73.95602333,108.241516,25.822916,1767.9766,3070.9443
40.82165333,-73.95771833,29.34712,1.5745987,689.3185,1017.1088
40.81915833,-73.95971333,34.225986,2.0221164,718.1702,1054.6399
40.80439,-73.93966333,50.8759,5.922511,1457.8057,2025.7094
40.83409167,-73.91657,47.49956,4.9316273,1675.6666,2517.562
40.814715,-73.88372333,20.05106,1.160447,1201.8986,1856.3872
40.82550667,-73.92625333,33.912228,1.7790562,909.71875,1433.0897
40.77490333,-73.958745,103.29657,26.821169,1681.729,2981.7437
40.812295,-73.896195,22.9614,1.3582398,1192.1189,1934.4274
40.81901,-73.90958667,43.90406,3.6499739,1483.9482,1766.7301
40.81774,-73.95390833,59.447826,3.9914932,1317.1354,1933.2545
40.80501833,-73.94762833,59.510044,6.7809496,1639.9478,2439.2473
40.83684667,-73.92711167,30.001331,2.8484006,1065.6207,1385.9379
40.770995,-73.950715,87.59804,20.048521,1430.1909,2494.1453
40.81086667,-73.95317667,62.145267,6.021948,1479.1688,2175.1333
40.828295,-73.95087,33.28071,2.8341713,967.23413,1516.4279
40.80816,-73.95641667,66.87897,7.055937,1493.9016,2296.7874
40.81243,-73.90501167,33.102516,2.3798473,1318.8773,1841.3641
40.83909667,-73.91447333,46.013992,4.970277,1561.3225,2326.2722
40.76700667,-73.95641333,110.208046,23.783522,1611.3176,2806.5796
40.79254,-73.94682833,71.11284,6.4496946,1436.8435,1910.4233
40.83526833,-73.90144833,34.671104,2.7461283,1223.8611,1498.2227
40.856515,-73.93510667,37.306446,2.44217,1093.3348,1632.0793
40.82633333,-73.95026,40.634373,3.5828824,1162.6481,1827.3511
40.803115,-73.96389833,64.2227,8.426453,1262.4835,1988.116
40.820025,-73.92680833,35.328075,1.6464243,974.0152,1530.0107
40.82212667,-73.949935,52.109802,4.0905128,1422.692,2165.5632
40.791905,-73.94524667,72.06698,5.7005734,1491.6422,1949.2622
40.81447167,-73.95747833,59.283573,5.087938,1236.4894,1840.3248
40.85225667,-73.938315,40.64651,2.8997405,1126.0472,1716.729
40.81508167,-73.886315,21.03017,1.6140579,1286.1511,1960.9008
40.80809,-73.90274667,20.241213,1.1654454,1002.6233,1645.035
40.80122333,-73.94783333,58.11211,5.983145,1461.3734,2121.6062
40.82135,-73.91785333,49.980087,4.670822,1436.7344,2025.2919
40.82991833,-73.90180167,42.75285,3.9066706,1515.8429,1788.1805
40.83694667,-73.92715333,30.007563,2.900338,1070.1792,1391.6276
40.813395,-73.90709,34.14846,2.4517365,1297.4722,1703.9877
40.81255667,-73.90569167,33.811787,2.4218092,1320.0123,1795.2214
40.77214333,-73.94996833,84.851166,19.679733,1412.9397,2424.0212
40.81817667,-73.95628833,50.793674,3.581094,1107.8562,1657.9677
40.80300167,-73.94262,59.73221,6.8790603,1607.0396,2264.9385
40.80516167,-73.885985,7.979886,-0.15097953,666.95966,1213.9854
40.80783667,-73.95663667,68.689384,7.1645174,1497.6744,2291.1218
40.80955,-73.89108,15.4229965,0.8215984,1031.271,1751.2109
40.819325,-73.90856667,43.780766,3.4117954,1490.2749,1773.776
40.80825667,-73.95634833,66.87897,7.055937,1493.9016,2296.7874
40.80397833,-73.905805,14.78952,0.64713615,794.2142,1331.0077
40.77099333,-73.99316333,74.29635,7.8682513,1067.742,1941.0712
40.83135333,-73.91834667,49.212894,4.7908854,1550.536,2333.3767
40.81414167,-73.88836667,22.702166,1.9181334,1371.7174,2112.39
40.8254,-73.94795,49.216213,4.340763,1396.3922,2145.6272
40.80539333,-73.94740833,59.69388,6.829089,1645.679,2442.1423
40.81538333,-73.89838333,31.332405,2.6640244,1386.2146,1926.109
40.81696333,-73.88806167,24.519093,2.042744,1330.725,2011.4098
40.83609333,-73.92751,27.616493,2.5489576,987.709,1277.1638
40.82275167,-73.92344167,46.559208,3.1730123,1207.1044,1882.2466
40.82993833,-73.92994333,22.939114,1.2146175,765.9465,1125.9746
40.82039667,-73.892005,32.46618,3.1703348,1398.5637,1880.704
40.81598,-73.958745,50.27487,4.012192,1030.4257,1532.6422
40.817515,-73.89825,35.871517,3.2695575,1478.1526,1983.1134
40.83765167,-73.8973,26.4333,2.2570124,1153.3291,1407.882
40.83061667,-73.907355,47.18383,4.4872074,1553.3655,2024.5833
40.77056833,-73.99219333,85.24617,10.338104,1195.6765,2182.9973
40.809575,-73.890005,15.901003,0.89332724,1100.0187,1861.1873
40.825195,-73.88873667,27.59235,2.5370715,1360.6886,1857.9014
40.80363167,-73.96696,59.027443,7.876395,1134.4966,1821.2762
40.77238,-73.94979667,85.19624,19.93945,1431.4445,2453.7668
40.80240833,-73.967625,59.228916,8.25436,1146.6501,1802.3752
40.8267,-73.91402,49.920433,4.9288125,1608.9874,2181.862
40.83859667,-73.92663333,27.62178,2.7839196,1015.2819,1327.0944
40.80629333,-73.889,10.693496,0.17317817,826.0433,1488.9607
40.840655,-73.90162333,28.62573,2.3241425,1094.7375,1447.8181
40.81513667,-73.88382333,20.71971,1.1543736,1198.1588,1848.1672
40.81886667,-73.95991167,34.428135,1.9816579,698.379,1020.94293
40.82002667,-73.90819833,43.7317,3.5447214,1498.9917,1785.1802
40.82146167,-73.92796333,29.925552,1.2116702,820.2205,1312.3794
40.813665,-73.94582167,58.581512,6.292922,1616.1619,2440.827
40.81824167,-73.91688167,47.068935,4.506441,1454.3281,1891.0546
40.81805667,-73.91344833,44.885994,4.6632514,1513.5308,1918.7374
40.83864333,-73.91319,45.59988,4.653808,1490.4432,2196.4075
40.81979333,-73.90831333,43.713726,3.459835,1495.6918,1769.1715
40.80110833,-73.94402167,61.013023,6.244569,1572.205,2166.3394
40.82469667,-73.91057667,43.28281,4.852191,1616.2007,2075.8796
40.80343833,-73.96708833,58.4551,7.857187,1125.8922,1792.8004
40.83186833,-73.90664667,45.41175,4.471285,1539.9003,1985.9967
40.80724,-73.906675,23.099966,1.7237443,1080.9547,1713.2675
40.82268,-73.95321333,44.09358,3.2408688,1088.84,1706.8689
40.768935,-73.95505833,105.04948,23.995323,1632.3114,2866.9834
40.83277167,-73.903065,41.38558,3.7351778,1422.6508,1702.9432
40.82208667,-73.910895,44.280987,4.452748,1532.3474,1928.805
40.8232,-73.92321333,46.358368,3.34382,1204.9697,1852.163
40.819245,-73.913715,46.291378,4.82876,1531.3966,1974.5748
40.83648333,-73.92732,28.906805,2.733474,1027.5807,1325.4408
40.83076167,-73.91877,50.219627,4.861979,1547.7366,2306.8264
40.81623167,-73.89753667,32.26545,3.0910797,1434.7479,2029.4518
40.82138167,-73.91799833,49.980087,4.670822,1436.7344,2025.2919
40.80097333,-73.94412833,61.013023,6.244569,1572.205,2166.3394
40.806535,-73.88917833,11.209711,0.2689815,858.3957,1527.9362
40.84036333,-73.90180333,29.035227,2.2627823,1097.6926,1433.1942
40.81302833,-73.90721167,33.96682,2.3773642,1282.0615,1690.2726
40.804805,-73.88511833,7.408508,-0.21392456,618.82025,1157.384
40.83454333,-73.91979,45.746742,4.998452,1600.0752,2389.7024
40.83864667,-73.926155,28.372126,2.855811,1044.5265,1369.0668
40.79501,-73.95398833,43.171413,3.417056,812.0033,1151.2886
40.80662333,-73.94895833,58.98757,6.8079624,1641.9869,2466.8896
40.81745333,-73.89815667,35.321938,3.3103337,1479.2489,2000.5101
40.84501833,-73.91352333,43.77449,5.378732,1545.0139,2236.1653
40.82098,-73.88721,25.7398,2.0605614,1244.8904,1800.2335
40.817855,-73.95652667,50.47219,3.706018,1101.7974,1645.2345
40.79483167,-73.95433667,42.19973,3.233032,787.74945,1122.9244
40.77713667,-73.957435,102.08806,24.502272,1670.4106,2918.4358
40.81925333,-73.90859833,43.780766,3.4117954,1490.2749,1773.776
40.81244,-73.89488,22.940336,1.5259802,1222.2103,2019.6001
40.76173167,-73.96657,177.73007,38.692696,1740.2455,3151.5303
40.82695167,-73.94724833,47.285732,4.4442573,1371.6517,2080.561
40.78497667,-73.94679,82.24583,11.786918,1385.873,2064.514
40.8219,-73.888435,27.147684,2.2630827,1302.3201,1829.9573
40.82236,-73.95447667,42.018295,3.0623865,993.802,1554.5143
40.81788667,-73.95979833,37.862404,2.480525,753.59216,1104.882
40.83744,-73.89967667,30.756266,2.3081162,1163.4629,1438.9404
40.82527167,-73.888725,27.59235,2.5370715,1360.6886,1857.9014
40.84128667,-73.92176167,39.25689,4.527425,1403.4504,1940.812
40.80174667,-73.949105,57.439003,6.0889897,1448.4756,2130.2852
40.84341333,-73.91587667,46.242405,5.5407224,1596.2533,2296.3022
40.82013167,-73.88858,26.810295,2.17298,1297.174,1834.5448
40.83858167,-73.92720833,25.698616,2.4682117,934.4271,1195.129
40.822655,-73.9235,46.54636,3.1865013,1217.5542,1900.7032
40.83583,-73.9024,34.748974,2.6136012,1203.669,1499.6897
40.804945,-73.94767833,59.642235,6.8602858,1636.1542,2445.8105
40.82152833,-73.95045333,52.442184,4.0664034,1412.2911,2152.016
40.81788167,-73.91705833,46.78714,4.373514,1445.5465,1867.4233
40.81590167,-73.91444167,39.72135,4.314025,1470.08,1899.1857
40.76961833,-73.989665,118.91584,18.299025,1500.5947,2784.2656
40.83799667,-73.9277,26.712828,2.6189203,961.9582,1226.499
40.82614,-73.88897,28.115656,2.6531105,1380.1512,1870.1615
40.83855167,-73.90213833,31.219664,2.0193052,1100.8531,1381.4629
40.76470333,-73.97289833,169.3668,37.081818,1292.4474,2495.609
40.85557833,-73.93567,37.53869,2.71834,1114.8481,1679.9817
40.82728667,-73.92505,40.970383,2.5483527,1091.3883,1669.7592
40.82537,-73.9076,44.66531,4.6898932,1607.2971,2054.6333
40.8224,-73.95227333,47.555634,3.6256132,1197.4188,1852.8535
40.84207833,-73.92109333,39.801254,4.6771193,1411.3657,1967.1434
40.82969667,-73.90787,47.91668,4.5617237,1566.1395,2053.525
40.81185167,-73.925565,39.786736,2.9761095,1259.7314,1737.5798
40.80381,-73.92020333,26.305523,1.5785459,959.38055,1385.1385
40.81133333,-73.91703333,39.68224,4.0322003,1450.0112,1873.2253
40.83927167,-73.91502,45.998566,5.0230246,1583.0635,2364.5273
40.81451333,-73.91529833,40.176308,4.5103784,1500.827,1966.9813
40.80464333,-73.95131833,60.154194,6.5200434,1579.2866,2377.7913
40.83100833,-73.90041833,39.930798,3.5366347,1442.8799,1667.8645
40.804365,-73.90781667,18.244974,1.1523023,923.8256,1499.4667
40.80860167,-73.96556,46.74032,5.1584716,798.2507,1304.3932
40.81764833,-73.91344333,44.793293,4.697987,1516.2943,1919.4934
40.80523167,-73.94750333,59.69388,6.829089,1645.679,2442.1423
40.814055,-73.91556,40.59983,4.586946,1518.2257,1995.2191
40.80491833,-73.88591667,7.979886,-0.15097953,666.95966,1213.9854
40.82062667,-73.91577333,49.280876,5.0792093,1528.079,2078.7769
40.80379833,-73.942,58.5269,6.79033,1609.5277,2275.671
40.81059333,-73.92731333,32.0424,1.9178606,994.01587,1371.4756
40.85748,-73.929665,39.703804,2.2176225,1121.4514,1657.4094
40.81254,-73.95325333,62.665764,5.7226024,1458.1359,2149.9238
40.832545,-73.93138833,24.357187,1.5537288,793.47705,1027.2993
40.827805,-73.90421,46.58705,4.516701,1618.0873,2006.6609
40.82658,-73.950725,38.19843,3.2928846,1089.3042,1694.2827
40.81372333,-73.90694833,34.507748,2.5268846,1322.4596,1743.0428
40.76460167,-73.97295833,172.02441,37.03445,1282.9952,2483.6262
40.82172333,-73.91921833,50.011627,4.596046,1416.6155,2035.4502
40.813085,-73.92314833,45.31615,4.40985,1518.2388,2111.374
40.81392,-73.88961,24.477293,2.20059,1442.6191,2269.6777
40.76980833,-73.99017,108.39645,15.731467,1431.616,2644.3447
40.831875,-73.90232333,41.54836,3.8397822,1421.1371,1660.5121
40.81767667,-73.92969667,34.718044,1.6317458,926.09326,1458.8185
40.81320333,-73.94546167,58.48033,6.328333,1630.8943,2462.255
40.81345333,-73.885275,20.350245,1.397015,1299.012,2105.4434
40.81961667,-73.95940167,32.34187,1.9464407,713.54504,1056.9781
40.81814,-73.95471,56.408184,3.869215,1244.4247,1862.3813
40.81944333,-73.911395,44.30227,4.298063,1516.0829,1871.1198
40.83071167,-73.92000667,49.889866,4.573609,1512.7009,2241.495
40.76987667,-73.99035333,108.39645,15.731467,1431.616,2644.3447
40.80345167,-73.94227,59.237576,6.772239,1610.8591,2282.3767
40.81725667,-73.92993167,34.86718,1.7087888,930.2851,1419.6677
40.83688833,-73.927115,30.001331,2.8484006,1065.6207,1385.9379
40.82800833,-73.95013833,36.608067,3.2938337,1072.8944,1681.3601
40.83146667,-73.90118833,40.41591,3.6652834,1416.8813,1648.8589
40.76247333,-73.96804833,182.40677,38.693737,1677.3479,3093.3826
40.82784333,-73.92565667,37.637474,2.4773712,1028.7611,1595.0441
40.82799667,-73.95005,37.80959,3.432793,1104.7278,1729.9158
40.84351333,-73.91987667,42.119385,4.982758,1470.7472,2069.9807
40.812365,-73.91644667,40.427517,4.3337398,1500.9996,1962.7903
40.81402833,-73.88888833,23.458158,2.0421882,1406.7123,2193.6895
40.81474,-73.91512167,40.28236,4.4223094,1491.4049,1951.4618
40.83737667,-73.92747833,27.984985,2.730644,1001.0201,1291.7715
40.814145,-73.94713667,57.66064,5.859103,1606.5895,2393.95
40.82126833,-73.95832667,28.951666,1.6213171,688.8299,1027.96
40.83437667,-73.92855167,23.066017,1.942587,833.1927,1075.7498
40.80862333,-73.96563667,46.74032,5.1584716,798.2507,1304.3932
40.81327333,-73.92282667,45.969208,4.4537053,1533.4191,2129.429
40.81744,-73.88834167,24.925694,2.0691588,1330.722,1989.5521
40.82336833,-73.89170167,33.24263,3.4542258,1471.0223,1944.1465
40.85924333,-73.932395,35.62262,1.8392079,1034.0562,1528.7064
40.814825,-73.919775,47.537445,4.4765925,1528.881,2036.4392
40.81404333,-73.88878,23.458158,2.0421882,1406.7123,2193.6895
40.764625,-73.97295167,172.02441,37.03445,1282.9952,2483.6262
40.80459167,-73.90818667,19.471388,1.2888247,976.5082,1548.7584
40.813245,-73.92286667,45.6588,4.48969,1530.9878,2118.689
40.81278833,-73.91622,41.08227,4.4878974,1519.632,1998.0944
40.80390167,-73.92041333,26.66339,1.6165663,962.1932,1369.1144
40.81099833,-73.90983333,34.93282,2.9583175,1322.8722,1809.1488
40.82724,-73.925075,39.905716,2.4429698,1058.7792,1633.1096
40.83019833,-73.91389667,50.387356,5.234984,1659.6736,2391.8857
40.80953333,-73.94804833,56.195015,6.942863,1630.342,2500.1204
40.82303667,-73.891675,33.182713,3.4684572,1461.0773,1942.6816
40.83259333,-73.93136167,24.357187,1.5537288,793.47705,1027.2993
40.83463667,-73.92967333,22.77509,1.7144665,811.6682,1062.4799
40.82489667,-73.908085,43.89008,4.541506,1597.5863,2016.898
40.81839333,-73.95611833,50.71041,3.448636,1113.1024,1666.0873
40.76263,-73.968215,183.73172,39.133167,1667.5763,3090.4934
40.829785,-73.93088833,25.238157,1.2938762,786.3294,1124.9033
40.7619,-73.96700833,181.85223,39.458374,1723.4823,3146.8325
40.81083,-73.91734333,40.023415,3.9911273,1450.0376,1875.995
40.82111167,-73.88534,25.268185,1.7656423,1200.5812,1755.2692
40.82645,-73.95061333,38.19843,3.2928846,1089.3042,1694.2827
40.81158833,-73.92607,37.3713,2.661135,1181.3767,1622.0269
40.80337,-73.94233333,59.237576,6.772239,1610.8591,2282.3767
40.83911833,-73.92587,28.486153,2.8377705,1045.7966,1373.5197
40.808745,-73.947835,56.60412,7.0925274,1638.9967,2508.5725
40.82117667,-73.88607833,25.197838,2.0041912,1223.7573,1785.1807
40.81264667,-73.95296333,61.85586,5.6445627,1462.6222,2147.5212
40.81564,-73.95690833,57.86963,4.965472,1228.0725,1851.195
40.825845,-73.94897667,46.991898,4.0655494,1327.8522,2058.054
40.81370333,-73.94867167,57.745842,6.191768,1602.4377,2418.8528
40.82844833,-73.92735333,28.745243,1.7640376,865.7348,1316.7452
40.81333667,-73.92272167,45.969208,4.4537053,1533.4191,2129.429
40.83042667,-73.91376333,49.97575,5.2789063,1657.6609,2382.5586
40.84415667,-73.89739333,28.401552,3.152859,1197.6498,1618.4863
40.81791833,-73.95433833,58.348633,3.980225,1290.0608,1908.1215
40.821515,-73.91852333,50.55957,4.675064,1428.4963,2045.421
40.80163333,-73.94363333,59.998142,6.522383,1588.8654,2219.108
40.80132833,-73.943845,60.438305,6.454341,1583.9949,2204.6982
40.834315,-73.92837667,23.682865,2.0059533,854.7013,1110.1438
40.81921667,-73.91067833,44.14781,3.9404585,1501.7598,1823.6896
40.84013167,-73.92539667,30.111988,3.0420268,1076.0796,1420.1377
40.81359,-73.88531167,20.343353,1.4060895,1285.4922,2090.8286
40.82975667,-73.90783333,47.699116,4.5690665,1565.3389,2049.5566
40.815735,-73.89806167,32.3493,2.8853302,1425.6128,1978.2238
40.81234667,-73.95340167,62.808006,5.735782,1454.6519,2141.7239
40.82249167,-73.95271167,46.138317,3.4962447,1158.9867,1801.3198
40.814285,-73.89131167,25.495914,2.1722872,1392.7518,2162.8125
40.82158333,-73.918755,50.54091,4.70069,1427.6638,2047.5963
40.81678333,-73.93015333,34.82967,1.7229766,925.78784,1379.6888
40.823105,-73.89168,33.182713,3.4684572,1461.0773,1942.6816
40.83219333,-73.93154167,24.490116,1.4993495,790.8377,1030.017
40.76427,-73.97202167,166.1934,36.91354,1357.2307,2606.2053
40.84482833,-73.90945333,42.88768,5.0493236,1496.6394,2142.995
40.80729333,-73.92837833,24.434544,1.0503443,740.7413,966.8645
40.80452333,-73.92188333,26.814636,1.5679775,904.61456,1252.939
40.80339667,-73.93818667,47.27949,5.3840184,1383.6886,1901.7001
40.81888,-73.91659167,47.69893,4.643303,1474.0339,1930.5502
40.81246833,-73.94955167,58.124527,6.1134977,1588.4792,2375.1992
40.81404833,-73.94690333,58.02549,6.1669083,1615.9907,2418.3645
40.82136167,-73.92833,30.484768,1.1815103,803.056,1285.7736
40.80635667,-73.889095,10.775357,0.17454731,827.76654,1482.7856
40.82911,-73.90821167,48.09897,4.6557336,1574.0233,2050.3088
40.82586,-73.88949,28.964945,2.8451807,1394.7056,1890.0715
40.85877333,-73.93146,36.430218,1.9868752,1071.007,1593.912
40.81028333,-73.92198167,43.00772,3.9311383,1408.5072,1842.9813
40.79804167,-73.95286667,47.544903,3.9347937,1025.5007,1470.1133
40.80984,-73.92785833,27.937786,1.5853848,908.82587,1222.3285
40.80361167,-73.95214667,57.38406,6.1656327,1467.5708,2232.4832
40.76284333,-73.96785833,179.92459,38.001286,1662.8177,3067.7046
40.814625,-73.89142833,25.877707,2.2209487,1393.3228,2120.1353
40.81647667,-73.887725,24.031097,1.9622145,1337.694,2047.8716
40.83364,-73.89647333,28.84674,3.0174763,1339.2731,1532.9636
40.80329833,-73.94238167,59.237576,6.772239,1610.8591,2282.3767
40.83959167,-73.92559,29.917688,3.0903876,1092.8842,1446.2563
40.83264333,-73.931335,24.532448,1.5916532,798.1958,1027.8755
40.82449333,-73.91015167,42.85808,4.666368,1596.4984,2028.7136
40.82129,-73.92834,30.985807,1.1897073,815.1141,1295.787
40.81275833,-73.90656667,33.841606,2.3427346,1283.61,1712.4976
40.769775,-73.99008833,113.49918,16.491491,1455.8022,2695.103
40.82084,-73.9158,49.39059,5.111842,1530.1554,2099.9834
40.82761833,-73.94916167,41.51114,3.7789938,1201.5599,1868.8439
40.81524667,-73.95805167,55.536358,4.4973817,1153.4803,1709.9382
40.81829,-73.92945667,34.129356,1.4434204,896.9335,1412.8136
40.81127667,-73.909725,34.636578,2.900469,1309.4722,1771.7086
40.77451333,-73.95420833,104.5389,26.631481,1812.3625,3178.2131
40.80468333,-73.90828667,19.950663,1.3418682,997.43866,1568.0422
40.82680833,-73.94690333,47.66898,4.499476,1385.732,2100.3765
40.844145,-73.89735667,28.238544,3.180207,1195.4529,1607.3071
40.82030833,-73.92698667,33.77709,1.6180869,932.70703,1473.4111
40.839385,-73.91536,45.656837,5.0601335,1587.5818,2358.5352
40.842035,-73.92112333,40.19713,4.7148395,1423.9104,1978.9772
40.81553333,-73.95826667,53.902782,4.3701253,1115.5483,1652.6371
40.81315833,-73.88520667,19.885567,1.3188367,1282.5251,2091.0574
40.81298167,-73.94563,58.39068,6.3882265,1633.7726,2468.6794
40.815525,-73.93056167,37.177803,1.9249864,976.48883,1409.4374
40.803695,-73.91987833,26.47305,1.65,978.0982,1425.3422
40.80816,-73.90797167,26.549839,2.2613785,1220.5731,1814.073
40.85690667,-73.93263833,42.149265,2.455992,1219.7288,1809.7836
40.82208167,-73.92028833,49.746048,4.3033323,1391.8071,2028.4989
40.80601,-73.92541,26.603035,1.3990054,897.62445,1238.4269
40.810435,-73.92186333,44.23951,4.0508623,1433.2297,1902.3414
40.809095,-73.91836833,38.933006,3.5478396,1410.2592,1802.4652
40.82474667,-73.89153833,32.21874,3.4506168,1491.7906,1949.273
40.81019667,-73.90880333,31.773945,2.5813556,1281.9103,1777.008
40.83842,-73.916895,46.457626,5.2794785,1615.0906,2419.3716
40.809715,-73.90743667,28.66519,2.188898,1231.0415,1826.9852
40.81009,-73.927665,29.506847,1.6786122,941.5649,1274.9106
40.83448,-73.930355,22.466578,1.6750906,797.1236,1038.403
40.812825,-73.94932167,58.146637,6.2084856,1600.3713,2420.5767
40.80444333,-73.91893833,28.801344,2.0444562,1095.9309,1578.5483
40.80334667,-73.95302833,56.47083,6.357202,1398.435,2157.0264
40.82368333,-73.89173,33.436893,3.557441,1493.2622,1968.2372
40.82123,-73.88556,25.442762,1.8974241,1211.6306,1771.2
40.8046,-73.94143833,56.38019,6.7084026,1571.3549,2193.4375
40.81237667,-73.949585,57.743637,6.1383586,1585.2266,2354.2295
40.80978667,-73.92964,29.660341,1.5142053,877.6794,1169.1917
40.85893667,-73.93136667,36.430218,1.9868752,1071.007,1593.912
40.82996,-73.93151333,26.448997,1.3508254,820.7038,1164.994
40.819655,-73.89152167,30.623528,2.9904883,1376.6125,1897.7178
40.81330167,-73.88524333,20.098297,1.3607244,1286.3497,2085.346
40.85518833,-73.93694167,33.604748,2.216284,1007.19855,1524.6566
40.83255833,-73.89838167,33.70021,3.2247715,1400.2031,1587.4023
40.81559833,-73.91829333,44.365192,4.146479,1438.84,1888.4756
40.80924333,-73.91826167,38.838905,3.4364398,1412.8033,1803.7109
40.80470333,-73.91885167,29.723375,2.2366598,1132.9437,1625.3636
40.82197333,-73.92003167,49.655987,4.361633,1398.2281,2038.9528
40.815235,-73.95663333,59.069855,5.0707493,1257.795,1889.3867
40.85529333,-73.93583333,37.364853,2.680158,1117.1149,1692.606
40.803095,-73.93839333,48.43173,5.551757,1407.5098,1924.0173
40.8145,-73.918875,46.481613,4.5619836,1511.8566,2005.7896
40.81526667,-73.93057833,37.19761,1.933828,982.1597,1416.7615
40.80337333,-73.95308667,56.47083,6.357202,1398.435,2157.0264
40.814035,-73.955765,62.945946,5.5401835,1339.7697,2036.0521
40.82389167,-73.89176333,33.175125,3.5821788,1498.063,1968.28
40.80461833,-73.91887833,28.801344,2.0444562,1095.9309,1578.5483
40.83068,-73.91359833,49.81662,5.2774186,1660.2325,2391.2058
40.85740833,-73.93059667,38.740658,2.2334983,1139.7435,1697.5449
40.83454167,-73.93030167,22.704975,1.7023796,801.47943,1046.9512
40.83276167,-73.89810667,32.838493,3.1710005,1389.3145,1574.7218
40.857455,-73.93031667,38.888546,2.1874278,1130.163,1677.1996
40.80481167,-73.91867167,29.723375,2.2366598,1132.9437,1625.3636
40.77010667,-73.99117,96.4034,12.923539,1335.905,2457.9534
40.81252333,-73.95107667,59.53804,5.781263,1537.8704,2279.2195
40.83233667,-73.89868,34.567844,3.2987907,1407.319,1594.1119
40.80829667,-73.94681833,57.16036,6.6745105,1632.7932,2436.2075
40.81456,-73.91882667,46.011776,4.519526,1500.104,1987.7344
40.81517333,-73.91906333,46.026924,4.3470263,1475.4084,1947.4568
40.82887833,-73.908305,48.09897,4.6557336,1574.0233,2050.3088
40.85512833,-73.93696833,33.604748,2.216284,1007.19855,1524.6566
40.77016833,-73.99154333,91.42237,12.068887,1297.0967,2387.058
40.81960833,-73.913395,46.337032,4.8259664,1535.3947,1966.6344
40.81500833,-73.91942333,46.693623,4.402915,1503.0797,1984.08
40.85722,-73.93105167,39.64117,2.3361132,1167.1698,1736.861
40.85552167,-73.936775,32.558193,2.0570621,979.59326,1467.5226
40.81204167,-73.94990333,57.47924,6.063089,1572.5419,2335.7231
40.85583333,-73.93666333,31.72504,1.9334325,951.34467,1416.4015
40.828855,-73.90831667,48.305088,4.655811,1576.533,2043.6017
40.81432167,-73.89132167,25.495914,2.1722872,1392.7518,2162.8125
40.85713333,-73.93130333,39.78916,2.3702767,1172.3864,1742.4191
40.81675667,-73.89203333,29.47734,2.7914839,1391.0688,2074.278
40.80973833,-73.92792667,27.346691,1.5233256,905.7386,1227.17
40.80423333,-73.91932333,28.049257,1.9239467,1058.1138,1529.021
40.81467667,-73.91854833,45.396866,4.3690376,1477.2888,1950.1425
40.82145,-73.95812833,28.115536,1.5188555,662.8212,981.2055
40.81442,-73.95597,61.457012,5.38825,1316.1278,1970.9347
40.856415,-73.93626,32.632675,1.9985499,967.0808,1426.6503
40.77018333,-73.99162667,91.42237,12.068887,1297.0967,2387.058
40.82824,-73.9269,31.667538,1.9417776,914.7125,1411.5114
40.80425167,-73.92123667,26.792986,1.547622,927.09283,1295.8097
40.84107,-73.89917,26.828905,2.3819573,1082.149,1416.9498
40.82164667,-73.88878333,27.91725,2.4491239,1332.5793,1864.3818
40.82412667,-73.90921167,43.638016,4.4672856,1586.2476,1998.6298
40.80909833,-73.92884,27.238998,1.4153717,848.3342,1150.9478
40.82503167,-73.89103333,31.155575,3.3031943,1461.3695,1902.1221
40.818105,-73.91491,45.53172,4.8400927,1488.6866,1947.0435
40.80627833,-73.92616,25.394152,1.2948265,847.20856,1137.9875
40.80845833,-73.94718333,56.909054,6.9227085,1641.4971,2484.4336
40.81610667,-73.91743333,41.999065,3.9878135,1415.289,1821.9916
40.80555833,-73.91445333,30.94135,2.7355385,1319.834,1931.2124
40.817195,-73.91591667,46.09678,4.4354277,1470.8145,1884.3944
40.814215,-73.91909667,46.55921,4.6332917,1523.4989,2025.1001
40.81357667,-73.93051833,36.047447,1.8076836,976.3137,1366.0101
40.80937,-73.90755667,28.106888,2.1683424,1230.988,1836.0659
40.81619667,-73.91728,41.999065,3.9878135,1415.289,1821.9916
40.82432,-73.891795,32.837048,3.5539043,1506.7026,1967.6465
40.82969667,-73.93133,26.422419,1.3058646,811.13947,1151.3965
40.85721333,-73.93543667,33.28976,1.9398829,973.6482,1436.2899
40.82498333,-73.89111167,31.155575,3.3031943,1461.3695,1902.1221
40.81428833,-73.93073,36.90627,1.9129344,990.0507,1381.7113
40.82487,-73.89134,31.6867,3.3674114,1474.8931,1931.5508
40.818625,-73.89255833,30.949389,3.134057,1402.6544,1945.8147
40.857525,-73.93105667,39.12449,2.314606,1155.3262,1725.0957
40.80445,-73.91175833,26.20498,2.0311153,1154.3103,1753.4337
40.80843333,-73.94712167,56.909054,6.9227085,1641.4971,2484.4336
40.85603167,-73.933035,45.11607,2.9590144,1301.143,1947.2968
40.813145,-73.909155,35.90693,2.9028957,1332.4636,1717.4033
40.81104333,-73.92142333,46.83453,4.278683,1495.9666,2002.5984
40.81352833,-73.9304,35.55048,1.7232758,964.10754,1350.6161
40.80903667,-73.92879167,26.748667,1.4329135,846.62646,1147.403
40.80518333,-73.91342167,30.274492,2.4874153,1282.8385,1925.9275
40.812905,-73.92964667,34.642685,1.6835836,947.80237,1311.2703
40.80898833,-73.92874167,26.748667,1.4329135,846.62646,1147.403
40.81502667,-73.91809667,44.592274,4.185009,1458.2498,1916.9153
40.854865,-73.93569667,40.863052,3.2258184,1198.159,1832.311
40.81855,-73.89262167,30.949389,3.134057,1402.6544,1945.8147
40.81827167,-73.91469833,45.157864,4.8255773,1493.2272,1936.8615
40.81395,-73.93084667,36.708893,1.9164109,989.9465,1382.8699
40.85452333,-73.93458833,46.223793,3.6326356,1325.3472,2028.7856
40.80894167,-73.92854167,26.110144,1.377006,832.199,1119.4305
40.80492667,-73.912115,27.941133,2.3138096,1208.0133,1795.712
40.82198,-73.911665,43.66746,4.5921946,1532.8739,1951.9445
40.81380333,-73.91938833,46.6792,4.69016,1539.3313,2052.866
40.83317833,-73.93103333,24.387901,1.6550785,797.0764,1024.1989
40.85454167,-73.93464667,46.223793,3.6326356,1325.3472,2028.7856
40.81541333,-73.91722333,41.494568,3.9659274,1421.4573,1819.9954
40.80440167,-73.911645,26.20498,2.0311153,1154.3103,1753.4337
